Rank,Club,Country,Level,Elo,From,To
None,Albinoleffe,ITA,2,1456.48425293,2003-07-01,2003-08-13
None,Albinoleffe,ITA,2,1458.17272949,2003-08-14,2003-08-27
None,Albinoleffe,ITA,2,1459.93200684,2003-08-28,2003-09-11
None,Albinoleffe,ITA,2,1451.62927246,2003-09-12,2003-09-14
None,Albinoleffe,ITA,2,1449.50805664,2003-09-15,2003-09-16
None,Albinoleffe,ITA,2,1454.85949707,2003-09-17,2003-09-17
None,Albinoleffe,ITA,2,1462.1027832,2003-09-18,2003-09-20
None,Albinoleffe,ITA,2,1468.12854004,2003-09-21,2003-09-23
None,Albinoleffe,ITA,2,1466.22399902,2003-09-24,2003-09-24
None,Albinoleffe,ITA,2,1467.71838379,2003-09-25,2003-09-27
None,Albinoleffe,ITA,2,1479.8939209,2003-09-28,2003-09-30
None,Albinoleffe,ITA,2,1482.73974609,2003-10-01,2003-10-01
None,Albinoleffe,ITA,2,1481.19921875,2003-10-02,2003-10-04
None,Albinoleffe,ITA,2,1478.42687988,2003-10-05,2003-10-08
None,Albinoleffe,ITA,2,1473.08422852,2003-10-09,2003-10-12
None,Albinoleffe,ITA,2,1485.37097168,2003-10-13,2003-10-15
None,Albinoleffe,ITA,2,1471.89099121,2003-10-16,2003-10-18
None,Albinoleffe,ITA,2,1469.84655762,2003-10-19,2003-10-21
None,Albinoleffe,ITA,2,1464.76879883,2003-10-22,2003-10-22
None,Albinoleffe,ITA,2,1457.88269043,2003-10-23,2003-10-25
None,Albinoleffe,ITA,2,1449.42736816,2003-10-26,2003-11-02
None,Albinoleffe,ITA,2,1457.11291504,2003-11-03,2003-11-04
None,Albinoleffe,ITA,2,1451.50024414,2003-11-05,2003-11-05
None,Albinoleffe,ITA,2,1449.35876465,2003-11-06,2003-11-06
None,Albinoleffe,ITA,2,1451.65820312,2003-11-07,2003-11-09
None,Albinoleffe,ITA,2,1453.18127441,2003-11-10,2003-11-16
None,Albinoleffe,ITA,2,1469.53369141,2003-11-17,2003-11-20
None,Albinoleffe,ITA,2,1469.20349121,2003-11-21,2003-11-23
None,Albinoleffe,ITA,2,1462.02050781,2003-11-24,2003-11-25
None,Albinoleffe,ITA,2,1455.9855957,2003-11-26,2003-11-26
None,Albinoleffe,ITA,2,1457.7253418,2003-11-27,2003-11-27
None,Albinoleffe,ITA,2,1458.95166016,2003-11-28,2003-11-30
None,Albinoleffe,ITA,2,1447.07006836,2003-12-01,2003-12-02
None,Albinoleffe,ITA,2,1442.40673828,2003-12-03,2003-12-07
None,Albinoleffe,ITA,2,1439.31140137,2003-12-08,2003-12-09
None,Albinoleffe,ITA,2,1432.71618652,2003-12-10,2003-12-10
None,Albinoleffe,ITA,2,1435.20935059,2003-12-11,2003-12-14
None,Albinoleffe,ITA,2,1434.88818359,2003-12-15,2003-12-21
None,Albinoleffe,ITA,2,1438.0723877,2003-12-22,2004-01-06
None,Albinoleffe,ITA,2,1444.33251953,2004-01-07,2004-01-11
None,Albinoleffe,ITA,2,1439.10400391,2004-01-12,2004-01-18
None,Albinoleffe,ITA,2,1446.3572998,2004-01-19,2004-01-25
None,Albinoleffe,ITA,2,1438.21533203,2004-01-26,2004-02-01
None,Albinoleffe,ITA,2,1445.01989746,2004-02-02,2004-02-08
None,Albinoleffe,ITA,2,1450.27270508,2004-02-09,2004-02-13
None,Albinoleffe,ITA,2,1438.03491211,2004-02-14,2004-02-22
None,Albinoleffe,ITA,2,1432.67651367,2004-02-23,2004-02-24
None,Albinoleffe,ITA,2,1432.57910156,2004-02-25,2004-02-25
None,Albinoleffe,ITA,2,1431.13977051,2004-02-26,2004-02-26
None,Albinoleffe,ITA,2,1426.9901123,2004-02-27,2004-02-29
None,Albinoleffe,ITA,2,1436.10083008,2004-03-01,2004-03-03
None,Albinoleffe,ITA,2,1431.00671387,2004-03-04,2004-03-04
None,Albinoleffe,ITA,2,1425.2512207,2004-03-05,2004-03-07
None,Albinoleffe,ITA,2,1436.30273438,2004-03-08,2004-03-09
None,Albinoleffe,ITA,2,1432.87670898,2004-03-10,2004-03-10
None,Albinoleffe,ITA,2,1435.63146973,2004-03-11,2004-03-11
None,Albinoleffe,ITA,2,1432.40307617,2004-03-12,2004-03-12
None,Albinoleffe,ITA,2,1429.78295898,2004-03-13,2004-03-18
None,Albinoleffe,ITA,2,1424.52624512,2004-03-19,2004-03-22
None,Albinoleffe,ITA,2,1424.2869873,2004-03-23,2004-03-23
None,Albinoleffe,ITA,2,1428.6517334,2004-03-24,2004-03-25
None,Albinoleffe,ITA,2,1430.23535156,2004-03-26,2004-03-27
None,Albinoleffe,ITA,2,1426.3918457,2004-03-28,2004-04-03
None,Albinoleffe,ITA,2,1432.22692871,2004-04-04,2004-04-07
None,Albinoleffe,ITA,2,1423.95556641,2004-04-08,2004-04-08
None,Albinoleffe,ITA,2,1422.34313965,2004-04-09,2004-04-10
None,Albinoleffe,ITA,2,1427.50488281,2004-04-11,2004-04-14
None,Albinoleffe,ITA,2,1423.35925293,2004-04-15,2004-04-19
None,Albinoleffe,ITA,2,1419.89978027,2004-04-20,2004-04-24
None,Albinoleffe,ITA,2,1419.27868652,2004-04-25,2004-05-01
None,Albinoleffe,ITA,2,1436.23547363,2004-05-02,2004-05-08
None,Albinoleffe,ITA,2,1436.87536621,2004-05-09,2004-05-15
None,Albinoleffe,ITA,2,1430.54772949,2004-05-16,2004-05-22
None,Albinoleffe,ITA,2,1434.88366699,2004-05-23,2004-05-29
None,Albinoleffe,ITA,2,1427.53540039,2004-05-30,2004-06-05
None,Albinoleffe,ITA,2,1425.89709473,2004-06-06,2004-06-12
None,Albinoleffe,ITA,2,1429.69091797,2004-06-13,2004-08-10
None,Albinoleffe,ITA,2,1428.02368164,2004-08-11,2004-08-11
None,Albinoleffe,ITA,2,1428.92553711,2004-08-12,2004-08-24
None,Albinoleffe,ITA,2,1432.22888184,2004-08-25,2004-08-25
None,Albinoleffe,ITA,2,1434.49060059,2004-08-26,2004-09-11
None,Albinoleffe,ITA,2,1448.46362305,2004-09-12,2004-09-14
None,Albinoleffe,ITA,2,1452.9119873,2004-09-15,2004-09-15
None,Albinoleffe,ITA,2,1448.13098145,2004-09-16,2004-09-16
None,Albinoleffe,ITA,2,1444.80505371,2004-09-17,2004-09-18
None,Albinoleffe,ITA,2,1456.49560547,2004-09-19,2004-09-21
None,Albinoleffe,ITA,2,1467.62695312,2004-09-22,2004-09-25
None,Albinoleffe,ITA,2,1473.59240723,2004-09-26,2004-09-28
None,Albinoleffe,ITA,2,1472.35290527,2004-09-29,2004-09-29
None,Albinoleffe,ITA,2,1478.50671387,2004-09-30,2004-09-30
None,Albinoleffe,ITA,2,1478.15393066,2004-10-01,2004-10-02
None,Albinoleffe,ITA,2,1479.28808594,2004-10-03,2004-10-06
None,Albinoleffe,ITA,2,1474.41821289,2004-10-07,2004-10-11
None,Albinoleffe,ITA,2,1471.00354004,2004-10-12,2004-10-16
None,Albinoleffe,ITA,2,1460.49133301,2004-10-17,2004-10-19
None,Albinoleffe,ITA,2,1459.52270508,2004-10-20,2004-10-20
None,Albinoleffe,ITA,2,1471.13378906,2004-10-21,2004-10-21
None,Albinoleffe,ITA,2,1469.01757812,2004-10-22,2004-10-23
None,Albinoleffe,ITA,2,1482.03894043,2004-10-24,2004-10-30
None,Albinoleffe,ITA,2,1465.8079834,2004-10-31,2004-11-02
None,Albinoleffe,ITA,2,1463.96289062,2004-11-03,2004-11-03
None,Albinoleffe,ITA,2,1463.99230957,2004-11-04,2004-11-04
None,Albinoleffe,ITA,2,1462.59692383,2004-11-05,2004-11-07
None,Albinoleffe,ITA,2,1457.35241699,2004-11-08,2004-11-14
None,Albinoleffe,ITA,2,1458.85925293,2004-11-15,2004-11-21
None,Albinoleffe,ITA,2,1454.96643066,2004-11-22,2004-11-23
None,Albinoleffe,ITA,2,1453.79870605,2004-11-24,2004-11-24
None,Albinoleffe,ITA,2,1456.02380371,2004-11-25,2004-11-25
None,Albinoleffe,ITA,2,1451.37133789,2004-11-26,2004-11-28
None,Albinoleffe,ITA,2,1453.96740723,2004-11-29,2004-12-02
None,Albinoleffe,ITA,2,1452.82800293,2004-12-03,2004-12-05
None,Albinoleffe,ITA,2,1441.4095459,2004-12-06,2004-12-07
None,Albinoleffe,ITA,2,1442.62683105,2004-12-08,2004-12-08
None,Albinoleffe,ITA,2,1436.17041016,2004-12-09,2004-12-12
None,Albinoleffe,ITA,2,1430.67102051,2004-12-13,2004-12-16
None,Albinoleffe,ITA,2,1432.34008789,2004-12-17,2004-12-19
None,Albinoleffe,ITA,2,1445.44030762,2004-12-20,2005-01-06
None,Albinoleffe,ITA,2,1438.31140137,2005-01-07,2005-01-09
None,Albinoleffe,ITA,2,1446.29284668,2005-01-10,2005-01-16
None,Albinoleffe,ITA,2,1443.24365234,2005-01-17,2005-01-23
None,Albinoleffe,ITA,2,1447.3347168,2005-01-24,2005-01-30
None,Albinoleffe,ITA,2,1451.38293457,2005-01-31,2005-02-03
None,Albinoleffe,ITA,2,1461.22753906,2005-02-04,2005-02-06
None,Albinoleffe,ITA,2,1450.32446289,2005-02-07,2005-02-13
None,Albinoleffe,ITA,2,1439.71606445,2005-02-14,2005-02-16
None,Albinoleffe,ITA,2,1439.44482422,2005-02-17,2005-02-20
None,Albinoleffe,ITA,2,1447.30395508,2005-02-21,2005-02-22
None,Albinoleffe,ITA,2,1446.18383789,2005-02-23,2005-02-23
None,Albinoleffe,ITA,2,1450.99389648,2005-02-24,2005-02-24
None,Albinoleffe,ITA,2,1458.92529297,2005-02-25,2005-02-28
None,Albinoleffe,ITA,2,1459.26635742,2005-03-01,2005-03-06
None,Albinoleffe,ITA,2,1470.65307617,2005-03-07,2005-03-08
None,Albinoleffe,ITA,2,1472.7253418,2005-03-09,2005-03-09
None,Albinoleffe,ITA,2,1477.84790039,2005-03-10,2005-03-10
None,Albinoleffe,ITA,2,1479.20349121,2005-03-11,2005-03-15
None,Albinoleffe,ITA,2,1481.86877441,2005-03-16,2005-03-17
None,Albinoleffe,ITA,2,1483.71020508,2005-03-18,2005-03-26
None,Albinoleffe,ITA,2,1477.69396973,2005-03-27,2005-04-05
None,Albinoleffe,ITA,2,1476.52844238,2005-04-06,2005-04-07
None,Albinoleffe,ITA,2,1477.78112793,2005-04-08,2005-04-09
None,Albinoleffe,ITA,2,1473.60375977,2005-04-10,2005-04-13
None,Albinoleffe,ITA,2,1469.96801758,2005-04-14,2005-04-14
None,Albinoleffe,ITA,2,1471.04370117,2005-04-15,2005-04-16
None,Albinoleffe,ITA,2,1469.48339844,2005-04-17,2005-04-20
None,Albinoleffe,ITA,2,1474.43188477,2005-04-21,2005-04-23
None,Albinoleffe,ITA,2,1467.77404785,2005-04-24,2005-04-26
None,Albinoleffe,ITA,2,1470.67199707,2005-04-27,2005-04-28
None,Albinoleffe,ITA,2,1470.02209473,2005-04-29,2005-04-30
None,Albinoleffe,ITA,2,1476.66320801,2005-05-01,2005-05-04
None,Albinoleffe,ITA,2,1475.75415039,2005-05-05,2005-05-05
None,Albinoleffe,ITA,2,1470.98571777,2005-05-06,2005-05-09
None,Albinoleffe,ITA,2,1473.18225098,2005-05-10,2005-05-14
None,Albinoleffe,ITA,2,1482.76745605,2005-05-15,2005-05-21
None,Albinoleffe,ITA,2,1485.57910156,2005-05-22,2005-05-25
None,Albinoleffe,ITA,2,1484.68579102,2005-05-26,2005-05-28
None,Albinoleffe,ITA,2,1480.46008301,2005-05-29,2005-06-05
None,Albinoleffe,ITA,2,1473.82409668,2005-06-06,2005-06-11
None,Albinoleffe,ITA,2,1466.49206543,2005-06-12,2005-08-10
None,Albinoleffe,ITA,2,1472.1081543,2005-08-11,2005-08-23
None,Albinoleffe,ITA,2,1473.44665527,2005-08-24,2005-08-24
None,Albinoleffe,ITA,2,1473.23596191,2005-08-25,2005-09-04
None,Albinoleffe,ITA,2,1467.83874512,2005-09-05,2005-09-10
None,Albinoleffe,ITA,2,1464.33898926,2005-09-11,2005-09-13
None,Albinoleffe,ITA,2,1465.79406738,2005-09-14,2005-09-14
None,Albinoleffe,ITA,2,1466.39172363,2005-09-15,2005-09-15
None,Albinoleffe,ITA,2,1467.12548828,2005-09-16,2005-09-17
None,Albinoleffe,ITA,2,1469.65405273,2005-09-18,2005-09-20
None,Albinoleffe,ITA,2,1469.95178223,2005-09-21,2005-09-26
None,Albinoleffe,ITA,2,1464.10974121,2005-09-27,2005-09-27
None,Albinoleffe,ITA,2,1463.19970703,2005-09-28,2005-09-28
None,Albinoleffe,ITA,2,1462.93188477,2005-09-29,2005-09-29
None,Albinoleffe,ITA,2,1465.16699219,2005-09-30,2005-10-01
None,Albinoleffe,ITA,2,1467.23706055,2005-10-02,2005-10-04
None,Albinoleffe,ITA,2,1463.36169434,2005-10-05,2005-10-09
None,Albinoleffe,ITA,2,1458.72937012,2005-10-10,2005-10-15
None,Albinoleffe,ITA,2,1465.90209961,2005-10-16,2005-10-18
None,Albinoleffe,ITA,2,1462.83044434,2005-10-19,2005-10-19
None,Albinoleffe,ITA,2,1456.35095215,2005-10-20,2005-10-20
None,Albinoleffe,ITA,2,1460.13220215,2005-10-21,2005-10-22
None,Albinoleffe,ITA,2,1466.66186523,2005-10-23,2005-10-25
None,Albinoleffe,ITA,2,1470.83728027,2005-10-26,2005-10-29
None,Albinoleffe,ITA,2,1464.56335449,2005-10-30,2005-11-01
None,Albinoleffe,ITA,2,1463.09399414,2005-11-02,2005-11-02
None,Albinoleffe,ITA,2,1463.53845215,2005-11-03,2005-11-03
None,Albinoleffe,ITA,2,1460.63720703,2005-11-04,2005-11-05
None,Albinoleffe,ITA,2,1453.03076172,2005-11-06,2005-11-13
None,Albinoleffe,ITA,2,1435.73071289,2005-11-14,2005-11-18
None,Albinoleffe,ITA,2,1428.8939209,2005-11-19,2005-11-22
None,Albinoleffe,ITA,2,1432.42175293,2005-11-23,2005-11-23
None,Albinoleffe,ITA,2,1436.66821289,2005-11-24,2005-11-24
None,Albinoleffe,ITA,2,1438.19970703,2005-11-25,2005-11-26
None,Albinoleffe,ITA,2,1439.22741699,2005-11-27,2005-11-30
None,Albinoleffe,ITA,2,1438.17041016,2005-12-01,2005-12-01
None,Albinoleffe,ITA,2,1434.16125488,2005-12-02,2005-12-03
None,Albinoleffe,ITA,2,1430.31616211,2005-12-04,2005-12-06
None,Albinoleffe,ITA,2,1429.65612793,2005-12-07,2005-12-07
None,Albinoleffe,ITA,2,1428.45751953,2005-12-08,2005-12-10
None,Albinoleffe,ITA,2,1418.5222168,2005-12-11,2005-12-14
None,Albinoleffe,ITA,2,1420.8963623,2005-12-15,2005-12-15
None,Albinoleffe,ITA,2,1420.80493164,2005-12-16,2005-12-17
None,Albinoleffe,ITA,2,1412.62316895,2005-12-18,2005-12-20
None,Albinoleffe,ITA,2,1413.9173584,2005-12-21,2006-01-07
None,Albinoleffe,ITA,2,1409.31433105,2006-01-08,2006-01-13
None,Albinoleffe,ITA,2,1416.39453125,2006-01-14,2006-01-17
None,Albinoleffe,ITA,2,1418.22180176,2006-01-18,2006-01-21
None,Albinoleffe,ITA,2,1419.70166016,2006-01-22,2006-01-28
None,Albinoleffe,ITA,2,1418.03820801,2006-01-29,2006-02-04
None,Albinoleffe,ITA,2,1431.19396973,2006-02-05,2006-02-07
None,Albinoleffe,ITA,2,1430.54614258,2006-02-08,2006-02-11
None,Albinoleffe,ITA,2,1426.24499512,2006-02-12,2006-02-15
None,Albinoleffe,ITA,2,1434.02575684,2006-02-16,2006-02-16
None,Albinoleffe,ITA,2,1432.78564453,2006-02-17,2006-02-21
None,Albinoleffe,ITA,2,1433.97668457,2006-02-22,2006-02-22
None,Albinoleffe,ITA,2,1433.52111816,2006-02-23,2006-02-23
None,Albinoleffe,ITA,2,1436.76184082,2006-02-24,2006-02-27
None,Albinoleffe,ITA,2,1430.69921875,2006-02-28,2006-03-04
None,Albinoleffe,ITA,2,1424.65612793,2006-03-05,2006-03-07
None,Albinoleffe,ITA,2,1426.79064941,2006-03-08,2006-03-08
None,Albinoleffe,ITA,2,1430.97802734,2006-03-09,2006-03-09
None,Albinoleffe,ITA,2,1430.43212891,2006-03-10,2006-03-11
None,Albinoleffe,ITA,2,1441.921875,2006-03-12,2006-03-14
None,Albinoleffe,ITA,2,1442.6015625,2006-03-15,2006-03-15
None,Albinoleffe,ITA,2,1440.83959961,2006-03-16,2006-03-16
None,Albinoleffe,ITA,2,1433.0814209,2006-03-17,2006-03-18
None,Albinoleffe,ITA,2,1432.76586914,2006-03-19,2006-03-25
None,Albinoleffe,ITA,2,1443.84277344,2006-03-26,2006-03-28
None,Albinoleffe,ITA,2,1439.8984375,2006-03-29,2006-03-29
None,Albinoleffe,ITA,2,1441.1973877,2006-03-30,2006-04-01
None,Albinoleffe,ITA,2,1449.2701416,2006-04-02,2006-04-04
None,Albinoleffe,ITA,2,1449.5748291,2006-04-05,2006-04-05
None,Albinoleffe,ITA,2,1447.27490234,2006-04-06,2006-04-08
None,Albinoleffe,ITA,2,1451.79260254,2006-04-09,2006-04-18
None,Albinoleffe,ITA,2,1448.93762207,2006-04-19,2006-04-24
None,Albinoleffe,ITA,2,1459.24829102,2006-04-25,2006-04-26
None,Albinoleffe,ITA,2,1459.02478027,2006-04-27,2006-04-29
None,Albinoleffe,ITA,2,1451.31933594,2006-04-30,2006-05-06
None,Albinoleffe,ITA,2,1458.44287109,2006-05-07,2006-05-13
None,Albinoleffe,ITA,2,1460.9329834,2006-05-14,2006-05-21
None,Albinoleffe,ITA,2,1468.08825684,2006-05-22,2006-05-28
None,Albinoleffe,ITA,2,1464.25646973,2006-05-29,2006-08-09
None,Albinoleffe,ITA,2,1460.81738281,2006-08-10,2006-08-22
None,Albinoleffe,ITA,2,1461.25854492,2006-08-23,2006-08-23
None,Albinoleffe,ITA,2,1459.76672363,2006-08-24,2006-09-09
None,Albinoleffe,ITA,2,1454.50793457,2006-09-10,2006-09-12
None,Albinoleffe,ITA,2,1454.94763184,2006-09-13,2006-09-13
None,Albinoleffe,ITA,2,1455.42687988,2006-09-14,2006-09-14
None,Albinoleffe,ITA,2,1459.42211914,2006-09-15,2006-09-15
None,Albinoleffe,ITA,2,1460.16906738,2006-09-16,2006-09-19
None,Albinoleffe,ITA,2,1470.52355957,2006-09-20,2006-09-23
None,Albinoleffe,ITA,2,1469.35693359,2006-09-24,2006-09-26
None,Albinoleffe,ITA,2,1468.69775391,2006-09-27,2006-09-27
None,Albinoleffe,ITA,2,1462.38366699,2006-09-28,2006-09-28
None,Albinoleffe,ITA,2,1467.74865723,2006-09-29,2006-09-30
None,Albinoleffe,ITA,2,1472.19055176,2006-10-01,2006-10-08
None,Albinoleffe,ITA,2,1470.2175293,2006-10-09,2006-10-14
None,Albinoleffe,ITA,2,1472.76733398,2006-10-15,2006-10-17
None,Albinoleffe,ITA,2,1474.06066895,2006-10-18,2006-10-18
None,Albinoleffe,ITA,2,1477.51000977,2006-10-19,2006-10-19
None,Albinoleffe,ITA,2,1478.78015137,2006-10-20,2006-10-23
None,Albinoleffe,ITA,2,1488.87988281,2006-10-24,2006-10-28
None,Albinoleffe,ITA,2,1495.83813477,2006-10-29,2006-10-31
None,Albinoleffe,ITA,2,1495.67919922,2006-11-01,2006-11-01
None,Albinoleffe,ITA,2,1496.50708008,2006-11-02,2006-11-02
None,Albinoleffe,ITA,2,1492.69287109,2006-11-03,2006-11-04
None,Albinoleffe,ITA,2,1494.97924805,2006-11-05,2006-11-11
None,Albinoleffe,ITA,2,1493.80578613,2006-11-12,2006-11-18
None,Albinoleffe,ITA,2,1501.26879883,2006-11-19,2006-11-21
None,Albinoleffe,ITA,2,1497.43212891,2006-11-22,2006-11-22
None,Albinoleffe,ITA,2,1495.859375,2006-11-23,2006-11-23
None,Albinoleffe,ITA,2,1493.39331055,2006-11-24,2006-11-25
None,Albinoleffe,ITA,2,1496.1439209,2006-11-26,2006-11-29
None,Albinoleffe,ITA,2,1498.76550293,2006-11-30,2006-12-02
None,Albinoleffe,ITA,2,1496.8359375,2006-12-03,2006-12-05
None,Albinoleffe,ITA,2,1499.5534668,2006-12-06,2006-12-06
None,Albinoleffe,ITA,2,1493.72277832,2006-12-07,2006-12-09
None,Albinoleffe,ITA,2,1496.31872559,2006-12-10,2006-12-13
None,Albinoleffe,ITA,2,1496.05053711,2006-12-14,2006-12-14
None,Albinoleffe,ITA,2,1495.96716309,2006-12-15,2006-12-16
None,Albinoleffe,ITA,2,1503.5390625,2006-12-17,2006-12-19
None,Albinoleffe,ITA,2,1511.96142578,2006-12-20,2006-12-22
None,Albinoleffe,ITA,2,1506.18054199,2006-12-23,2007-01-13
None,Albinoleffe,ITA,2,1508.53063965,2007-01-14,2007-01-20
None,Albinoleffe,ITA,2,1505.55334473,2007-01-21,2007-01-27
None,Albinoleffe,ITA,2,1501.13378906,2007-01-28,2007-02-10
None,Albinoleffe,ITA,2,1519.5982666,2007-02-11,2007-02-14
None,Albinoleffe,ITA,2,1517.84265137,2007-02-15,2007-02-15
None,Albinoleffe,ITA,2,1516.39575195,2007-02-16,2007-02-17
None,Albinoleffe,ITA,2,1521.35131836,2007-02-18,2007-02-20
None,Albinoleffe,ITA,2,1521.35876465,2007-02-21,2007-02-21
None,Albinoleffe,ITA,2,1519.34326172,2007-02-22,2007-02-22
None,Albinoleffe,ITA,2,1515.35021973,2007-02-23,2007-02-24
None,Albinoleffe,ITA,2,1507.53540039,2007-02-25,2007-03-03
None,Albinoleffe,ITA,2,1496.68103027,2007-03-04,2007-03-06
None,Albinoleffe,ITA,2,1503.49755859,2007-03-07,2007-03-07
None,Albinoleffe,ITA,2,1505.03625488,2007-03-08,2007-03-10
None,Albinoleffe,ITA,2,1494.76721191,2007-03-11,2007-03-14
None,Albinoleffe,ITA,2,1500.17236328,2007-03-15,2007-03-17
None,Albinoleffe,ITA,2,1496.43249512,2007-03-18,2007-03-25
None,Albinoleffe,ITA,2,1494.70288086,2007-03-26,2007-03-30
None,Albinoleffe,ITA,2,1489.75720215,2007-03-31,2007-04-03
None,Albinoleffe,ITA,2,1487.86230469,2007-04-04,2007-04-04
None,Albinoleffe,ITA,2,1489.18615723,2007-04-05,2007-04-06
None,Albinoleffe,ITA,2,1497.71594238,2007-04-07,2007-04-10
None,Albinoleffe,ITA,2,1492.52539062,2007-04-11,2007-04-11
None,Albinoleffe,ITA,2,1499.00878906,2007-04-12,2007-04-14
None,Albinoleffe,ITA,2,1508.14233398,2007-04-15,2007-04-17
None,Albinoleffe,ITA,2,1505.96691895,2007-04-18,2007-04-23
None,Albinoleffe,ITA,2,1507.48352051,2007-04-24,2007-04-24
None,Albinoleffe,ITA,2,1507.32287598,2007-04-25,2007-04-28
None,Albinoleffe,ITA,2,1514.50024414,2007-04-29,2007-05-01
None,Albinoleffe,ITA,2,1509.90588379,2007-05-02,2007-05-02
None,Albinoleffe,ITA,2,1517.00463867,2007-05-03,2007-05-05
None,Albinoleffe,ITA,2,1506.88293457,2007-05-06,2007-05-12
None,Albinoleffe,ITA,2,1504.38415527,2007-05-13,2007-05-19
None,Albinoleffe,ITA,2,1511.00073242,2007-05-20,2007-05-23
None,Albinoleffe,ITA,2,1513.7755127,2007-05-24,2007-05-26
None,Albinoleffe,ITA,2,1502.19128418,2007-05-27,2007-06-03
None,Albinoleffe,ITA,2,1492.50280762,2007-06-04,2007-06-10
None,Albinoleffe,ITA,2,1477.21105957,2007-06-11,2007-08-14
None,Albinoleffe,ITA,2,1475.30249023,2007-08-15,2007-08-16
None,Albinoleffe,ITA,2,1475.10681152,2007-08-17,2007-08-25
None,Albinoleffe,ITA,2,1480.95703125,2007-08-26,2007-08-28
None,Albinoleffe,ITA,2,1485.64611816,2007-08-29,2007-08-30
None,Albinoleffe,ITA,2,1480.6763916,2007-08-31,2007-09-01
None,Albinoleffe,ITA,2,1482.79211426,2007-09-02,2007-09-09
None,Albinoleffe,ITA,2,1487.14331055,2007-09-10,2007-09-15
None,Albinoleffe,ITA,2,1498.89135742,2007-09-16,2007-09-18
None,Albinoleffe,ITA,2,1500.09655762,2007-09-19,2007-09-19
None,Albinoleffe,ITA,2,1497.79663086,2007-09-20,2007-09-20
None,Albinoleffe,ITA,2,1498.27209473,2007-09-21,2007-09-22
None,Albinoleffe,ITA,2,1509.23803711,2007-09-23,2007-09-25
None,Albinoleffe,ITA,2,1513.82751465,2007-09-26,2007-09-29
None,Albinoleffe,ITA,2,1523.42895508,2007-09-30,2007-10-02
None,Albinoleffe,ITA,2,1523.86865234,2007-10-03,2007-10-03
None,Albinoleffe,ITA,2,1521.18151855,2007-10-04,2007-10-04
None,Albinoleffe,ITA,2,1505.91174316,2007-10-05,2007-10-06
None,Albinoleffe,ITA,2,1499.13024902,2007-10-07,2007-10-14
None,Albinoleffe,ITA,2,1487.50720215,2007-10-15,2007-10-20
None,Albinoleffe,ITA,2,1486.34655762,2007-10-21,2007-10-23
None,Albinoleffe,ITA,2,1489.54699707,2007-10-24,2007-10-24
None,Albinoleffe,ITA,2,1489.97961426,2007-10-25,2007-10-25
None,Albinoleffe,ITA,2,1491.73498535,2007-10-26,2007-10-27
None,Albinoleffe,ITA,2,1501.8190918,2007-10-28,2007-10-30
None,Albinoleffe,ITA,2,1514.6907959,2007-10-31,2007-11-03
None,Albinoleffe,ITA,2,1523.19555664,2007-11-04,2007-11-06
None,Albinoleffe,ITA,2,1530.06347656,2007-11-07,2007-11-07
None,Albinoleffe,ITA,2,1531.06018066,2007-11-08,2007-11-08
None,Albinoleffe,ITA,2,1531.71948242,2007-11-09,2007-11-10
None,Albinoleffe,ITA,2,1542.86047363,2007-11-11,2007-11-24
None,Albinoleffe,ITA,2,1538.00488281,2007-11-25,2007-11-27
None,Albinoleffe,ITA,2,1542.49633789,2007-11-28,2007-11-28
None,Albinoleffe,ITA,2,1538.84423828,2007-11-29,2007-11-29
None,Albinoleffe,ITA,2,1538.55004883,2007-11-30,2007-12-04
None,Albinoleffe,ITA,2,1534.65661621,2007-12-05,2007-12-08
None,Albinoleffe,ITA,2,1541.9609375,2007-12-09,2007-12-11
None,Albinoleffe,ITA,2,1541.10339355,2007-12-12,2007-12-12
None,Albinoleffe,ITA,2,1543.10339355,2007-12-13,2007-12-15
None,Albinoleffe,ITA,2,1533.94958496,2007-12-16,2007-12-20
None,Albinoleffe,ITA,2,1534.5871582,2007-12-21,2007-12-22
None,Albinoleffe,ITA,2,1532.04992676,2007-12-23,2008-01-12
None,Albinoleffe,ITA,2,1534.40161133,2008-01-13,2008-01-19
None,Albinoleffe,ITA,2,1540.98425293,2008-01-20,2008-01-26
None,Albinoleffe,ITA,2,1551.41210938,2008-01-27,2008-02-02
None,Albinoleffe,ITA,2,1545.90307617,2008-02-03,2008-02-09
None,Albinoleffe,ITA,2,1544.43164062,2008-02-10,2008-02-12
None,Albinoleffe,ITA,2,1548.28564453,2008-02-13,2008-02-14
None,Albinoleffe,ITA,2,1549.12976074,2008-02-15,2008-02-16
None,Albinoleffe,ITA,2,1556.3314209,2008-02-17,2008-02-19
None,Albinoleffe,ITA,2,1553.50463867,2008-02-20,2008-02-20
None,Albinoleffe,ITA,2,1554.55871582,2008-02-21,2008-02-21
None,Albinoleffe,ITA,2,1554.97058105,2008-02-22,2008-02-23
None,Albinoleffe,ITA,2,1566.17236328,2008-02-24,2008-03-01
None,Albinoleffe,ITA,2,1573.92907715,2008-03-02,2008-03-04
None,Albinoleffe,ITA,2,1569.59985352,2008-03-05,2008-03-05
None,Albinoleffe,ITA,2,1575.65393066,2008-03-06,2008-03-06
None,Albinoleffe,ITA,2,1579.86169434,2008-03-07,2008-03-08
None,Albinoleffe,ITA,2,1583.57958984,2008-03-09,2008-03-11
None,Albinoleffe,ITA,2,1580.7208252,2008-03-12,2008-03-12
None,Albinoleffe,ITA,2,1577.46386719,2008-03-13,2008-03-15
None,Albinoleffe,ITA,2,1567.6105957,2008-03-16,2008-03-18
None,Albinoleffe,ITA,2,1561.03820801,2008-03-19,2008-03-21
None,Albinoleffe,ITA,2,1570.65515137,2008-03-22,2008-03-29
None,Albinoleffe,ITA,2,1558.26269531,2008-03-30,2008-04-01
None,Albinoleffe,ITA,2,1555.86999512,2008-04-02,2008-04-03
None,Albinoleffe,ITA,2,1558.88891602,2008-04-04,2008-04-05
None,Albinoleffe,ITA,2,1570.29968262,2008-04-06,2008-04-09
None,Albinoleffe,ITA,2,1569.91088867,2008-04-10,2008-04-10
None,Albinoleffe,ITA,2,1572.41247559,2008-04-11,2008-04-12
None,Albinoleffe,ITA,2,1562.14953613,2008-04-13,2008-04-19
None,Albinoleffe,ITA,2,1569.21984863,2008-04-20,2008-04-24
None,Albinoleffe,ITA,2,1569.58874512,2008-04-25,2008-04-26
None,Albinoleffe,ITA,2,1576.7869873,2008-04-27,2008-05-01
None,Albinoleffe,ITA,2,1575.68920898,2008-05-02,2008-05-03
None,Albinoleffe,ITA,2,1586.11303711,2008-05-04,2008-05-10
None,Albinoleffe,ITA,2,1566.99914551,2008-05-11,2008-05-17
None,Albinoleffe,ITA,2,1560.49645996,2008-05-18,2008-05-25
None,Albinoleffe,ITA,2,1539.2598877,2008-05-26,2008-06-01
None,Albinoleffe,ITA,2,1539.5994873,2008-06-02,2008-06-04
None,Albinoleffe,ITA,2,1534.71191406,2008-06-05,2008-06-08
None,Albinoleffe,ITA,2,1532.45080566,2008-06-09,2008-06-11
None,Albinoleffe,ITA,2,1526.70910645,2008-06-12,2008-06-15
None,Albinoleffe,ITA,2,1526.42211914,2008-06-16,2008-08-12
None,Albinoleffe,ITA,2,1528.10009766,2008-08-13,2008-08-13
None,Albinoleffe,ITA,2,1528.59997559,2008-08-14,2008-08-14
None,Albinoleffe,ITA,2,1528.77075195,2008-08-15,2008-08-26
None,Albinoleffe,ITA,2,1528.79321289,2008-08-27,2008-08-27
None,Albinoleffe,ITA,2,1528.95910645,2008-08-28,2008-08-28
None,Albinoleffe,ITA,2,1529.05053711,2008-08-29,2008-08-30
None,Albinoleffe,ITA,2,1541.09814453,2008-08-31,2008-09-13
None,Albinoleffe,ITA,2,1544.38964844,2008-09-14,2008-09-16
None,Albinoleffe,ITA,2,1548.47473145,2008-09-17,2008-09-17
None,Albinoleffe,ITA,2,1551.05578613,2008-09-18,2008-09-18
None,Albinoleffe,ITA,2,1557.54760742,2008-09-19,2008-09-20
None,Albinoleffe,ITA,2,1560.0859375,2008-09-21,2008-09-23
None,Albinoleffe,ITA,2,1551.67834473,2008-09-24,2008-09-27
None,Albinoleffe,ITA,2,1547.13085938,2008-09-28,2008-09-30
None,Albinoleffe,ITA,2,1542.51696777,2008-10-01,2008-10-01
None,Albinoleffe,ITA,2,1544.65075684,2008-10-02,2008-10-02
None,Albinoleffe,ITA,2,1535.40161133,2008-10-03,2008-10-04
None,Albinoleffe,ITA,2,1536.39770508,2008-10-05,2008-10-13
None,Albinoleffe,ITA,2,1532.52062988,2008-10-14,2008-10-18
None,Albinoleffe,ITA,2,1508.81262207,2008-10-19,2008-10-21
None,Albinoleffe,ITA,2,1508.92871094,2008-10-22,2008-10-22
None,Albinoleffe,ITA,2,1508.59094238,2008-10-23,2008-10-23
None,Albinoleffe,ITA,2,1516.19506836,2008-10-24,2008-10-24
None,Albinoleffe,ITA,2,1517.55187988,2008-10-25,2008-10-28
None,Albinoleffe,ITA,2,1525.48803711,2008-10-29,2008-11-01
None,Albinoleffe,ITA,2,1525.71594238,2008-11-02,2008-11-04
None,Albinoleffe,ITA,2,1528.97521973,2008-11-05,2008-11-05
None,Albinoleffe,ITA,2,1534.37927246,2008-11-06,2008-11-06
None,Albinoleffe,ITA,2,1537.66845703,2008-11-07,2008-11-08
None,Albinoleffe,ITA,2,1526.81628418,2008-11-09,2008-11-15
None,Albinoleffe,ITA,2,1526.57800293,2008-11-16,2008-11-22
None,Albinoleffe,ITA,2,1530.80383301,2008-11-23,2008-11-25
None,Albinoleffe,ITA,2,1527.03991699,2008-11-26,2008-11-26
None,Albinoleffe,ITA,2,1523.60546875,2008-11-27,2008-11-27
None,Albinoleffe,ITA,2,1522.13183594,2008-11-28,2008-11-29
None,Albinoleffe,ITA,2,1532.87634277,2008-11-30,2008-12-03
None,Albinoleffe,ITA,2,1529.67871094,2008-12-04,2008-12-06
None,Albinoleffe,ITA,2,1524.51477051,2008-12-07,2008-12-09
None,Albinoleffe,ITA,2,1522.97949219,2008-12-10,2008-12-10
None,Albinoleffe,ITA,2,1521.81335449,2008-12-11,2008-12-12
None,Albinoleffe,ITA,2,1517.72351074,2008-12-13,2008-12-17
None,Albinoleffe,ITA,2,1516.12939453,2008-12-18,2008-12-18
None,Albinoleffe,ITA,2,1515.39660645,2008-12-19,2008-12-20
None,Albinoleffe,ITA,2,1518.37597656,2008-12-21,2009-01-10
None,Albinoleffe,ITA,2,1509.39074707,2009-01-11,2009-01-17
None,Albinoleffe,ITA,2,1502.03356934,2009-01-18,2009-01-24
None,Albinoleffe,ITA,2,1506.02600098,2009-01-25,2009-01-31
None,Albinoleffe,ITA,2,1500.1932373,2009-02-01,2009-02-07
None,Albinoleffe,ITA,2,1498.89831543,2009-02-08,2009-02-14
None,Albinoleffe,ITA,2,1498.07434082,2009-02-15,2009-02-17
None,Albinoleffe,ITA,2,1504.31530762,2009-02-18,2009-02-18
None,Albinoleffe,ITA,2,1501.59399414,2009-02-19,2009-02-19
None,Albinoleffe,ITA,2,1498.3684082,2009-02-20,2009-02-21
None,Albinoleffe,ITA,2,1507.63476562,2009-02-22,2009-02-24
None,Albinoleffe,ITA,2,1506.04724121,2009-02-25,2009-02-25
None,Albinoleffe,ITA,2,1504.85986328,2009-02-26,2009-02-26
None,Albinoleffe,ITA,2,1496.59924316,2009-02-27,2009-03-02
None,Albinoleffe,ITA,2,1505.48522949,2009-03-03,2009-03-07
None,Albinoleffe,ITA,2,1494.87536621,2009-03-08,2009-03-10
None,Albinoleffe,ITA,2,1493.74987793,2009-03-11,2009-03-11
None,Albinoleffe,ITA,2,1493.00598145,2009-03-12,2009-03-12
None,Albinoleffe,ITA,2,1497.08691406,2009-03-13,2009-03-14
None,Albinoleffe,ITA,2,1513.49255371,2009-03-15,2009-03-17
None,Albinoleffe,ITA,2,1519.47412109,2009-03-18,2009-03-19
None,Albinoleffe,ITA,2,1519.8651123,2009-03-20,2009-03-21
None,Albinoleffe,ITA,2,1521.48083496,2009-03-22,2009-03-29
None,Albinoleffe,ITA,2,1526.80651855,2009-03-30,2009-04-03
None,Albinoleffe,ITA,2,1518.57788086,2009-04-04,2009-04-09
None,Albinoleffe,ITA,2,1516.39733887,2009-04-10,2009-04-16
None,Albinoleffe,ITA,2,1515.4119873,2009-04-17,2009-04-18
None,Albinoleffe,ITA,2,1502.45898438,2009-04-19,2009-04-21
None,Albinoleffe,ITA,2,1509.56567383,2009-04-22,2009-04-25
None,Albinoleffe,ITA,2,1494.72814941,2009-04-26,2009-05-02
None,Albinoleffe,ITA,2,1493.4888916,2009-05-03,2009-05-09
None,Albinoleffe,ITA,2,1483.02197266,2009-05-10,2009-05-16
None,Albinoleffe,ITA,2,1472.16442871,2009-05-17,2009-05-23
None,Albinoleffe,ITA,2,1484.29248047,2009-05-24,2009-05-30
None,Albinoleffe,ITA,2,1471.8972168,2009-05-31,2009-07-30
None,Albinoleffe,ITA,2,1472.49243164,2009-07-31,2009-08-06
None,Albinoleffe,ITA,2,1473.72717285,2009-08-07,2009-08-18
None,Albinoleffe,ITA,2,1475.19763184,2009-08-19,2009-08-20
None,Albinoleffe,ITA,2,1480.36889648,2009-08-21,2009-08-21
None,Albinoleffe,ITA,2,1477.12561035,2009-08-22,2009-08-26
None,Albinoleffe,ITA,2,1478.02148438,2009-08-27,2009-08-27
None,Albinoleffe,ITA,2,1479.14294434,2009-08-28,2009-08-29
None,Albinoleffe,ITA,2,1472.45349121,2009-08-30,2009-09-06
None,Albinoleffe,ITA,2,1456.49328613,2009-09-07,2009-09-12
None,Albinoleffe,ITA,2,1453.10705566,2009-09-13,2009-09-15
None,Albinoleffe,ITA,2,1455.31994629,2009-09-16,2009-09-16
None,Albinoleffe,ITA,2,1453.81591797,2009-09-17,2009-09-17
None,Albinoleffe,ITA,2,1444.82287598,2009-09-18,2009-09-19
None,Albinoleffe,ITA,2,1435.29296875,2009-09-20,2009-09-22
None,Albinoleffe,ITA,2,1446.11645508,2009-09-23,2009-09-26
None,Albinoleffe,ITA,2,1442.22009277,2009-09-27,2009-09-29
None,Albinoleffe,ITA,2,1446.23327637,2009-09-30,2009-09-30
None,Albinoleffe,ITA,2,1441.95507812,2009-10-01,2009-10-01
None,Albinoleffe,ITA,2,1445.50500488,2009-10-02,2009-10-03
None,Albinoleffe,ITA,2,1455.61743164,2009-10-04,2009-10-11
None,Albinoleffe,ITA,2,1453.50720215,2009-10-12,2009-10-19
None,Albinoleffe,ITA,2,1451.95129395,2009-10-20,2009-10-20
None,Albinoleffe,ITA,2,1451.81506348,2009-10-21,2009-10-21
None,Albinoleffe,ITA,2,1456.52929688,2009-10-22,2009-10-22
None,Albinoleffe,ITA,2,1456.14550781,2009-10-23,2009-10-24
None,Albinoleffe,ITA,2,1447.9564209,2009-10-25,2009-10-31
None,Albinoleffe,ITA,2,1455.23376465,2009-11-01,2009-11-03
None,Albinoleffe,ITA,2,1456.40515137,2009-11-04,2009-11-04
None,Albinoleffe,ITA,2,1459.94714355,2009-11-05,2009-11-05
None,Albinoleffe,ITA,2,1461.73022461,2009-11-06,2009-11-07
None,Albinoleffe,ITA,2,1464.15319824,2009-11-08,2009-11-21
None,Albinoleffe,ITA,2,1446.96350098,2009-11-22,2009-11-24
None,Albinoleffe,ITA,2,1447.10644531,2009-11-25,2009-11-25
None,Albinoleffe,ITA,2,1442.84484863,2009-11-26,2009-11-28
None,Albinoleffe,ITA,2,1445.95166016,2009-11-29,2009-12-02
None,Albinoleffe,ITA,2,1442.58508301,2009-12-03,2009-12-03
None,Albinoleffe,ITA,2,1443.4119873,2009-12-04,2009-12-04
None,Albinoleffe,ITA,2,1434.01928711,2009-12-05,2009-12-08
None,Albinoleffe,ITA,2,1429.81628418,2009-12-09,2009-12-09
None,Albinoleffe,ITA,2,1435.31152344,2009-12-10,2009-12-12
None,Albinoleffe,ITA,2,1436.21569824,2009-12-13,2009-12-16
None,Albinoleffe,ITA,2,1437.8425293,2009-12-17,2009-12-17
None,Albinoleffe,ITA,2,1430.75402832,2009-12-18,2009-12-19
None,Albinoleffe,ITA,2,1442.81848145,2009-12-20,2010-01-05
None,Albinoleffe,ITA,2,1456.48669434,2010-01-06,2010-01-09
None,Albinoleffe,ITA,2,1466.4173584,2010-01-10,2010-01-16
None,Albinoleffe,ITA,2,1476.64025879,2010-01-17,2010-01-23
None,Albinoleffe,ITA,2,1484.66381836,2010-01-24,2010-02-06
None,Albinoleffe,ITA,2,1478.21862793,2010-02-07,2010-02-13
None,Albinoleffe,ITA,2,1468.93579102,2010-02-14,2010-02-16
None,Albinoleffe,ITA,2,1467.03283691,2010-02-17,2010-02-17
None,Albinoleffe,ITA,2,1466.6517334,2010-02-18,2010-02-18
None,Albinoleffe,ITA,2,1467.73864746,2010-02-19,2010-02-20
None,Albinoleffe,ITA,2,1461.15563965,2010-02-21,2010-02-24
None,Albinoleffe,ITA,2,1462.80908203,2010-02-25,2010-02-25
None,Albinoleffe,ITA,2,1456.21276855,2010-02-26,2010-02-27
None,Albinoleffe,ITA,2,1462.08032227,2010-02-28,2010-03-06
None,Albinoleffe,ITA,2,1479.40026855,2010-03-07,2010-03-09
None,Albinoleffe,ITA,2,1478.77966309,2010-03-10,2010-03-10
None,Albinoleffe,ITA,2,1476.48864746,2010-03-11,2010-03-11
None,Albinoleffe,ITA,2,1479.69348145,2010-03-12,2010-03-15
None,Albinoleffe,ITA,2,1459.94360352,2010-03-16,2010-03-16
None,Albinoleffe,ITA,2,1464.6151123,2010-03-17,2010-03-18
None,Albinoleffe,ITA,2,1457.4473877,2010-03-19,2010-03-20
None,Albinoleffe,ITA,2,1459.96081543,2010-03-21,2010-03-23
None,Albinoleffe,ITA,2,1463.18859863,2010-03-24,2010-03-27
None,Albinoleffe,ITA,2,1462.15710449,2010-03-28,2010-03-31
None,Albinoleffe,ITA,2,1463.09899902,2010-04-01,2010-04-02
None,Albinoleffe,ITA,2,1478.97265625,2010-04-03,2010-04-06
None,Albinoleffe,ITA,2,1480.50170898,2010-04-07,2010-04-10
None,Albinoleffe,ITA,2,1470.06604004,2010-04-11,2010-04-13
None,Albinoleffe,ITA,2,1468.20336914,2010-04-14,2010-04-17
None,Albinoleffe,ITA,2,1469.59838867,2010-04-18,2010-04-20
None,Albinoleffe,ITA,2,1473.89147949,2010-04-21,2010-04-24
None,Albinoleffe,ITA,2,1481.69616699,2010-04-25,2010-04-28
None,Albinoleffe,ITA,2,1482.85070801,2010-04-29,2010-05-01
None,Albinoleffe,ITA,2,1478.83679199,2010-05-02,2010-05-10
None,Albinoleffe,ITA,2,1481.94775391,2010-05-11,2010-05-15
None,Albinoleffe,ITA,2,1496.29614258,2010-05-16,2010-05-22
None,Albinoleffe,ITA,2,1500.03662109,2010-05-23,2010-05-23
None,Albinoleffe,ITA,2,1487.92504883,2010-05-24,2010-05-30
None,Albinoleffe,ITA,2,1478.92333984,2010-05-31,2010-07-29
None,Albinoleffe,ITA,2,1479.0177002,2010-07-30,2010-08-05
None,Albinoleffe,ITA,2,1479.03979492,2010-08-06,2010-08-18
None,Albinoleffe,ITA,2,1476.7442627,2010-08-19,2010-08-19
None,Albinoleffe,ITA,2,1478.89257812,2010-08-20,2010-08-22
None,Albinoleffe,ITA,2,1479.86584473,2010-08-23,2010-08-24
None,Albinoleffe,ITA,2,1479.69262695,2010-08-25,2010-08-26
None,Albinoleffe,ITA,2,1481.16247559,2010-08-27,2010-08-28
None,Albinoleffe,ITA,2,1465.45153809,2010-08-29,2010-09-05
None,Albinoleffe,ITA,2,1456.84289551,2010-09-06,2010-09-11
None,Albinoleffe,ITA,2,1464.78479004,2010-09-12,2010-09-14
None,Albinoleffe,ITA,2,1463.45996094,2010-09-15,2010-09-15
None,Albinoleffe,ITA,2,1463.94433594,2010-09-16,2010-09-16
None,Albinoleffe,ITA,2,1456.77758789,2010-09-17,2010-09-18
None,Albinoleffe,ITA,2,1455.09204102,2010-09-19,2010-09-25
None,Albinoleffe,ITA,2,1445.68847656,2010-09-26,2010-09-28
None,Albinoleffe,ITA,2,1446.89367676,2010-09-29,2010-09-29
None,Albinoleffe,ITA,2,1449.15112305,2010-09-30,2010-09-30
None,Albinoleffe,ITA,2,1450.45385742,2010-10-01,2010-10-02
None,Albinoleffe,ITA,2,1439.76062012,2010-10-03,2010-10-10
None,Albinoleffe,ITA,2,1441.8425293,2010-10-11,2010-10-13
None,Albinoleffe,ITA,2,1447.34484863,2010-10-14,2010-10-16
None,Albinoleffe,ITA,2,1441.58288574,2010-10-17,2010-10-19
None,Albinoleffe,ITA,2,1433.86376953,2010-10-20,2010-10-20
None,Albinoleffe,ITA,2,1435.07971191,2010-10-21,2010-10-21
None,Albinoleffe,ITA,2,1426.23608398,2010-10-22,2010-10-23
None,Albinoleffe,ITA,2,1431.18518066,2010-10-24,2010-10-30
None,Albinoleffe,ITA,2,1422.80810547,2010-10-31,2010-11-02
None,Albinoleffe,ITA,2,1418.78759766,2010-11-03,2010-11-03
None,Albinoleffe,ITA,2,1422.47644043,2010-11-04,2010-11-04
None,Albinoleffe,ITA,2,1415.79907227,2010-11-05,2010-11-06
None,Albinoleffe,ITA,2,1426.06689453,2010-11-07,2010-11-09
None,Albinoleffe,ITA,2,1421.5378418,2010-11-10,2010-11-13
None,Albinoleffe,ITA,2,1407.85449219,2010-11-14,2010-11-20
None,Albinoleffe,ITA,2,1410.51708984,2010-11-21,2010-11-23
None,Albinoleffe,ITA,2,1417.38293457,2010-11-24,2010-11-24
None,Albinoleffe,ITA,2,1418.34667969,2010-11-25,2010-12-01
None,Albinoleffe,ITA,2,1413.8223877,2010-12-02,2010-12-02
None,Albinoleffe,ITA,2,1411.64978027,2010-12-03,2010-12-04
None,Albinoleffe,ITA,2,1422.84082031,2010-12-05,2010-12-07
None,Albinoleffe,ITA,2,1418.16491699,2010-12-08,2010-12-08
None,Albinoleffe,ITA,2,1422.57788086,2010-12-09,2010-12-11
None,Albinoleffe,ITA,2,1417.86584473,2010-12-12,2010-12-15
None,Albinoleffe,ITA,2,1419.59655762,2010-12-16,2010-12-16
None,Albinoleffe,ITA,2,1413.68164062,2010-12-17,2010-12-20
None,Albinoleffe,ITA,2,1410.83300781,2010-12-21,2011-01-08
None,Albinoleffe,ITA,2,1407.68786621,2011-01-09,2011-01-15
None,Albinoleffe,ITA,2,1404.27294922,2011-01-16,2011-01-21
None,Albinoleffe,ITA,2,1416.91113281,2011-01-22,2011-01-29
None,Albinoleffe,ITA,2,1414.16369629,2011-01-30,2011-02-05
None,Albinoleffe,ITA,2,1405.77783203,2011-02-06,2011-02-12
None,Albinoleffe,ITA,2,1416.265625,2011-02-13,2011-02-15
None,Albinoleffe,ITA,2,1413.83898926,2011-02-16,2011-02-16
None,Albinoleffe,ITA,2,1411.60986328,2011-02-17,2011-02-17
None,Albinoleffe,ITA,2,1411.22814941,2011-02-18,2011-02-19
None,Albinoleffe,ITA,2,1417.43701172,2011-02-20,2011-02-23
None,Albinoleffe,ITA,2,1415.1998291,2011-02-24,2011-02-24
None,Albinoleffe,ITA,2,1412.70068359,2011-02-25,2011-02-26
None,Albinoleffe,ITA,2,1403.87121582,2011-02-27,2011-03-01
None,Albinoleffe,ITA,2,1401.08532715,2011-03-02,2011-03-05
None,Albinoleffe,ITA,2,1393.66186523,2011-03-06,2011-03-08
None,Albinoleffe,ITA,2,1391.92749023,2011-03-09,2011-03-09
None,Albinoleffe,ITA,2,1391.49487305,2011-03-10,2011-03-12
None,Albinoleffe,ITA,2,1389.82727051,2011-03-13,2011-03-15
None,Albinoleffe,ITA,2,1395.20629883,2011-03-16,2011-03-19
None,Albinoleffe,ITA,2,1387.93981934,2011-03-20,2011-03-27
None,Albinoleffe,ITA,2,1399.27416992,2011-03-28,2011-04-02
None,Albinoleffe,ITA,2,1393.95788574,2011-04-03,2011-04-05
None,Albinoleffe,ITA,2,1387.12426758,2011-04-06,2011-04-09
None,Albinoleffe,ITA,2,1378.68103027,2011-04-10,2011-04-13
None,Albinoleffe,ITA,2,1377.80957031,2011-04-14,2011-04-16
None,Albinoleffe,ITA,2,1400.47741699,2011-04-17,2011-04-22
None,Albinoleffe,ITA,2,1398.41455078,2011-04-23,2011-05-07
None,Albinoleffe,ITA,2,1390.36938477,2011-05-08,2011-05-11
None,Albinoleffe,ITA,2,1377.98632812,2011-05-12,2011-05-16
None,Albinoleffe,ITA,2,1372.37207031,2011-05-17,2011-05-21
None,Albinoleffe,ITA,2,1386.67236328,2011-05-22,2011-05-29
None,Albinoleffe,ITA,2,1396.95825195,2011-05-30,2011-07-28
None,Albinoleffe,ITA,2,1394.69592285,2011-07-29,2011-08-04
None,Albinoleffe,ITA,2,1392.91772461,2011-08-05,2011-08-16
None,Albinoleffe,ITA,2,1392.36962891,2011-08-17,2011-08-18
None,Albinoleffe,ITA,2,1391.34887695,2011-08-19,2011-08-24
None,Albinoleffe,ITA,2,1389.43151855,2011-08-25,2011-08-25
None,Albinoleffe,ITA,2,1383.49182129,2011-08-26,2011-08-27
None,Albinoleffe,ITA,2,1378.02246094,2011-08-28,2011-08-30
None,Albinoleffe,ITA,2,1376.73217773,2011-08-31,2011-09-04
None,Albinoleffe,ITA,2,1389.17333984,2011-09-05,2011-09-10
None,Albinoleffe,ITA,2,1395.74243164,2011-09-11,2011-09-13
None,Albinoleffe,ITA,2,1398.56005859,2011-09-14,2011-09-14
None,Albinoleffe,ITA,2,1396.15844727,2011-09-15,2011-09-15
None,Albinoleffe,ITA,2,1396.05529785,2011-09-16,2011-09-17
None,Albinoleffe,ITA,2,1390.08996582,2011-09-18,2011-09-24
None,Albinoleffe,ITA,2,1381.45397949,2011-09-25,2011-09-27
None,Albinoleffe,ITA,2,1388.63818359,2011-09-28,2011-09-28
None,Albinoleffe,ITA,2,1389.63134766,2011-09-29,2011-09-29
None,Albinoleffe,ITA,2,1387.40759277,2011-09-30,2011-10-01
None,Albinoleffe,ITA,2,1378.02697754,2011-10-02,2011-10-05
None,Albinoleffe,ITA,2,1387.41809082,2011-10-06,2011-10-09
None,Albinoleffe,ITA,2,1370.97937012,2011-10-10,2011-10-15
None,Albinoleffe,ITA,2,1366.21435547,2011-10-16,2011-10-18
None,Albinoleffe,ITA,2,1371.43481445,2011-10-19,2011-10-19
None,Albinoleffe,ITA,2,1372.26037598,2011-10-20,2011-10-20
None,Albinoleffe,ITA,2,1375.21264648,2011-10-21,2011-10-22
None,Albinoleffe,ITA,2,1362.21838379,2011-10-23,2011-10-29
None,Albinoleffe,ITA,2,1355.69970703,2011-10-30,2011-11-01
None,Albinoleffe,ITA,2,1360.74975586,2011-11-02,2011-11-02
None,Albinoleffe,ITA,2,1362.24926758,2011-11-03,2011-11-03
None,Albinoleffe,ITA,2,1359.66552734,2011-11-04,2011-11-05
None,Albinoleffe,ITA,2,1362.74145508,2011-11-06,2011-11-13
None,Albinoleffe,ITA,2,1364.70092773,2011-11-14,2011-11-21
None,Albinoleffe,ITA,2,1366.60107422,2011-11-22,2011-11-22
None,Albinoleffe,ITA,2,1370.31213379,2011-11-23,2011-11-23
None,Albinoleffe,ITA,2,1368.94641113,2011-11-24,2011-11-26
None,Albinoleffe,ITA,2,1384.99743652,2011-11-27,2011-11-30
None,Albinoleffe,ITA,2,1385.47912598,2011-12-01,2011-12-01
None,Albinoleffe,ITA,2,1384.68212891,2011-12-02,2011-12-03
None,Albinoleffe,ITA,2,1381.4317627,2011-12-04,2011-12-06
None,Albinoleffe,ITA,2,1380.14257812,2011-12-07,2011-12-07
None,Albinoleffe,ITA,2,1381.23010254,2011-12-08,2011-12-10
None,Albinoleffe,ITA,2,1375.53771973,2011-12-11,2011-12-14
None,Albinoleffe,ITA,2,1378.49987793,2011-12-15,2011-12-15
None,Albinoleffe,ITA,2,1376.40966797,2011-12-16,2011-12-17
None,Albinoleffe,ITA,2,1373.35876465,2011-12-18,2012-01-06
None,Albinoleffe,ITA,2,1378.32275391,2012-01-07,2012-01-14
None,Albinoleffe,ITA,2,1377.77416992,2012-01-15,2012-01-21
None,Albinoleffe,ITA,2,1371.48400879,2012-01-22,2012-01-28
None,Albinoleffe,ITA,2,1361.22021484,2012-01-29,2012-02-04
None,Albinoleffe,ITA,2,1354.48864746,2012-02-05,2012-02-11
None,Albinoleffe,ITA,2,1350.9296875,2012-02-12,2012-02-15
None,Albinoleffe,ITA,2,1357.66918945,2012-02-16,2012-02-16
None,Albinoleffe,ITA,2,1352.66333008,2012-02-17,2012-02-18
None,Albinoleffe,ITA,2,1354.74926758,2012-02-19,2012-02-21
None,Albinoleffe,ITA,2,1361.35424805,2012-02-22,2012-02-22
None,Albinoleffe,ITA,2,1360.20300293,2012-02-23,2012-02-23
None,Albinoleffe,ITA,2,1365.30773926,2012-02-24,2012-03-03
None,Albinoleffe,ITA,2,1361.58654785,2012-03-04,2012-03-06
None,Albinoleffe,ITA,2,1358.66040039,2012-03-07,2012-03-08
None,Albinoleffe,ITA,2,1354.75402832,2012-03-09,2012-03-10
None,Albinoleffe,ITA,2,1345.24279785,2012-03-11,2012-03-13
None,Albinoleffe,ITA,2,1344.40441895,2012-03-14,2012-03-14
None,Albinoleffe,ITA,2,1337.80981445,2012-03-15,2012-03-15
None,Albinoleffe,ITA,2,1337.74365234,2012-03-16,2012-03-17
None,Albinoleffe,ITA,2,1332.04516602,2012-03-18,2012-03-24
None,Albinoleffe,ITA,2,1322.53234863,2012-03-25,2012-03-28
None,Albinoleffe,ITA,2,1322.90795898,2012-03-29,2012-03-31
None,Albinoleffe,ITA,2,1313.79675293,2012-04-01,2012-04-03
None,Albinoleffe,ITA,2,1312.41723633,2012-04-04,2012-04-06
None,Albinoleffe,ITA,2,1307.71972656,2012-04-07,2012-04-21
None,Albinoleffe,ITA,2,1301.19604492,2012-04-22,2012-04-28
None,Albinoleffe,ITA,2,1297.8873291,2012-04-29,2012-05-01
None,Albinoleffe,ITA,2,1290.02270508,2012-05-02,2012-05-05
None,Albinoleffe,ITA,2,1284.18688965,2012-05-06,2012-05-08
None,Albinoleffe,ITA,2,1274.12329102,2012-05-09,2012-05-14
None,Albinoleffe,ITA,2,1277.4810791,2012-05-15,2012-05-20
None,Albinoleffe,ITA,2,1287.67541504,2012-05-21,2012-05-26
None,Albinoleffe,ITA,2,1292.31933594,2012-05-27,2012-07-01


