Rank,Club,Country,Level,Elo,From,To
None,Bournemouth,ENG,2,1428.95483398,1987-07-01,1987-08-15
None,Bournemouth,ENG,2,1441.60913086,1987-08-16,1987-08-22
None,Bournemouth,ENG,2,1451.54882812,1987-08-23,1987-08-29
None,Bournemouth,ENG,2,1455.96801758,1987-08-30,1987-08-31
None,Bournemouth,ENG,2,1446.30102539,1987-09-01,1987-09-05
None,Bournemouth,ENG,2,1441.97119141,1987-09-06,1987-09-12
None,Bournemouth,ENG,2,1452.88574219,1987-09-13,1987-09-15
None,Bournemouth,ENG,2,1442.34680176,1987-09-16,1987-09-19
None,Bournemouth,ENG,2,1433.62158203,1987-09-20,1987-09-26
None,Bournemouth,ENG,2,1427.28088379,1987-09-27,1987-09-29
None,Bournemouth,ENG,2,1425.62402344,1987-09-30,1987-10-03
None,Bournemouth,ENG,2,1421.64013672,1987-10-04,1987-10-10
None,Bournemouth,ENG,2,1420.07287598,1987-10-11,1987-10-17
None,Bournemouth,ENG,2,1426.85534668,1987-10-18,1987-10-20
None,Bournemouth,ENG,2,1436.3269043,1987-10-21,1987-10-24
None,Bournemouth,ENG,2,1432.35681152,1987-10-25,1987-10-31
None,Bournemouth,ENG,2,1433.47521973,1987-11-01,1987-11-03
None,Bournemouth,ENG,2,1445.44177246,1987-11-04,1987-11-07
None,Bournemouth,ENG,2,1437.22521973,1987-11-08,1987-11-21
None,Bournemouth,ENG,2,1421.08972168,1987-11-22,1987-11-28
None,Bournemouth,ENG,2,1414.62011719,1987-11-29,1987-12-01
None,Bournemouth,ENG,2,1406.90478516,1987-12-02,1987-12-05
None,Bournemouth,ENG,2,1405.59155273,1987-12-06,1987-12-12
None,Bournemouth,ENG,2,1401.6027832,1987-12-13,1987-12-19
None,Bournemouth,ENG,2,1403.05993652,1987-12-20,1987-12-26
None,Bournemouth,ENG,2,1416.47912598,1987-12-27,1987-12-28
None,Bournemouth,ENG,2,1422.69934082,1987-12-29,1988-01-01
None,Bournemouth,ENG,2,1432.12670898,1988-01-02,1988-01-16
None,Bournemouth,ENG,2,1421.66955566,1988-01-17,1988-02-06
None,Bournemouth,ENG,2,1439.13842773,1988-02-07,1988-02-13
None,Bournemouth,ENG,2,1434.2623291,1988-02-14,1988-02-27
None,Bournemouth,ENG,2,1434.20214844,1988-02-28,1988-03-05
None,Bournemouth,ENG,2,1429.58081055,1988-03-06,1988-03-08
None,Bournemouth,ENG,2,1425.27624512,1988-03-09,1988-03-12
None,Bournemouth,ENG,2,1421.27832031,1988-03-13,1988-03-19
None,Bournemouth,ENG,2,1434.07678223,1988-03-20,1988-03-26
None,Bournemouth,ENG,2,1435.39001465,1988-03-27,1988-04-02
None,Bournemouth,ENG,2,1429.23718262,1988-04-03,1988-04-08
None,Bournemouth,ENG,2,1424.0645752,1988-04-09,1988-04-13
None,Bournemouth,ENG,2,1426.72033691,1988-04-14,1988-04-19
None,Bournemouth,ENG,2,1420.04309082,1988-04-20,1988-04-26
None,Bournemouth,ENG,2,1431.91088867,1988-04-27,1988-04-30
None,Bournemouth,ENG,2,1440.07592773,1988-05-01,1988-05-02
None,Bournemouth,ENG,2,1449.97692871,1988-05-03,1988-05-07
None,Bournemouth,ENG,2,1445.18017578,1988-05-08,1988-08-27
None,Bournemouth,ENG,2,1447.23242188,1988-08-28,1988-09-03
None,Bournemouth,ENG,2,1457.79760742,1988-09-04,1988-09-07
None,Bournemouth,ENG,2,1458.98669434,1988-09-08,1988-09-10
None,Bournemouth,ENG,2,1467.84924316,1988-09-11,1988-09-17
None,Bournemouth,ENG,2,1467.7154541,1988-09-18,1988-09-20
None,Bournemouth,ENG,2,1459.82653809,1988-09-21,1988-09-24
None,Bournemouth,ENG,2,1468.59387207,1988-09-25,1988-10-01
None,Bournemouth,ENG,2,1463.04943848,1988-10-02,1988-10-05
None,Bournemouth,ENG,2,1469.42199707,1988-10-06,1988-10-08
None,Bournemouth,ENG,2,1457.47277832,1988-10-09,1988-10-15
None,Bournemouth,ENG,2,1453.95739746,1988-10-16,1988-10-21
None,Bournemouth,ENG,2,1443.50610352,1988-10-22,1988-10-25
None,Bournemouth,ENG,2,1437.72351074,1988-10-26,1988-10-26
None,Bournemouth,ENG,2,1430.88977051,1988-10-27,1988-10-29
None,Bournemouth,ENG,2,1439.78344727,1988-10-30,1988-11-05
None,Bournemouth,ENG,2,1452.12890625,1988-11-06,1988-11-09
None,Bournemouth,ENG,2,1446.89013672,1988-11-10,1988-11-12
None,Bournemouth,ENG,2,1459.7713623,1988-11-13,1988-11-19
None,Bournemouth,ENG,2,1452.27441406,1988-11-20,1988-11-26
None,Bournemouth,ENG,2,1443.40014648,1988-11-27,1988-11-29
None,Bournemouth,ENG,2,1456.0447998,1988-11-30,1988-12-03
None,Bournemouth,ENG,2,1464.53930664,1988-12-04,1988-12-10
None,Bournemouth,ENG,2,1467.86499023,1988-12-11,1988-12-17
None,Bournemouth,ENG,2,1472.19897461,1988-12-18,1988-12-26
None,Bournemouth,ENG,2,1483.56689453,1988-12-27,1988-12-31
None,Bournemouth,ENG,2,1480.16809082,1989-01-01,1989-01-02
None,Bournemouth,ENG,2,1485.10595703,1989-01-03,1989-01-14
None,Bournemouth,ENG,2,1472.49206543,1989-01-15,1989-01-21
None,Bournemouth,ENG,2,1463.18151855,1989-01-22,1989-02-04
None,Bournemouth,ENG,2,1471.10705566,1989-02-05,1989-02-11
None,Bournemouth,ENG,2,1478.86633301,1989-02-12,1989-02-25
None,Bournemouth,ENG,2,1485.99084473,1989-02-26,1989-02-28
None,Bournemouth,ENG,2,1484.10900879,1989-03-01,1989-03-04
None,Bournemouth,ENG,2,1496.05725098,1989-03-05,1989-03-11
None,Bournemouth,ENG,2,1505.86950684,1989-03-12,1989-03-14
None,Bournemouth,ENG,2,1498.44421387,1989-03-15,1989-03-18
None,Bournemouth,ENG,2,1489.61938477,1989-03-19,1989-03-25
None,Bournemouth,ENG,2,1486.2199707,1989-03-26,1989-03-27
None,Bournemouth,ENG,2,1492.61535645,1989-03-28,1989-04-01
None,Bournemouth,ENG,2,1484.33569336,1989-04-02,1989-04-04
None,Bournemouth,ENG,2,1483.65686035,1989-04-05,1989-04-08
None,Bournemouth,ENG,2,1476.07958984,1989-04-09,1989-04-11
None,Bournemouth,ENG,2,1468.67810059,1989-04-12,1989-04-15
None,Bournemouth,ENG,2,1459.62145996,1989-04-16,1989-04-22
None,Bournemouth,ENG,2,1453.08898926,1989-04-23,1989-04-29
None,Bournemouth,ENG,2,1461.02966309,1989-04-30,1989-05-01
None,Bournemouth,ENG,2,1455.5291748,1989-05-02,1989-05-06
None,Bournemouth,ENG,2,1461.15856934,1989-05-07,1989-05-13
None,Bournemouth,ENG,2,1458.66271973,1989-05-14,1989-08-19
None,Bournemouth,ENG,2,1452.51501465,1989-08-20,1989-08-22
None,Bournemouth,ENG,2,1452.05175781,1989-08-23,1989-08-26
None,Bournemouth,ENG,2,1457.41906738,1989-08-27,1989-09-02
None,Bournemouth,ENG,2,1462.3704834,1989-09-03,1989-09-09
None,Bournemouth,ENG,2,1472.04174805,1989-09-10,1989-09-13
None,Bournemouth,ENG,2,1474.29504395,1989-09-14,1989-09-16
None,Bournemouth,ENG,2,1470.89282227,1989-09-17,1989-09-23
None,Bournemouth,ENG,2,1459.85925293,1989-09-24,1989-09-26
None,Bournemouth,ENG,2,1456.98461914,1989-09-27,1989-09-30
None,Bournemouth,ENG,2,1467.8626709,1989-10-01,1989-10-07
None,Bournemouth,ENG,2,1463.55578613,1989-10-08,1989-10-14
None,Bournemouth,ENG,2,1473.35644531,1989-10-15,1989-10-17
None,Bournemouth,ENG,2,1478.06469727,1989-10-18,1989-10-21
None,Bournemouth,ENG,2,1466.34228516,1989-10-22,1989-11-01
None,Bournemouth,ENG,2,1468.10375977,1989-11-02,1989-11-04
None,Bournemouth,ENG,2,1462.30957031,1989-11-05,1989-11-11
None,Bournemouth,ENG,2,1453.01708984,1989-11-12,1989-11-18
None,Bournemouth,ENG,2,1458.08129883,1989-11-19,1989-11-25
None,Bournemouth,ENG,2,1452.54284668,1989-11-26,1989-12-02
None,Bournemouth,ENG,2,1438.07678223,1989-12-03,1989-12-05
None,Bournemouth,ENG,2,1451.13598633,1989-12-06,1989-12-09
None,Bournemouth,ENG,2,1455.16442871,1989-12-10,1989-12-16
None,Bournemouth,ENG,2,1461.40380859,1989-12-17,1989-12-26
None,Bournemouth,ENG,2,1455.72094727,1989-12-27,1989-12-30
None,Bournemouth,ENG,2,1446.8684082,1989-12-31,1990-01-01
None,Bournemouth,ENG,2,1444.40124512,1990-01-02,1990-01-13
None,Bournemouth,ENG,2,1461.69995117,1990-01-14,1990-01-20
None,Bournemouth,ENG,2,1472.93005371,1990-01-21,1990-02-03
None,Bournemouth,ENG,2,1476.9375,1990-02-04,1990-02-10
None,Bournemouth,ENG,2,1475.8918457,1990-02-11,1990-02-24
None,Bournemouth,ENG,2,1481.28466797,1990-02-25,1990-02-28
None,Bournemouth,ENG,2,1474.7175293,1990-03-01,1990-03-03
None,Bournemouth,ENG,2,1475.50683594,1990-03-04,1990-03-06
None,Bournemouth,ENG,2,1466.08520508,1990-03-07,1990-03-10
None,Bournemouth,ENG,2,1468.92541504,1990-03-11,1990-03-17
None,Bournemouth,ENG,2,1459.90124512,1990-03-18,1990-03-20
None,Bournemouth,ENG,2,1451.99633789,1990-03-21,1990-03-24
None,Bournemouth,ENG,2,1451.65258789,1990-03-25,1990-03-31
None,Bournemouth,ENG,2,1445.85290527,1990-04-01,1990-04-03
None,Bournemouth,ENG,2,1445.07714844,1990-04-04,1990-04-07
None,Bournemouth,ENG,2,1437.99926758,1990-04-08,1990-04-11
None,Bournemouth,ENG,2,1432.9822998,1990-04-12,1990-04-14
None,Bournemouth,ENG,2,1426.90393066,1990-04-15,1990-04-17
None,Bournemouth,ENG,2,1418.73706055,1990-04-18,1990-04-21
None,Bournemouth,ENG,2,1430.55224609,1990-04-22,1990-04-28
None,Bournemouth,ENG,2,1425.15063477,1990-04-29,1990-05-05
None,Bournemouth,ENG,2,1419.25964355,1990-05-06,1990-07-04
None,Bournemouth,ENG,2,1384.88342285,2013-07-01,2013-08-01
None,Bournemouth,ENG,2,1387.47741699,2013-08-02,2013-08-03
None,Bournemouth,ENG,2,1396.37084961,2013-08-04,2013-08-08
None,Bournemouth,ENG,2,1396.48535156,2013-08-09,2013-08-10
None,Bournemouth,ENG,2,1389.09680176,2013-08-11,2013-08-17
None,Bournemouth,ENG,2,1401.73608398,2013-08-18,2013-08-21
None,Bournemouth,ENG,2,1404.29504395,2013-08-22,2013-08-22
None,Bournemouth,ENG,2,1407.40246582,2013-08-23,2013-08-24
None,Bournemouth,ENG,2,1395.5402832,2013-08-25,2013-08-27
None,Bournemouth,ENG,2,1395.98327637,2013-08-28,2013-08-29
None,Bournemouth,ENG,2,1395.79016113,2013-08-30,2013-08-31
None,Bournemouth,ENG,2,1405.41162109,2013-09-01,2013-09-14
None,Bournemouth,ENG,2,1399.1138916,2013-09-15,2013-09-17
None,Bournemouth,ENG,2,1411.3729248,2013-09-18,2013-09-18
None,Bournemouth,ENG,2,1408.40551758,2013-09-19,2013-09-19
None,Bournemouth,ENG,2,1415.62634277,2013-09-20,2013-09-21
None,Bournemouth,ENG,2,1418.02062988,2013-09-22,2013-09-28
None,Bournemouth,ENG,2,1407.64538574,2013-09-29,2013-10-01
None,Bournemouth,ENG,2,1406.46105957,2013-10-02,2013-10-02
None,Bournemouth,ENG,2,1403.94360352,2013-10-03,2013-10-03
None,Bournemouth,ENG,2,1407.6126709,2013-10-04,2013-10-05
None,Bournemouth,ENG,2,1420.04040527,2013-10-06,2013-10-19
None,Bournemouth,ENG,2,1425.00793457,2013-10-20,2013-10-22
None,Bournemouth,ENG,2,1425.99230957,2013-10-23,2013-10-23
None,Bournemouth,ENG,2,1428.46386719,2013-10-24,2013-10-24
None,Bournemouth,ENG,2,1427.33630371,2013-10-25,2013-10-26
None,Bournemouth,ENG,2,1423.64978027,2013-10-27,2013-11-02
None,Bournemouth,ENG,2,1413.59094238,2013-11-03,2013-11-05
None,Bournemouth,ENG,2,1414.32128906,2013-11-06,2013-11-06
None,Bournemouth,ENG,2,1419.6817627,2013-11-07,2013-11-07
None,Bournemouth,ENG,2,1417.9029541,2013-11-08,2013-11-09
None,Bournemouth,ENG,2,1423.83361816,2013-11-10,2013-11-23
None,Bournemouth,ENG,2,1416.74291992,2013-11-24,2013-11-26
None,Bournemouth,ENG,2,1413.80822754,2013-11-27,2013-11-27
None,Bournemouth,ENG,2,1420.47900391,2013-11-28,2013-11-28
None,Bournemouth,ENG,2,1414.75915527,2013-11-29,2013-11-30
None,Bournemouth,ENG,2,1417.19250488,2013-12-01,2013-12-03
None,Bournemouth,ENG,2,1412.3840332,2013-12-04,2013-12-07
None,Bournemouth,ENG,2,1426.23059082,2013-12-08,2013-12-10
None,Bournemouth,ENG,2,1431.62194824,2013-12-11,2013-12-11
None,Bournemouth,ENG,2,1427.84533691,2013-12-12,2013-12-12
None,Bournemouth,ENG,2,1422.37487793,2013-12-13,2013-12-14
None,Bournemouth,ENG,2,1411.48022461,2013-12-15,2013-12-21
None,Bournemouth,ENG,2,1422.16638184,2013-12-22,2013-12-26
None,Bournemouth,ENG,2,1433.03515625,2013-12-27,2013-12-29
None,Bournemouth,ENG,2,1434.49365234,2013-12-30,2014-01-01
None,Bournemouth,ENG,2,1439.22265625,2014-01-02,2014-01-11
None,Bournemouth,ENG,2,1432.63330078,2014-01-12,2014-01-18
None,Bournemouth,ENG,2,1433.57397461,2014-01-19,2014-01-28
None,Bournemouth,ENG,2,1441.16784668,2014-01-29,2014-02-01
None,Bournemouth,ENG,2,1435.96179199,2014-02-02,2014-02-08
None,Bournemouth,ENG,2,1439.31652832,2014-02-09,2014-02-15
None,Bournemouth,ENG,2,1441.64770508,2014-02-16,2014-02-18
None,Bournemouth,ENG,2,1438.75268555,2014-02-19,2014-02-19
None,Bournemouth,ENG,2,1437.30773926,2014-02-20,2014-02-20
None,Bournemouth,ENG,2,1435.25415039,2014-02-21,2014-02-22
None,Bournemouth,ENG,2,1431.70666504,2014-02-23,2014-02-25
None,Bournemouth,ENG,2,1427.38037109,2014-02-26,2014-02-26
None,Bournemouth,ENG,2,1427.25720215,2014-02-27,2014-02-27
None,Bournemouth,ENG,2,1427.62792969,2014-02-28,2014-03-01
None,Bournemouth,ENG,2,1440.09619141,2014-03-02,2014-03-08
None,Bournemouth,ENG,2,1449.20568848,2014-03-09,2014-03-11
None,Bournemouth,ENG,2,1449.44921875,2014-03-12,2014-03-12
None,Bournemouth,ENG,2,1459.46569824,2014-03-13,2014-03-13
None,Bournemouth,ENG,2,1455.41479492,2014-03-14,2014-03-15
None,Bournemouth,ENG,2,1454.18859863,2014-03-16,2014-03-18
None,Bournemouth,ENG,2,1448.5880127,2014-03-19,2014-03-19
None,Bournemouth,ENG,2,1454.88635254,2014-03-20,2014-03-20
None,Bournemouth,ENG,2,1454.94836426,2014-03-21,2014-03-22
None,Bournemouth,ENG,2,1463.09509277,2014-03-23,2014-03-25
None,Bournemouth,ENG,2,1473.93530273,2014-03-26,2014-03-29
None,Bournemouth,ENG,2,1486.81237793,2014-03-30,2014-04-01
None,Bournemouth,ENG,2,1487.02453613,2014-04-02,2014-04-02
None,Bournemouth,ENG,2,1483.65734863,2014-04-03,2014-04-05
None,Bournemouth,ENG,2,1492.3013916,2014-04-06,2014-04-08
None,Bournemouth,ENG,2,1509.06286621,2014-04-09,2014-04-09
None,Bournemouth,ENG,2,1507.49584961,2014-04-10,2014-04-12
None,Bournemouth,ENG,2,1505.80505371,2014-04-13,2014-04-18
None,Bournemouth,ENG,2,1491.63867188,2014-04-19,2014-04-21
None,Bournemouth,ENG,2,1493.89587402,2014-04-22,2014-04-22
None,Bournemouth,ENG,2,1494.38916016,2014-04-23,2014-04-26
None,Bournemouth,ENG,2,1506.24682617,2014-04-27,2014-04-30
None,Bournemouth,ENG,2,1501.84460449,2014-05-01,2014-05-03
None,Bournemouth,ENG,2,1492.85083008,2014-05-04,2014-07-31
None,Bournemouth,ENG,2,1492.35205078,2014-08-01,2014-08-07
None,Bournemouth,ENG,2,1494.05200195,2014-08-08,2014-08-09
None,Bournemouth,ENG,2,1509.1072998,2014-08-10,2014-08-16
None,Bournemouth,ENG,2,1513.86340332,2014-08-17,2014-08-19
None,Bournemouth,ENG,2,1503.52258301,2014-08-20,2014-08-21
None,Bournemouth,ENG,2,1501.2166748,2014-08-22,2014-08-23
None,Bournemouth,ENG,2,1495.31958008,2014-08-24,2014-08-27
None,Bournemouth,ENG,2,1496.86364746,2014-08-28,2014-08-28
None,Bournemouth,ENG,2,1495.58850098,2014-08-29,2014-08-30
None,Bournemouth,ENG,2,1500.02685547,2014-08-31,2014-09-13
None,Bournemouth,ENG,2,1496.27758789,2014-09-14,2014-09-16
None,Bournemouth,ENG,2,1478.37561035,2014-09-17,2014-09-17
None,Bournemouth,ENG,2,1475.19213867,2014-09-18,2014-09-18
None,Bournemouth,ENG,2,1475.6027832,2014-09-19,2014-09-20
None,Bournemouth,ENG,2,1478.03613281,2014-09-21,2014-09-27
None,Bournemouth,ENG,2,1488.93127441,2014-09-28,2014-09-30
None,Bournemouth,ENG,2,1482.34777832,2014-10-01,2014-10-01
None,Bournemouth,ENG,2,1480.4855957,2014-10-02,2014-10-02
None,Bournemouth,ENG,2,1477.98339844,2014-10-03,2014-10-04
None,Bournemouth,ENG,2,1486.58056641,2014-10-05,2014-10-18
None,Bournemouth,ENG,2,1493.10595703,2014-10-19,2014-10-21
None,Bournemouth,ENG,2,1504.02026367,2014-10-22,2014-10-22
None,Bournemouth,ENG,2,1502.86706543,2014-10-23,2014-10-23
None,Bournemouth,ENG,2,1503.4876709,2014-10-24,2014-10-25
None,Bournemouth,ENG,2,1522.11279297,2014-10-26,2014-11-01
None,Bournemouth,ENG,2,1527.81005859,2014-11-02,2014-11-04
None,Bournemouth,ENG,2,1535.85827637,2014-11-05,2014-11-05
None,Bournemouth,ENG,2,1528.78820801,2014-11-06,2014-11-06
None,Bournemouth,ENG,2,1531.94567871,2014-11-07,2014-11-08
None,Bournemouth,ENG,2,1533.70373535,2014-11-09,2014-11-22
None,Bournemouth,ENG,2,1531.84289551,2014-11-23,2014-11-25
None,Bournemouth,ENG,2,1539.43225098,2014-11-26,2014-11-26
None,Bournemouth,ENG,2,1540.87902832,2014-11-27,2014-11-27
None,Bournemouth,ENG,2,1545.23449707,2014-11-28,2014-11-29
None,Bournemouth,ENG,2,1540.3581543,2014-11-30,2014-12-06
None,Bournemouth,ENG,2,1546.92895508,2014-12-07,2014-12-09
None,Bournemouth,ENG,2,1548.11694336,2014-12-10,2014-12-10
None,Bournemouth,ENG,2,1551.35449219,2014-12-11,2014-12-11
None,Bournemouth,ENG,2,1544.36340332,2014-12-12,2014-12-13
None,Bournemouth,ENG,2,1552.73596191,2014-12-14,2014-12-20
None,Bournemouth,ENG,2,1563.53479004,2014-12-21,2014-12-26
None,Bournemouth,ENG,2,1570.93334961,2014-12-27,2014-12-28
None,Bournemouth,ENG,2,1578.24023438,2014-12-29,2015-01-10
None,Bournemouth,ENG,2,1568.53942871,2015-01-11,2015-01-17
None,Bournemouth,ENG,2,1576.21728516,2015-01-18,2015-01-20
None,Bournemouth,ENG,2,1565.46337891,2015-01-21,2015-01-30
None,Bournemouth,ENG,2,1573.72924805,2015-01-31,2015-02-07
None,Bournemouth,ENG,2,1582.21704102,2015-02-08,2015-02-10
None,Bournemouth,ENG,2,1581.73522949,2015-02-11,2015-02-14
None,Bournemouth,ENG,2,1576.57727051,2015-02-15,2015-02-17
None,Bournemouth,ENG,2,1576.95776367,2015-02-18,2015-02-19
None,Bournemouth,ENG,2,1579.91809082,2015-02-20,2015-02-21
None,Bournemouth,ENG,2,1567.00195312,2015-02-22,2015-02-24
None,Bournemouth,ENG,2,1564.98962402,2015-02-25,2015-02-25
None,Bournemouth,ENG,2,1549.82312012,2015-02-26,2015-02-26
None,Bournemouth,ENG,2,1543.06323242,2015-02-27,2015-02-28
None,Bournemouth,ENG,2,1540.00305176,2015-03-01,2015-03-03
None,Bournemouth,ENG,2,1545.3338623,2015-03-04,2015-03-06
None,Bournemouth,ENG,2,1559.72753906,2015-03-07,2015-03-11
None,Bournemouth,ENG,2,1555.92907715,2015-03-12,2015-03-12
None,Bournemouth,ENG,2,1557.08728027,2015-03-13,2015-03-14
None,Bournemouth,ENG,2,1561.11987305,2015-03-15,2015-03-17
None,Bournemouth,ENG,2,1562.89562988,2015-03-18,2015-03-18
None,Bournemouth,ENG,2,1562.328125,2015-03-19,2015-03-19
None,Bournemouth,ENG,2,1556.03588867,2015-03-20,2015-03-21
None,Bournemouth,ENG,2,1567.91870117,2015-03-22,2015-04-03
None,Bournemouth,ENG,2,1568.14050293,2015-04-04,2015-04-06
None,Bournemouth,ENG,2,1573.27001953,2015-04-07,2015-04-10
None,Bournemouth,ENG,2,1582.31921387,2015-04-11,2015-04-14
None,Bournemouth,ENG,2,1587.45141602,2015-04-15,2015-04-18
None,Bournemouth,ENG,2,1582.5411377,2015-04-19,2015-04-27
None,Bournemouth,ENG,2,1589.15124512,2015-04-28,2015-05-02
None,Bournemouth,ENG,2,1599.00097656,2015-05-03,2015-07-01
None,Bournemouth,ENG,1,1599.00097656,2015-07-02,2015-07-02
None,Bournemouth,ENG,1,1599.00537109,2015-07-03,2015-07-09
None,Bournemouth,ENG,1,1599.00549316,2015-07-10,2015-07-16
None,Bournemouth,ENG,1,1599.0057373,2015-07-17,2015-07-23
None,Bournemouth,ENG,1,1594.41271973,2015-07-24,2015-07-30
None,Bournemouth,ENG,1,1594.66491699,2015-07-31,2015-08-06
None,Bournemouth,ENG,1,1592.1829834,2015-08-07,2015-08-08
None,Bournemouth,ENG,1,1582.48059082,2015-08-09,2015-08-17
None,Bournemouth,ENG,1,1579.40039062,2015-08-18,2015-08-18
None,Bournemouth,ENG,1,1580.81835938,2015-08-19,2015-08-20
None,Bournemouth,ENG,1,1579.40283203,2015-08-21,2015-08-22
None,Bournemouth,ENG,1,1589.33422852,2015-08-23,2015-08-26
None,Bournemouth,ENG,1,1591.04797363,2015-08-27,2015-08-27
None,Bournemouth,ENG,1,1586.12219238,2015-08-28,2015-08-29
None,Bournemouth,ENG,1,1586.52209473,2015-08-30,2015-09-12
None,Bournemouth,ENG,1,1577.28088379,2015-09-13,2015-09-15
None,Bournemouth,ENG,1,1570.52514648,2015-09-16,2015-09-16
None,Bournemouth,ENG,1,1567.47839355,2015-09-17,2015-09-17
None,Bournemouth,ENG,1,1568.54418945,2015-09-18,2015-09-19
None,Bournemouth,ENG,1,1578.19067383,2015-09-20,2015-09-26
None,Bournemouth,ENG,1,1573.2487793,2015-09-27,2015-09-29
None,Bournemouth,ENG,1,1566.765625,2015-09-30,2015-09-30
None,Bournemouth,ENG,1,1571.44641113,2015-10-01,2015-10-01
None,Bournemouth,ENG,1,1569.93518066,2015-10-02,2015-10-03
None,Bournemouth,ENG,1,1568.86584473,2015-10-04,2015-10-17
None,Bournemouth,ENG,1,1565.61193848,2015-10-18,2015-10-20
None,Bournemouth,ENG,1,1570.92980957,2015-10-21,2015-10-21
None,Bournemouth,ENG,1,1573.46508789,2015-10-22,2015-10-22
None,Bournemouth,ENG,1,1568.41491699,2015-10-23,2015-10-25
None,Bournemouth,ENG,1,1558.40405273,2015-10-26,2015-11-01
None,Bournemouth,ENG,1,1552.8190918,2015-11-02,2015-11-03
None,Bournemouth,ENG,1,1558.88562012,2015-11-04,2015-11-04
None,Bournemouth,ENG,1,1558.42712402,2015-11-05,2015-11-05
None,Bournemouth,ENG,1,1561.59509277,2015-11-06,2015-11-07
None,Bournemouth,ENG,1,1552.89208984,2015-11-08,2015-11-21
None,Bournemouth,ENG,1,1556.72937012,2015-11-22,2015-11-24
None,Bournemouth,ENG,1,1559.70690918,2015-11-25,2015-11-25
None,Bournemouth,ENG,1,1556.0333252,2015-11-26,2015-11-26
None,Bournemouth,ENG,1,1558.14929199,2015-11-27,2015-11-28
None,Bournemouth,ENG,1,1561.66796875,2015-11-29,2015-12-05
None,Bournemouth,ENG,1,1576.11706543,2015-12-06,2015-12-08
None,Bournemouth,ENG,1,1576.2878418,2015-12-09,2015-12-09
None,Bournemouth,ENG,1,1583.09118652,2015-12-10,2015-12-10
None,Bournemouth,ENG,1,1583.93847656,2015-12-11,2015-12-12
None,Bournemouth,ENG,1,1596.70996094,2015-12-13,2015-12-19
98,Bournemouth,ENG,1,1607.42370605,2015-12-20,2015-12-26
96,Bournemouth,ENG,1,1608.66125488,2015-12-27,2015-12-28
100,Bournemouth,ENG,1,1605.59533691,2015-12-29,2016-01-02
98,Bournemouth,ENG,1,1610.23291016,2016-01-03,2016-01-06
97,Bournemouth,ENG,1,1610.23291016,2016-01-07,2016-01-12
None,Bournemouth,ENG,1,1599.25354004,2016-01-13,2016-01-16
97,Bournemouth,ENG,1,1611.12939453,2016-01-17,2016-01-17
96,Bournemouth,ENG,1,1611.12939453,2016-01-18,2016-01-23
95,Bournemouth,ENG,1,1612.11425781,2016-01-24,2016-02-02
90,Bournemouth,ENG,1,1622.74597168,2016-02-03,2016-02-05
89,Bournemouth,ENG,1,1622.74597168,2016-02-06,2016-02-06
88,Bournemouth,ENG,1,1622.74597168,2016-02-07,2016-02-07
93,Bournemouth,ENG,1,1616.68188477,2016-02-08,2016-02-13
99,Bournemouth,ENG,1,1605.76367188,2016-02-14,2016-02-14
100,Bournemouth,ENG,1,1605.76367188,2016-02-15,2016-02-16
100,Bournemouth,ENG,1,1605.17041016,2016-02-17,2016-02-18
None,Bournemouth,ENG,1,1604.37890625,2016-02-19,2016-02-23
None,Bournemouth,ENG,1,1603.2532959,2016-02-24,2016-02-24
None,Bournemouth,ENG,1,1606.83190918,2016-02-25,2016-02-25
90,Bournemouth,ENG,1,1616.07568359,2016-02-26,2016-02-27
87,Bournemouth,ENG,1,1618.63085938,2016-02-28,2016-03-01
80,Bournemouth,ENG,1,1632.7265625,2016-03-02,2016-03-05
72,Bournemouth,ENG,1,1644.49291992,2016-03-06,2016-03-06
71,Bournemouth,ENG,1,1644.49291992,2016-03-07,2016-03-09
72,Bournemouth,ENG,1,1641.96350098,2016-03-10,2016-03-10
78,Bournemouth,ENG,1,1637.77062988,2016-03-11,2016-03-12
70,Bournemouth,ENG,1,1644.76782227,2016-03-13,2016-03-13
71,Bournemouth,ENG,1,1644.76782227,2016-03-14,2016-03-15
71,Bournemouth,ENG,1,1644.85766602,2016-03-16,2016-03-16
73,Bournemouth,ENG,1,1644.69775391,2016-03-17,2016-03-17
73,Bournemouth,ENG,1,1643.32958984,2016-03-18,2016-03-18
72,Bournemouth,ENG,1,1643.32958984,2016-03-19,2016-03-19
74,Bournemouth,ENG,1,1643.32958984,2016-03-20,2016-03-20
77,Bournemouth,ENG,1,1637.78723145,2016-03-21,2016-04-02
86,Bournemouth,ENG,1,1628.42651367,2016-04-03,2016-04-06
82,Bournemouth,ENG,1,1630.03613281,2016-04-07,2016-04-07
81,Bournemouth,ENG,1,1631.38562012,2016-04-08,2016-04-09
78,Bournemouth,ENG,1,1637.79785156,2016-04-10,2016-04-12
76,Bournemouth,ENG,1,1640.38586426,2016-04-13,2016-04-14
72,Bournemouth,ENG,1,1644.04516602,2016-04-15,2016-04-15
73,Bournemouth,ENG,1,1644.04516602,2016-04-16,2016-04-16
72,Bournemouth,ENG,1,1644.04516602,2016-04-17,2016-04-17
78,Bournemouth,ENG,1,1638.83740234,2016-04-18,2016-04-20
77,Bournemouth,ENG,1,1638.83740234,2016-04-21,2016-04-21
78,Bournemouth,ENG,1,1638.83740234,2016-04-22,2016-04-23
87,Bournemouth,ENG,1,1629.64245605,2016-04-24,2016-04-24
85,Bournemouth,ENG,1,1629.64245605,2016-04-25,2016-04-26
85,Bournemouth,ENG,1,1629.98779297,2016-04-27,2016-04-28
86,Bournemouth,ENG,1,1628.60803223,2016-04-29,2016-04-30
93,Bournemouth,ENG,1,1623.59814453,2016-05-01,2016-05-01
92,Bournemouth,ENG,1,1623.59814453,2016-05-02,2016-05-02
90,Bournemouth,ENG,1,1623.59814453,2016-05-03,2016-05-04
90,Bournemouth,ENG,1,1622.296875,2016-05-05,2016-05-05
88,Bournemouth,ENG,1,1629.71862793,2016-05-06,2016-05-07
90,Bournemouth,ENG,1,1628.73046875,2016-05-08,2016-05-08
91,Bournemouth,ENG,1,1628.73046875,2016-05-09,2016-05-11
90,Bournemouth,ENG,1,1628.73046875,2016-05-12,2016-05-12
91,Bournemouth,ENG,1,1628.73046875,2016-05-13,2016-05-14
90,Bournemouth,ENG,1,1628.73046875,2016-05-15,2016-05-15
88,Bournemouth,ENG,1,1628.73046875,2016-05-16,2016-05-16
89,Bournemouth,ENG,1,1628.73046875,2016-05-17,2016-05-17
92,Bournemouth,ENG,1,1624.1027832,2016-05-18,2016-05-18
97,Bournemouth,ENG,1,1620.4354248,2016-05-19,2016-05-19
96,Bournemouth,ENG,1,1620.4354248,2016-05-20,2016-05-21
94,Bournemouth,ENG,1,1620.4354248,2016-05-22,2016-05-22
93,Bournemouth,ENG,1,1620.4354248,2016-05-23,2016-05-25
94,Bournemouth,ENG,1,1620.4354248,2016-05-26,2016-05-29
95,Bournemouth,ENG,1,1620.4354248,2016-05-30,2016-06-11
94,Bournemouth,ENG,1,1620.4354248,2016-06-12,2016-06-18
95,Bournemouth,ENG,1,1620.4354248,2016-06-19,2016-07-27
94,Bournemouth,ENG,1,1620.4354248,2016-07-28,2016-07-28
95,Bournemouth,ENG,1,1619.28234863,2016-07-29,2016-07-30
96,Bournemouth,ENG,1,1619.28234863,2016-07-31,2016-08-03
97,Bournemouth,ENG,1,1619.28234863,2016-08-04,2016-08-04
95,Bournemouth,ENG,1,1620.74914551,2016-08-05,2016-08-05
94,Bournemouth,ENG,1,1620.74914551,2016-08-06,2016-08-14
97,Bournemouth,ENG,1,1613.29052734,2016-08-15,2016-08-16
96,Bournemouth,ENG,1,1614.59851074,2016-08-17,2016-08-17
97,Bournemouth,ENG,1,1614.59851074,2016-08-18,2016-08-18
96,Bournemouth,ENG,1,1614.61181641,2016-08-19,2016-08-21
98,Bournemouth,ENG,1,1610.51318359,2016-08-22,2016-08-24
98,Bournemouth,ENG,1,1610.51977539,2016-08-25,2016-08-25
None,Bournemouth,ENG,1,1603.45617676,2016-08-26,2016-08-27
None,Bournemouth,ENG,1,1605.43664551,2016-08-28,2016-09-10
98,Bournemouth,ENG,1,1612.72644043,2016-09-11,2016-09-11
97,Bournemouth,ENG,1,1612.72644043,2016-09-12,2016-09-13
97,Bournemouth,ENG,1,1613.88244629,2016-09-14,2016-09-14
94,Bournemouth,ENG,1,1615.9597168,2016-09-15,2016-09-15
97,Bournemouth,ENG,1,1614.31726074,2016-09-16,2016-09-17
98,Bournemouth,ENG,1,1610.69812012,2016-09-18,2016-09-18
99,Bournemouth,ENG,1,1610.69812012,2016-09-19,2016-09-20
98,Bournemouth,ENG,1,1610.69812012,2016-09-21,2016-09-22
97,Bournemouth,ENG,1,1610.69812012,2016-09-23,2016-09-23
98,Bournemouth,ENG,1,1610.69812012,2016-09-24,2016-09-24
89,Bournemouth,ENG,1,1620.24267578,2016-09-25,2016-09-25
88,Bournemouth,ENG,1,1620.24267578,2016-09-26,2016-09-27
87,Bournemouth,ENG,1,1624.70910645,2016-09-28,2016-09-28
88,Bournemouth,ENG,1,1623.93945312,2016-09-29,2016-09-29
88,Bournemouth,ENG,1,1623.37512207,2016-09-30,2016-10-01
87,Bournemouth,ENG,1,1625.42419434,2016-10-02,2016-10-15
80,Bournemouth,ENG,1,1638.61682129,2016-10-16,2016-10-16
81,Bournemouth,ENG,1,1638.61682129,2016-10-17,2016-10-17
82,Bournemouth,ENG,1,1638.61682129,2016-10-18,2016-10-18
82,Bournemouth,ENG,1,1640.00585938,2016-10-19,2016-10-19
83,Bournemouth,ENG,1,1639.08862305,2016-10-20,2016-10-20
81,Bournemouth,ENG,1,1637.78198242,2016-10-21,2016-10-22
78,Bournemouth,ENG,1,1641.40625,2016-10-23,2016-10-24
79,Bournemouth,ENG,1,1641.40625,2016-10-25,2016-10-26
78,Bournemouth,ENG,1,1641.40625,2016-10-27,2016-10-28
77,Bournemouth,ENG,1,1641.40625,2016-10-29,2016-10-29
86,Bournemouth,ENG,1,1630.21691895,2016-10-30,2016-11-01
81,Bournemouth,ENG,1,1635.53344727,2016-11-02,2016-11-02
84,Bournemouth,ENG,1,1631.1784668,2016-11-03,2016-11-03
86,Bournemouth,ENG,1,1629.35229492,2016-11-04,2016-11-04
85,Bournemouth,ENG,1,1629.35229492,2016-11-05,2016-11-05
93,Bournemouth,ENG,1,1619.02600098,2016-11-06,2016-11-13
92,Bournemouth,ENG,1,1619.02600098,2016-11-14,2016-11-19
84,Bournemouth,ENG,1,1629.96765137,2016-11-20,2016-11-20
83,Bournemouth,ENG,1,1629.96765137,2016-11-21,2016-11-22
85,Bournemouth,ENG,1,1628.76416016,2016-11-23,2016-11-23
86,Bournemouth,ENG,1,1627.67785645,2016-11-24,2016-11-24
85,Bournemouth,ENG,1,1626.47644043,2016-11-25,2016-11-25
86,Bournemouth,ENG,1,1626.47644043,2016-11-26,2016-11-26
85,Bournemouth,ENG,1,1626.47644043,2016-11-27,2016-11-27
86,Bournemouth,ENG,1,1623.45031738,2016-11-28,2016-11-28
87,Bournemouth,ENG,1,1623.45031738,2016-11-29,2016-11-30
89,Bournemouth,ENG,1,1623.45031738,2016-12-01,2016-12-03
90,Bournemouth,ENG,1,1623.45031738,2016-12-04,2016-12-04
82,Bournemouth,ENG,1,1635.17700195,2016-12-05,2016-12-06
81,Bournemouth,ENG,1,1635.63830566,2016-12-07,2016-12-07
82,Bournemouth,ENG,1,1632.96838379,2016-12-08,2016-12-08
82,Bournemouth,ENG,1,1633.25146484,2016-12-09,2016-12-09
81,Bournemouth,ENG,1,1633.25146484,2016-12-10,2016-12-10
87,Bournemouth,ENG,1,1626.43261719,2016-12-11,2016-12-13
83,Bournemouth,ENG,1,1635.80126953,2016-12-14,2016-12-17
81,Bournemouth,ENG,1,1635.80126953,2016-12-18,2016-12-18
86,Bournemouth,ENG,1,1625.34509277,2016-12-19,2016-12-26
87,Bournemouth,ENG,1,1621.98730469,2016-12-27,2016-12-31
81,Bournemouth,ENG,1,1637.68579102,2017-01-01,2017-01-03
78,Bournemouth,ENG,1,1642.28759766,2017-01-04,2017-01-08
80,Bournemouth,ENG,1,1642.28759766,2017-01-09,2017-01-14
84,Bournemouth,ENG,1,1629.52526855,2017-01-15,2017-01-15
83,Bournemouth,ENG,1,1629.52526855,2017-01-16,2017-01-21
85,Bournemouth,ENG,1,1627.09716797,2017-01-22,2017-01-22
84,Bournemouth,ENG,1,1627.09716797,2017-01-23,2017-01-29
83,Bournemouth,ENG,1,1627.09716797,2017-01-30,2017-01-31
91,Bournemouth,ENG,1,1611.74523926,2017-02-01,2017-02-04
98,Bournemouth,ENG,1,1605.6640625,2017-02-05,2017-02-05
99,Bournemouth,ENG,1,1605.6640625,2017-02-06,2017-02-06
100,Bournemouth,ENG,1,1605.6640625,2017-02-07,2017-02-11
98,Bournemouth,ENG,1,1605.6640625,2017-02-12,2017-02-12
95,Bournemouth,ENG,1,1605.6640625,2017-02-13,2017-02-13
97,Bournemouth,ENG,1,1600.21936035,2017-02-14,2017-02-15
None,Bournemouth,ENG,1,1597.41589355,2017-02-16,2017-02-16
None,Bournemouth,ENG,1,1598.51367188,2017-02-17,2017-02-21
99,Bournemouth,ENG,1,1600.83312988,2017-02-22,2017-02-22
100,Bournemouth,ENG,1,1601.54394531,2017-02-23,2017-02-23
None,Bournemouth,ENG,1,1596.50964355,2017-02-24,2017-02-25
None,Bournemouth,ENG,1,1592.10412598,2017-02-26,2017-03-04
None,Bournemouth,ENG,1,1599.15087891,2017-03-05,2017-03-07
None,Bournemouth,ENG,1,1598.14086914,2017-03-08,2017-03-09
None,Bournemouth,ENG,1,1598.65087891,2017-03-10,2017-03-11
96,Bournemouth,ENG,1,1606.67590332,2017-03-12,2017-03-12
97,Bournemouth,ENG,1,1606.67590332,2017-03-13,2017-03-14
91,Bournemouth,ENG,1,1612.83874512,2017-03-15,2017-03-15
96,Bournemouth,ENG,1,1607.74731445,2017-03-16,2017-03-16
97,Bournemouth,ENG,1,1609.23144531,2017-03-17,2017-03-18
86,Bournemouth,ENG,1,1618.35083008,2017-03-19,2017-04-01
87,Bournemouth,ENG,1,1622.47265625,2017-04-02,2017-04-04
88,Bournemouth,ENG,1,1622.47265625,2017-04-05,2017-04-05
85,Bournemouth,ENG,1,1629.10925293,2017-04-06,2017-04-08
85,Bournemouth,ENG,1,1623.69909668,2017-04-09,2017-04-09
88,Bournemouth,ENG,1,1623.69909668,2017-04-10,2017-04-10
89,Bournemouth,ENG,1,1623.69909668,2017-04-11,2017-04-12
88,Bournemouth,ENG,1,1623.28039551,2017-04-13,2017-04-13
87,Bournemouth,ENG,1,1623.75048828,2017-04-14,2017-04-15
88,Bournemouth,ENG,1,1619.84790039,2017-04-16,2017-04-16
89,Bournemouth,ENG,1,1619.84790039,2017-04-17,2017-04-18
90,Bournemouth,ENG,1,1619.31066895,2017-04-19,2017-04-19
89,Bournemouth,ENG,1,1619.31066895,2017-04-20,2017-04-20
89,Bournemouth,ENG,1,1620.7713623,2017-04-21,2017-04-22
85,Bournemouth,ENG,1,1630.4934082,2017-04-23,2017-04-23
83,Bournemouth,ENG,1,1630.4934082,2017-04-24,2017-04-25
84,Bournemouth,ENG,1,1630.4934082,2017-04-26,2017-04-26
85,Bournemouth,ENG,1,1630.4934082,2017-04-27,2017-04-29
82,Bournemouth,ENG,1,1638.78015137,2017-04-30,2017-05-01
83,Bournemouth,ENG,1,1638.78015137,2017-05-02,2017-05-04
80,Bournemouth,ENG,1,1640.54382324,2017-05-05,2017-05-05
81,Bournemouth,ENG,1,1640.54382324,2017-05-06,2017-05-06
84,Bournemouth,ENG,1,1638.64550781,2017-05-07,2017-05-07
83,Bournemouth,ENG,1,1638.64550781,2017-05-08,2017-05-08
82,Bournemouth,ENG,1,1638.64550781,2017-05-09,2017-05-11
81,Bournemouth,ENG,1,1638.73925781,2017-05-12,2017-05-13
76,Bournemouth,ENG,1,1644.77099609,2017-05-14,2017-05-14
74,Bournemouth,ENG,1,1644.77099609,2017-05-15,2017-05-18
73,Bournemouth,ENG,1,1644.77099609,2017-05-19,2017-05-21
69,Bournemouth,ENG,1,1648.75732422,2017-05-22,2017-05-24
68,Bournemouth,ENG,1,1651.51318359,2017-05-25,2017-05-27
69,Bournemouth,ENG,1,1651.51318359,2017-05-28,2017-07-06
70,Bournemouth,ENG,1,1651.51318359,2017-07-07,2017-07-22
69,Bournemouth,ENG,1,1651.51318359,2017-07-23,2017-07-26
68,Bournemouth,ENG,1,1651.51318359,2017-07-27,2017-07-27
68,Bournemouth,ENG,1,1651.52880859,2017-07-28,2017-07-29
67,Bournemouth,ENG,1,1651.52880859,2017-07-30,2017-08-02
68,Bournemouth,ENG,1,1651.52880859,2017-08-03,2017-08-03
64,Bournemouth,ENG,1,1651.86303711,2017-08-04,2017-08-06
65,Bournemouth,ENG,1,1651.86303711,2017-08-07,2017-08-12
72,Bournemouth,ENG,1,1645.61706543,2017-08-13,2017-08-15
71,Bournemouth,ENG,1,1648.23278809,2017-08-16,2017-08-16
69,Bournemouth,ENG,1,1648.23278809,2017-08-17,2017-08-17
69,Bournemouth,ENG,1,1649.41833496,2017-08-18,2017-08-19
78,Bournemouth,ENG,1,1633.81140137,2017-08-20,2017-08-23
78,Bournemouth,ENG,1,1635.35021973,2017-08-24,2017-08-24
77,Bournemouth,ENG,1,1635.63085938,2017-08-25,2017-08-25
78,Bournemouth,ENG,1,1635.63085938,2017-08-26,2017-08-26
80,Bournemouth,ENG,1,1631.65100098,2017-08-27,2017-08-27
81,Bournemouth,ENG,1,1631.65100098,2017-08-28,2017-09-09
83,Bournemouth,ENG,1,1627.74182129,2017-09-10,2017-09-11
84,Bournemouth,ENG,1,1627.74182129,2017-09-12,2017-09-12
84,Bournemouth,ENG,1,1629.13049316,2017-09-13,2017-09-13
84,Bournemouth,ENG,1,1632.88000488,2017-09-14,2017-09-14
84,Bournemouth,ENG,1,1630.04516602,2017-09-15,2017-09-15
82,Bournemouth,ENG,1,1635.39941406,2017-09-16,2017-09-16
81,Bournemouth,ENG,1,1635.39941406,2017-09-17,2017-09-18
80,Bournemouth,ENG,1,1635.39941406,2017-09-19,2017-09-23
82,Bournemouth,ENG,1,1631.45336914,2017-09-24,2017-09-26
80,Bournemouth,ENG,1,1633.99072266,2017-09-27,2017-09-27
74,Bournemouth,ENG,1,1641.73925781,2017-09-28,2017-09-28
71,Bournemouth,ENG,1,1640.12658691,2017-09-29,2017-09-30
72,Bournemouth,ENG,1,1640.30371094,2017-10-01,2017-10-14
73,Bournemouth,ENG,1,1638.70703125,2017-10-15,2017-10-15
71,Bournemouth,ENG,1,1638.70703125,2017-10-16,2017-10-17
71,Bournemouth,ENG,1,1644.05969238,2017-10-18,2017-10-18
70,Bournemouth,ENG,1,1644.48376465,2017-10-19,2017-10-19
70,Bournemouth,ENG,1,1641.38757324,2017-10-20,2017-10-21
64,Bournemouth,ENG,1,1652.33044434,2017-10-22,2017-10-25
63,Bournemouth,ENG,1,1652.33044434,2017-10-26,2017-10-28
64,Bournemouth,ENG,1,1648.99658203,2017-10-29,2017-10-29
67,Bournemouth,ENG,1,1648.99658203,2017-10-30,2017-10-31
68,Bournemouth,ENG,1,1646.23901367,2017-11-01,2017-11-01
60,Bournemouth,ENG,1,1654.44226074,2017-11-02,2017-11-02
63,Bournemouth,ENG,1,1648.8112793,2017-11-03,2017-11-04
54,Bournemouth,ENG,1,1658.26586914,2017-11-05,2017-11-05
53,Bournemouth,ENG,1,1658.26586914,2017-11-06,2017-11-18
52,Bournemouth,ENG,1,1666.37792969,2017-11-19,2017-11-19
54,Bournemouth,ENG,1,1666.37792969,2017-11-20,2017-11-21
54,Bournemouth,ENG,1,1668.70275879,2017-11-22,2017-11-22
55,Bournemouth,ENG,1,1665.92712402,2017-11-23,2017-11-23
58,Bournemouth,ENG,1,1655.41467285,2017-11-24,2017-11-25
59,Bournemouth,ENG,1,1656.18371582,2017-11-26,2017-11-26
58,Bournemouth,ENG,1,1656.18371582,2017-11-27,2017-11-27
59,Bournemouth,ENG,1,1656.18371582,2017-11-28,2017-11-29
61,Bournemouth,ENG,1,1647.19970703,2017-11-30,2017-12-01
62,Bournemouth,ENG,1,1647.19970703,2017-12-02,2017-12-02
63,Bournemouth,ENG,1,1647.19970703,2017-12-03,2017-12-03
67,Bournemouth,ENG,1,1646.2043457,2017-12-04,2017-12-05
67,Bournemouth,ENG,1,1646.2479248,2017-12-06,2017-12-06
68,Bournemouth,ENG,1,1645.51306152,2017-12-07,2017-12-07
62,Bournemouth,ENG,1,1649.38879395,2017-12-08,2017-12-09
61,Bournemouth,ENG,1,1650.15551758,2017-12-10,2017-12-13
61,Bournemouth,ENG,1,1648.31469727,2017-12-14,2017-12-16
60,Bournemouth,ENG,1,1648.31469727,2017-12-17,2017-12-17
65,Bournemouth,ENG,1,1640.20788574,2017-12-18,2017-12-18
66,Bournemouth,ENG,1,1640.20788574,2017-12-19,2017-12-21
64,Bournemouth,ENG,1,1640.20788574,2017-12-22,2017-12-22
63,Bournemouth,ENG,1,1640.20788574,2017-12-23,2017-12-23
66,Bournemouth,ENG,1,1637.95617676,2017-12-24,2017-12-26
68,Bournemouth,ENG,1,1636.4161377,2017-12-27,2017-12-30
62,Bournemouth,ENG,1,1644.71228027,2017-12-31,2017-12-31
63,Bournemouth,ENG,1,1644.71228027,2018-01-01,2018-01-01
62,Bournemouth,ENG,1,1645.40698242,2018-01-02,2018-01-02
63,Bournemouth,ENG,1,1645.40698242,2018-01-03,2018-01-06
64,Bournemouth,ENG,1,1645.40698242,2018-01-07,2018-01-07
63,Bournemouth,ENG,1,1645.40698242,2018-01-08,2018-01-13
64,Bournemouth,ENG,1,1645.40698242,2018-01-14,2018-01-14
59,Bournemouth,ENG,1,1656.90014648,2018-01-15,2018-01-20
57,Bournemouth,ENG,1,1658.83996582,2018-01-21,2018-01-21
59,Bournemouth,ENG,1,1658.83996582,2018-01-22,2018-01-30
60,Bournemouth,ENG,1,1658.83996582,2018-01-31,2018-01-31
45,Bournemouth,ENG,1,1684.70214844,2018-02-01,2018-02-03
42,Bournemouth,ENG,1,1690.09558105,2018-02-04,2018-02-10
43,Bournemouth,ENG,1,1690.09558105,2018-02-11,2018-02-11
53,Bournemouth,ENG,1,1671.76293945,2018-02-12,2018-02-13
52,Bournemouth,ENG,1,1674.68774414,2018-02-14,2018-02-14
51,Bournemouth,ENG,1,1678.75744629,2018-02-15,2018-02-15
52,Bournemouth,ENG,1,1679.34790039,2018-02-16,2018-02-17
50,Bournemouth,ENG,1,1679.34790039,2018-02-18,2018-02-20
50,Bournemouth,ENG,1,1679.13745117,2018-02-21,2018-02-21
50,Bournemouth,ENG,1,1679.04370117,2018-02-22,2018-02-22
50,Bournemouth,ENG,1,1678.89196777,2018-02-23,2018-02-24
52,Bournemouth,ENG,1,1676.14038086,2018-02-25,2018-03-03
52,Bournemouth,ENG,1,1679.15368652,2018-03-04,2018-03-04
51,Bournemouth,ENG,1,1679.15368652,2018-03-05,2018-03-06
51,Bournemouth,ENG,1,1678.75549316,2018-03-07,2018-03-07
54,Bournemouth,ENG,1,1673.55957031,2018-03-08,2018-03-08
52,Bournemouth,ENG,1,1676.86169434,2018-03-09,2018-03-11
52,Bournemouth,ENG,1,1670.66723633,2018-03-12,2018-03-12
53,Bournemouth,ENG,1,1670.66723633,2018-03-13,2018-03-13
55,Bournemouth,ENG,1,1664.93933105,2018-03-14,2018-03-14
55,Bournemouth,ENG,1,1662.94372559,2018-03-15,2018-03-15
55,Bournemouth,ENG,1,1664.03259277,2018-03-16,2018-03-17
52,Bournemouth,ENG,1,1668.91601562,2018-03-18,2018-03-18
54,Bournemouth,ENG,1,1668.91601562,2018-03-19,2018-03-31
54,Bournemouth,ENG,1,1669.52600098,2018-04-01,2018-04-01
55,Bournemouth,ENG,1,1669.52600098,2018-04-02,2018-04-05
54,Bournemouth,ENG,1,1673.06335449,2018-04-06,2018-04-06
53,Bournemouth,ENG,1,1673.06335449,2018-04-07,2018-04-07
55,Bournemouth,ENG,1,1670.86816406,2018-04-08,2018-04-08
56,Bournemouth,ENG,1,1670.86816406,2018-04-09,2018-04-10
55,Bournemouth,ENG,1,1670.86816406,2018-04-11,2018-04-11
56,Bournemouth,ENG,1,1670.86816406,2018-04-12,2018-04-12
56,Bournemouth,ENG,1,1671.1550293,2018-04-13,2018-04-13
55,Bournemouth,ENG,1,1671.1550293,2018-04-14,2018-04-14
57,Bournemouth,ENG,1,1668.11645508,2018-04-15,2018-04-15
59,Bournemouth,ENG,1,1668.11645508,2018-04-16,2018-04-18
60,Bournemouth,ENG,1,1662.28393555,2018-04-19,2018-04-22
59,Bournemouth,ENG,1,1662.28393555,2018-04-23,2018-04-24
59,Bournemouth,ENG,1,1665.33239746,2018-04-25,2018-04-26
59,Bournemouth,ENG,1,1664.66833496,2018-04-27,2018-04-27
60,Bournemouth,ENG,1,1664.66833496,2018-04-28,2018-04-28
64,Bournemouth,ENG,1,1657.53808594,2018-04-29,2018-05-02
64,Bournemouth,ENG,1,1656.62561035,2018-05-03,2018-05-03
64,Bournemouth,ENG,1,1655.09692383,2018-05-04,2018-05-05
60,Bournemouth,ENG,1,1661.32446289,2018-05-06,2018-05-10
61,Bournemouth,ENG,1,1661.32446289,2018-05-11,2018-05-12
60,Bournemouth,ENG,1,1661.32446289,2018-05-13,2018-05-13
56,Bournemouth,ENG,1,1672.21484375,2018-05-14,2018-05-20
57,Bournemouth,ENG,1,1672.21484375,2018-05-21,2018-05-26
57,Bournemouth,ENG,1,1669.69812012,2018-05-27,2018-07-26
57,Bournemouth,ENG,1,1669.72229004,2018-07-27,2018-08-02
57,Bournemouth,ENG,1,1670.67919922,2018-08-03,2018-08-09
57,Bournemouth,ENG,1,1671.07556152,2018-08-10,2018-08-11
55,Bournemouth,ENG,1,1676.93078613,2018-08-12,2018-08-16
54,Bournemouth,ENG,1,1679.67980957,2018-08-17,2018-08-18
52,Bournemouth,ENG,1,1688.87219238,2018-08-19,2018-08-19
51,Bournemouth,ENG,1,1688.87219238,2018-08-20,2018-08-22
52,Bournemouth,ENG,1,1688.87219238,2018-08-23,2018-08-23
53,Bournemouth,ENG,1,1685.11108398,2018-08-24,2018-08-25
53,Bournemouth,ENG,1,1683.69372559,2018-08-26,2018-08-26
54,Bournemouth,ENG,1,1683.69372559,2018-08-27,2018-08-30
54,Bournemouth,ENG,1,1681.21850586,2018-08-31,2018-09-01
54,Bournemouth,ENG,1,1677.10534668,2018-09-02,2018-09-02
55,Bournemouth,ENG,1,1677.10534668,2018-09-03,2018-09-15
52,Bournemouth,ENG,1,1686.63110352,2018-09-16,2018-09-16
50,Bournemouth,ENG,1,1686.63110352,2018-09-17,2018-09-18
50,Bournemouth,ENG,1,1684.80200195,2018-09-19,2018-09-19
52,Bournemouth,ENG,1,1682.87536621,2018-09-20,2018-09-20
52,Bournemouth,ENG,1,1685.21472168,2018-09-21,2018-09-22
57,Bournemouth,ENG,1,1669.72253418,2018-09-23,2018-09-23
58,Bournemouth,ENG,1,1669.72253418,2018-09-24,2018-09-24
59,Bournemouth,ENG,1,1669.72253418,2018-09-25,2018-09-29
61,Bournemouth,ENG,1,1669.72253418,2018-09-30,2018-10-01
57,Bournemouth,ENG,1,1676.01745605,2018-10-02,2018-10-02
56,Bournemouth,ENG,1,1675.9465332,2018-10-03,2018-10-03
58,Bournemouth,ENG,1,1669.75402832,2018-10-04,2018-10-04
61,Bournemouth,ENG,1,1671.63452148,2018-10-05,2018-10-06
52,Bournemouth,ENG,1,1689.86437988,2018-10-07,2018-10-07
50,Bournemouth,ENG,1,1689.86437988,2018-10-08,2018-10-19
51,Bournemouth,ENG,1,1689.86437988,2018-10-20,2018-10-20
55,Bournemouth,ENG,1,1686.32495117,2018-10-21,2018-10-21
54,Bournemouth,ENG,1,1686.32495117,2018-10-22,2018-10-22
53,Bournemouth,ENG,1,1686.32495117,2018-10-23,2018-10-23
53,Bournemouth,ENG,1,1686.91052246,2018-10-24,2018-10-24
52,Bournemouth,ENG,1,1686.43322754,2018-10-25,2018-10-25
54,Bournemouth,ENG,1,1689.0592041,2018-10-26,2018-10-27
46,Bournemouth,ENG,1,1701.0111084,2018-10-28,2018-10-28
44,Bournemouth,ENG,1,1701.0111084,2018-10-29,2018-11-02
45,Bournemouth,ENG,1,1701.0111084,2018-11-03,2018-11-03
48,Bournemouth,ENG,1,1695.14880371,2018-11-04,2018-11-04
49,Bournemouth,ENG,1,1695.14880371,2018-11-05,2018-11-06
50,Bournemouth,ENG,1,1688.73547363,2018-11-07,2018-11-07
49,Bournemouth,ENG,1,1694.77294922,2018-11-08,2018-11-08
49,Bournemouth,ENG,1,1693.59655762,2018-11-09,2018-11-10
52,Bournemouth,ENG,1,1685.5579834,2018-11-11,2018-11-11
53,Bournemouth,ENG,1,1685.5579834,2018-11-12,2018-11-25
53,Bournemouth,ENG,1,1679.96911621,2018-11-26,2018-11-27
53,Bournemouth,ENG,1,1679.23168945,2018-11-28,2018-11-28
53,Bournemouth,ENG,1,1678.39294434,2018-11-29,2018-11-29
53,Bournemouth,ENG,1,1681.00549316,2018-11-30,2018-12-01
54,Bournemouth,ENG,1,1679.1673584,2018-12-02,2018-12-03
53,Bournemouth,ENG,1,1679.1673584,2018-12-04,2018-12-04
53,Bournemouth,ENG,1,1682.93884277,2018-12-05,2018-12-08
55,Bournemouth,ENG,1,1675.3848877,2018-12-09,2018-12-11
55,Bournemouth,ENG,1,1678.55395508,2018-12-12,2018-12-12
55,Bournemouth,ENG,1,1676.55822754,2018-12-13,2018-12-13
53,Bournemouth,ENG,1,1674.37255859,2018-12-14,2018-12-15
58,Bournemouth,ENG,1,1663.015625,2018-12-16,2018-12-22
54,Bournemouth,ENG,1,1671.17089844,2018-12-23,2018-12-23
55,Bournemouth,ENG,1,1671.17089844,2018-12-24,2018-12-26
57,Bournemouth,ENG,1,1666.74169922,2018-12-27,2018-12-30
60,Bournemouth,ENG,1,1661.61450195,2018-12-31,2019-01-02
61,Bournemouth,ENG,1,1659.83398438,2019-01-03,2019-01-13
64,Bournemouth,ENG,1,1651.49645996,2019-01-14,2019-01-18
65,Bournemouth,ENG,1,1651.49645996,2019-01-19,2019-01-19
60,Bournemouth,ENG,1,1661.89538574,2019-01-20,2019-01-25
61,Bournemouth,ENG,1,1661.89538574,2019-01-26,2019-01-26
59,Bournemouth,ENG,1,1661.89538574,2019-01-27,2019-01-30
48,Bournemouth,ENG,1,1684.38256836,2019-01-31,2019-02-02
55,Bournemouth,ENG,1,1670.29943848,2019-02-03,2019-02-03
54,Bournemouth,ENG,1,1670.29943848,2019-02-04,2019-02-04
55,Bournemouth,ENG,1,1670.29943848,2019-02-05,2019-02-09
56,Bournemouth,ENG,1,1667.35253906,2019-02-10,2019-02-12
58,Bournemouth,ENG,1,1663.25415039,2019-02-13,2019-02-13
55,Bournemouth,ENG,1,1667.125,2019-02-14,2019-02-14
57,Bournemouth,ENG,1,1666.16894531,2019-02-15,2019-02-16
58,Bournemouth,ENG,1,1666.16894531,2019-02-17,2019-02-19
58,Bournemouth,ENG,1,1665.57519531,2019-02-20,2019-02-20
58,Bournemouth,ENG,1,1666.25219727,2019-02-21,2019-02-21
59,Bournemouth,ENG,1,1669.24499512,2019-02-22,2019-02-22
60,Bournemouth,ENG,1,1669.24499512,2019-02-23,2019-02-23
61,Bournemouth,ENG,1,1667.515625,2019-02-24,2019-02-24
62,Bournemouth,ENG,1,1667.515625,2019-02-25,2019-02-25
63,Bournemouth,ENG,1,1667.515625,2019-02-26,2019-02-26
64,Bournemouth,ENG,1,1667.515625,2019-02-27,2019-02-27
65,Bournemouth,ENG,1,1661.96228027,2019-02-28,2019-03-02
64,Bournemouth,ENG,1,1659.50085449,2019-03-03,2019-03-05
64,Bournemouth,ENG,1,1660.96459961,2019-03-06,2019-03-06
61,Bournemouth,ENG,1,1667.87939453,2019-03-07,2019-03-07
62,Bournemouth,ENG,1,1666.13635254,2019-03-08,2019-03-09
57,Bournemouth,ENG,1,1674.42712402,2019-03-10,2019-03-12
57,Bournemouth,ENG,1,1674.94470215,2019-03-13,2019-03-13
53,Bournemouth,ENG,1,1680.41906738,2019-03-14,2019-03-14
52,Bournemouth,ENG,1,1686.61486816,2019-03-15,2019-03-16
53,Bournemouth,ENG,1,1684.5447998,2019-03-17,2019-03-17
54,Bournemouth,ENG,1,1684.5447998,2019-03-18,2019-03-30
57,Bournemouth,ENG,1,1676.22290039,2019-03-31,2019-04-05
56,Bournemouth,ENG,1,1676.22290039,2019-04-06,2019-04-06
64,Bournemouth,ENG,1,1661.54296875,2019-04-07,2019-04-07
63,Bournemouth,ENG,1,1661.54296875,2019-04-08,2019-04-09
63,Bournemouth,ENG,1,1663.07043457,2019-04-10,2019-04-10
63,Bournemouth,ENG,1,1661.5847168,2019-04-11,2019-04-11
63,Bournemouth,ENG,1,1665.44799805,2019-04-12,2019-04-13
53,Bournemouth,ENG,1,1685.11169434,2019-04-14,2019-04-14
52,Bournemouth,ENG,1,1685.11169434,2019-04-15,2019-04-16
51,Bournemouth,ENG,1,1683.32470703,2019-04-17,2019-04-17
52,Bournemouth,ENG,1,1684.74194336,2019-04-18,2019-04-18
51,Bournemouth,ENG,1,1686.890625,2019-04-19,2019-04-20
58,Bournemouth,ENG,1,1674.59521484,2019-04-21,2019-04-27
57,Bournemouth,ENG,1,1676.85327148,2019-04-28,2019-04-28
58,Bournemouth,ENG,1,1676.85327148,2019-04-29,2019-04-30
60,Bournemouth,ENG,1,1673.48120117,2019-05-01,2019-05-01
62,Bournemouth,ENG,1,1669.56933594,2019-05-02,2019-05-02
60,Bournemouth,ENG,1,1672.85498047,2019-05-03,2019-05-04
56,Bournemouth,ENG,1,1684.36340332,2019-05-05,2019-05-05
55,Bournemouth,ENG,1,1684.36340332,2019-05-06,2019-05-07
51,Bournemouth,ENG,1,1692.20117188,2019-05-08,2019-05-08
47,Bournemouth,ENG,1,1697.28063965,2019-05-09,2019-05-09
47,Bournemouth,ENG,1,1698.20019531,2019-05-10,2019-05-11
49,Bournemouth,ENG,1,1698.20019531,2019-05-12,2019-05-12
51,Bournemouth,ENG,1,1690.68188477,2019-05-13,2019-05-19
49,Bournemouth,ENG,1,1690.68188477,2019-05-20,2019-05-22
48,Bournemouth,ENG,1,1690.68188477,2019-05-23,2019-05-26
50,Bournemouth,ENG,1,1690.68188477,2019-05-27,2019-07-25
50,Bournemouth,ENG,1,1690.69396973,2019-07-26,2019-08-01
50,Bournemouth,ENG,1,1690.70141602,2019-08-02,2019-08-03
49,Bournemouth,ENG,1,1690.70141602,2019-08-04,2019-08-07
50,Bournemouth,ENG,1,1690.70141602,2019-08-08,2019-08-08
49,Bournemouth,ENG,1,1690.88635254,2019-08-09,2019-08-10
53,Bournemouth,ENG,1,1687.19165039,2019-08-11,2019-08-13
52,Bournemouth,ENG,1,1687.19165039,2019-08-14,2019-08-15
52,Bournemouth,ENG,1,1687.30224609,2019-08-16,2019-08-16
53,Bournemouth,ENG,1,1687.30224609,2019-08-17,2019-08-17
49,Bournemouth,ENG,1,1694.734375,2019-08-18,2019-08-21
50,Bournemouth,ENG,1,1694.734375,2019-08-22,2019-08-22
48,Bournemouth,ENG,1,1697.69958496,2019-08-23,2019-08-25
49,Bournemouth,ENG,1,1694.67272949,2019-08-26,2019-08-27
50,Bournemouth,ENG,1,1694.67272949,2019-08-28,2019-08-29
50,Bournemouth,ENG,1,1695.87561035,2019-08-30,2019-08-30
49,Bournemouth,ENG,1,1695.87561035,2019-08-31,2019-08-31
52,Bournemouth,ENG,1,1688.71679688,2019-09-01,2019-09-01
53,Bournemouth,ENG,1,1688.71679688,2019-09-02,2019-09-14
54,Bournemouth,ENG,1,1688.71679688,2019-09-15,2019-09-15
47,Bournemouth,ENG,1,1700.7199707,2019-09-16,2019-09-17
50,Bournemouth,ENG,1,1691.24084473,2019-09-18,2019-09-18
49,Bournemouth,ENG,1,1692.50134277,2019-09-19,2019-09-19
48,Bournemouth,ENG,1,1692.76074219,2019-09-20,2019-09-20
40,Bournemouth,ENG,1,1705.78442383,2019-09-21,2019-09-22
39,Bournemouth,ENG,1,1705.78442383,2019-09-23,2019-09-28
40,Bournemouth,ENG,1,1705.30004883,2019-09-29,2019-09-29
41,Bournemouth,ENG,1,1705.30004883,2019-09-30,2019-10-01
41,Bournemouth,ENG,1,1699.65356445,2019-10-02,2019-10-02
41,Bournemouth,ENG,1,1701.97290039,2019-10-03,2019-10-03
41,Bournemouth,ENG,1,1703.86865234,2019-10-04,2019-10-06
42,Bournemouth,ENG,1,1701.13903809,2019-10-07,2019-10-19
45,Bournemouth,ENG,1,1696.98876953,2019-10-20,2019-10-22
43,Bournemouth,ENG,1,1699.09521484,2019-10-23,2019-10-23
42,Bournemouth,ENG,1,1703.21203613,2019-10-24,2019-10-24
41,Bournemouth,ENG,1,1705.68676758,2019-10-25,2019-10-26
40,Bournemouth,ENG,1,1706.10046387,2019-10-27,2019-10-27
41,Bournemouth,ENG,1,1706.10046387,2019-10-28,2019-11-02
38,Bournemouth,ENG,1,1715.76159668,2019-11-03,2019-11-05
41,Bournemouth,ENG,1,1715.09753418,2019-11-06,2019-11-06
41,Bournemouth,ENG,1,1713.30480957,2019-11-07,2019-11-07
39,Bournemouth,ENG,1,1714.68395996,2019-11-08,2019-11-09
40,Bournemouth,ENG,1,1708.12304688,2019-11-10,2019-11-23
44,Bournemouth,ENG,1,1699.70605469,2019-11-24,2019-11-26
44,Bournemouth,ENG,1,1698.68005371,2019-11-27,2019-11-27
44,Bournemouth,ENG,1,1696.015625,2019-11-28,2019-11-28
51,Bournemouth,ENG,1,1686.99841309,2019-11-29,2019-11-30
52,Bournemouth,ENG,1,1683.80859375,2019-12-01,2019-12-01
54,Bournemouth,ENG,1,1683.80859375,2019-12-02,2019-12-03
54,Bournemouth,ENG,1,1678.63171387,2019-12-04,2019-12-07
54,Bournemouth,ENG,1,1675.3918457,2019-12-08,2019-12-08
55,Bournemouth,ENG,1,1675.3918457,2019-12-09,2019-12-10
54,Bournemouth,ENG,1,1677.61132812,2019-12-11,2019-12-11
55,Bournemouth,ENG,1,1677.41125488,2019-12-12,2019-12-12
53,Bournemouth,ENG,1,1679.63879395,2019-12-13,2019-12-13
52,Bournemouth,ENG,1,1679.63879395,2019-12-14,2019-12-14
43,Bournemouth,ENG,1,1693.20031738,2019-12-15,2019-12-15
42,Bournemouth,ENG,1,1693.20031738,2019-12-16,2019-12-16
43,Bournemouth,ENG,1,1693.20031738,2019-12-17,2019-12-20
44,Bournemouth,ENG,1,1693.20031738,2019-12-21,2019-12-21
54,Bournemouth,ENG,1,1683.61279297,2019-12-22,2019-12-22
51,Bournemouth,ENG,1,1683.61279297,2019-12-23,2019-12-26
51,Bournemouth,ENG,1,1685.34228516,2019-12-27,2019-12-28
54,Bournemouth,ENG,1,1674.66357422,2019-12-29,2020-01-01
62,Bournemouth,ENG,1,1662.31054688,2020-01-02,2020-01-05
63,Bournemouth,ENG,1,1662.31054688,2020-01-06,2020-01-12
72,Bournemouth,ENG,1,1646.2322998,2020-01-13,2020-01-18
78,Bournemouth,ENG,1,1638.33300781,2020-01-19,2020-01-21
69,Bournemouth,ENG,1,1648.16015625,2020-01-22,2020-01-25
67,Bournemouth,ENG,1,1648.16015625,2020-01-26,2020-01-26
66,Bournemouth,ENG,1,1648.16015625,2020-01-27,2020-01-27
67,Bournemouth,ENG,1,1648.16015625,2020-01-28,2020-02-01
65,Bournemouth,ENG,1,1654.17224121,2020-02-02,2020-02-07
64,Bournemouth,ENG,1,1654.17224121,2020-02-08,2020-02-09
68,Bournemouth,ENG,1,1648.60827637,2020-02-10,2020-02-15
69,Bournemouth,ENG,1,1648.60827637,2020-02-16,2020-02-18
69,Bournemouth,ENG,1,1646.28881836,2020-02-19,2020-02-19
70,Bournemouth,ENG,1,1643.55859375,2020-02-20,2020-02-20
66,Bournemouth,ENG,1,1649.30358887,2020-02-21,2020-02-22
72,Bournemouth,ENG,1,1639.64489746,2020-02-23,2020-02-23
71,Bournemouth,ENG,1,1639.64489746,2020-02-24,2020-02-25
74,Bournemouth,ENG,1,1636.71618652,2020-02-26,2020-02-26
72,Bournemouth,ENG,1,1638.58239746,2020-02-27,2020-02-27
75,Bournemouth,ENG,1,1636.93774414,2020-02-28,2020-02-29
72,Bournemouth,ENG,1,1640.57275391,2020-03-01,2020-03-01
69,Bournemouth,ENG,1,1640.57275391,2020-03-02,2020-03-04
68,Bournemouth,ENG,1,1640.57275391,2020-03-05,2020-03-07
72,Bournemouth,ENG,1,1639.75488281,2020-03-08,2020-03-08
73,Bournemouth,ENG,1,1639.75488281,2020-03-09,2020-03-10
74,Bournemouth,ENG,1,1636.22290039,2020-03-11,2020-03-11
76,Bournemouth,ENG,1,1629.26928711,2020-03-12,2020-03-12
76,Bournemouth,ENG,1,1633.54956055,2020-03-13,2020-03-15
75,Bournemouth,ENG,1,1633.54956055,2020-03-16,2020-05-16
76,Bournemouth,ENG,1,1633.54956055,2020-05-17,2020-05-23
75,Bournemouth,ENG,1,1633.54956055,2020-05-24,2020-05-24
74,Bournemouth,ENG,1,1633.54956055,2020-05-25,2020-05-27
73,Bournemouth,ENG,1,1633.54956055,2020-05-28,2020-05-30
74,Bournemouth,ENG,1,1633.54956055,2020-05-31,2020-06-05
75,Bournemouth,ENG,1,1633.54956055,2020-06-06,2020-06-06
76,Bournemouth,ENG,1,1633.54956055,2020-06-07,2020-06-07
75,Bournemouth,ENG,1,1633.54956055,2020-06-08,2020-06-13
76,Bournemouth,ENG,1,1633.54956055,2020-06-14,2020-06-14
75,Bournemouth,ENG,1,1633.54956055,2020-06-15,2020-06-16
74,Bournemouth,ENG,1,1633.54956055,2020-06-17,2020-06-20
78,Bournemouth,ENG,1,1623.45739746,2020-06-21,2020-06-22
79,Bournemouth,ENG,1,1623.45739746,2020-06-23,2020-06-24
80,Bournemouth,ENG,1,1620.21728516,2020-06-25,2020-06-30
79,Bournemouth,ENG,1,1620.21728516,2020-07-01,2020-07-01
89,Bournemouth,ENG,1,1607.5925293,2020-07-02,2020-07-04
92,Bournemouth,ENG,1,1604.06152344,2020-07-05,2020-07-05
94,Bournemouth,ENG,1,1604.06152344,2020-07-06,2020-07-08
91,Bournemouth,ENG,1,1604.06152344,2020-07-09,2020-07-09
86,Bournemouth,ENG,1,1607.85742188,2020-07-10,2020-07-12
78,Bournemouth,ENG,1,1627.97717285,2020-07-13,2020-07-15
79,Bournemouth,ENG,1,1626.8494873,2020-07-16,2020-07-18
78,Bournemouth,ENG,1,1626.8494873,2020-07-19,2020-07-19
82,Bournemouth,ENG,1,1616.72241211,2020-07-20,2020-07-21
83,Bournemouth,ENG,1,1616.72241211,2020-07-22,2020-07-22
82,Bournemouth,ENG,1,1616.72241211,2020-07-23,2020-07-26
74,Bournemouth,ENG,1,1633.83544922,2020-07-27,2020-08-05
75,Bournemouth,ENG,1,1632.8494873,2020-08-06,2020-08-06
74,Bournemouth,ENG,1,1635.18237305,2020-08-07,2020-08-07
74,Bournemouth,ENG,1,1636.42224121,2020-08-08,2020-08-08
74,Bournemouth,ENG,1,1636.03894043,2020-08-09,2020-08-09
73,Bournemouth,ENG,1,1636.03894043,2020-08-10,2020-08-10
73,Bournemouth,ENG,1,1636.70556641,2020-08-11,2020-08-11
73,Bournemouth,ENG,1,1634.41320801,2020-08-12,2020-08-15
77,Bournemouth,ENG,1,1627.70410156,2020-08-16,2020-08-16
78,Bournemouth,ENG,1,1624.78515625,2020-08-17,2020-08-18
79,Bournemouth,ENG,1,1624.78515625,2020-08-19,2020-08-26
78,Bournemouth,ENG,1,1624.78515625,2020-08-27,2020-09-14
78,Bournemouth,ENG,1,1624.78515625,2020-09-15,2020-12-31


