Rank,Club,Country,Level,Elo,From,To
None,Bueyueksehir,TUR,1,1382.17663574,2007-07-01,2007-08-01
None,Bueyueksehir,TUR,1,1382.43054199,2007-08-02,2007-08-08
None,Bueyueksehir,TUR,1,1383.9675293,2007-08-09,2007-08-10
None,Bueyueksehir,TUR,1,1402.2121582,2007-08-11,2007-08-15
None,Bueyueksehir,TUR,1,1406.95019531,2007-08-16,2007-08-16
None,Bueyueksehir,TUR,1,1410.33203125,2007-08-17,2007-08-19
None,Bueyueksehir,TUR,1,1405.42358398,2007-08-20,2007-08-26
None,Bueyueksehir,TUR,1,1411.46826172,2007-08-27,2007-08-29
None,Bueyueksehir,TUR,1,1425.35400391,2007-08-30,2007-08-30
None,Bueyueksehir,TUR,1,1431.91247559,2007-08-31,2007-09-01
None,Bueyueksehir,TUR,1,1423.02770996,2007-09-02,2007-09-16
None,Bueyueksehir,TUR,1,1430.27648926,2007-09-17,2007-09-18
None,Bueyueksehir,TUR,1,1427.40808105,2007-09-19,2007-09-19
None,Bueyueksehir,TUR,1,1432.82397461,2007-09-20,2007-09-20
None,Bueyueksehir,TUR,1,1430.16064453,2007-09-21,2007-09-21
None,Bueyueksehir,TUR,1,1424.66772461,2007-09-22,2007-09-30
None,Bueyueksehir,TUR,1,1436.52087402,2007-10-01,2007-10-02
None,Bueyueksehir,TUR,1,1437.25720215,2007-10-03,2007-10-03
None,Bueyueksehir,TUR,1,1434.29199219,2007-10-04,2007-10-04
None,Bueyueksehir,TUR,1,1439.37402344,2007-10-05,2007-10-07
None,Bueyueksehir,TUR,1,1433.77368164,2007-10-08,2007-10-20
None,Bueyueksehir,TUR,1,1441.71520996,2007-10-21,2007-10-23
None,Bueyueksehir,TUR,1,1443.63342285,2007-10-24,2007-10-24
None,Bueyueksehir,TUR,1,1449.68591309,2007-10-25,2007-10-25
None,Bueyueksehir,TUR,1,1447.45605469,2007-10-26,2007-10-28
None,Bueyueksehir,TUR,1,1454.06311035,2007-10-29,2007-11-04
None,Bueyueksehir,TUR,1,1454.54174805,2007-11-05,2007-11-06
None,Bueyueksehir,TUR,1,1451.99523926,2007-11-07,2007-11-07
None,Bueyueksehir,TUR,1,1456.20568848,2007-11-08,2007-11-08
None,Bueyueksehir,TUR,1,1449.13269043,2007-11-09,2007-11-10
None,Bueyueksehir,TUR,1,1452.18676758,2007-11-11,2007-11-24
None,Bueyueksehir,TUR,1,1439.72265625,2007-11-25,2007-11-27
None,Bueyueksehir,TUR,1,1437.90612793,2007-11-28,2007-11-28
None,Bueyueksehir,TUR,1,1441.64733887,2007-11-29,2007-11-29
None,Bueyueksehir,TUR,1,1447.1661377,2007-11-30,2007-12-02
None,Bueyueksehir,TUR,1,1454.24316406,2007-12-03,2007-12-09
None,Bueyueksehir,TUR,1,1452.74938965,2007-12-10,2007-12-11
None,Bueyueksehir,TUR,1,1451.09741211,2007-12-12,2007-12-12
None,Bueyueksehir,TUR,1,1453.75598145,2007-12-13,2007-12-15
None,Bueyueksehir,TUR,1,1449.59484863,2007-12-16,2007-12-19
None,Bueyueksehir,TUR,1,1446.09020996,2007-12-20,2007-12-23
None,Bueyueksehir,TUR,1,1436.24536133,2007-12-24,2008-01-13
None,Bueyueksehir,TUR,1,1444.22265625,2008-01-14,2008-01-19
None,Bueyueksehir,TUR,1,1434.14416504,2008-01-20,2008-01-26
None,Bueyueksehir,TUR,1,1428.53039551,2008-01-27,2008-02-09
None,Bueyueksehir,TUR,1,1434.60253906,2008-02-10,2008-02-13
None,Bueyueksehir,TUR,1,1434.19543457,2008-02-14,2008-02-16
None,Bueyueksehir,TUR,1,1437.16186523,2008-02-17,2008-02-20
None,Bueyueksehir,TUR,1,1438.7109375,2008-02-21,2008-02-21
None,Bueyueksehir,TUR,1,1432.359375,2008-02-22,2008-02-24
None,Bueyueksehir,TUR,1,1422.30773926,2008-02-25,2008-03-01
None,Bueyueksehir,TUR,1,1424.43676758,2008-03-02,2008-03-04
None,Bueyueksehir,TUR,1,1426.13500977,2008-03-05,2008-03-08
None,Bueyueksehir,TUR,1,1441.1763916,2008-03-09,2008-03-16
None,Bueyueksehir,TUR,1,1433.12109375,2008-03-17,2008-03-22
None,Bueyueksehir,TUR,1,1444.88378906,2008-03-23,2008-03-30
None,Bueyueksehir,TUR,1,1458.34802246,2008-03-31,2008-04-02
None,Bueyueksehir,TUR,1,1460.70910645,2008-04-03,2008-04-06
None,Bueyueksehir,TUR,1,1451.46166992,2008-04-07,2008-04-08
None,Bueyueksehir,TUR,1,1447.79638672,2008-04-09,2008-04-12
None,Bueyueksehir,TUR,1,1459.04150391,2008-04-13,2008-04-20
None,Bueyueksehir,TUR,1,1450.46606445,2008-04-21,2008-04-26
None,Bueyueksehir,TUR,1,1444.76025391,2008-04-27,2008-05-03
None,Bueyueksehir,TUR,1,1436.98852539,2008-05-04,2008-05-10
None,Bueyueksehir,TUR,1,1431.38134766,2008-05-11,2008-07-30
None,Bueyueksehir,TUR,1,1432.12963867,2008-07-31,2008-08-06
None,Bueyueksehir,TUR,1,1433.02783203,2008-08-07,2008-08-13
None,Bueyueksehir,TUR,1,1430.41625977,2008-08-14,2008-08-14
None,Bueyueksehir,TUR,1,1431.20690918,2008-08-15,2008-08-23
None,Bueyueksehir,TUR,1,1428.18200684,2008-08-24,2008-08-27
None,Bueyueksehir,TUR,1,1425.46728516,2008-08-28,2008-08-28
None,Bueyueksehir,TUR,1,1426.28613281,2008-08-29,2008-08-30
None,Bueyueksehir,TUR,1,1424.16943359,2008-08-31,2008-09-14
None,Bueyueksehir,TUR,1,1415.66308594,2008-09-15,2008-09-17
None,Bueyueksehir,TUR,1,1413.32531738,2008-09-18,2008-09-18
None,Bueyueksehir,TUR,1,1411.08862305,2008-09-19,2008-09-20
None,Bueyueksehir,TUR,1,1413.96813965,2008-09-21,2008-09-27
None,Bueyueksehir,TUR,1,1418.58776855,2008-09-28,2008-09-30
None,Bueyueksehir,TUR,1,1417.42919922,2008-10-01,2008-10-02
None,Bueyueksehir,TUR,1,1405.02355957,2008-10-03,2008-10-05
None,Bueyueksehir,TUR,1,1399.97375488,2008-10-06,2008-10-18
None,Bueyueksehir,TUR,1,1405.12756348,2008-10-19,2008-10-21
None,Bueyueksehir,TUR,1,1402.1583252,2008-10-22,2008-10-23
None,Bueyueksehir,TUR,1,1405.14294434,2008-10-24,2008-10-26
None,Bueyueksehir,TUR,1,1415.41760254,2008-10-27,2008-11-01
None,Bueyueksehir,TUR,1,1402.64440918,2008-11-02,2008-11-05
None,Bueyueksehir,TUR,1,1406.44555664,2008-11-06,2008-11-06
None,Bueyueksehir,TUR,1,1414.9498291,2008-11-07,2008-11-09
None,Bueyueksehir,TUR,1,1435.22741699,2008-11-10,2008-11-16
None,Bueyueksehir,TUR,1,1432.37841797,2008-11-17,2008-11-23
None,Bueyueksehir,TUR,1,1438.13879395,2008-11-24,2008-11-25
None,Bueyueksehir,TUR,1,1434.48388672,2008-11-26,2008-11-27
None,Bueyueksehir,TUR,1,1428.46105957,2008-11-28,2008-11-30
None,Bueyueksehir,TUR,1,1430.34924316,2008-12-01,2008-12-03
None,Bueyueksehir,TUR,1,1435.69055176,2008-12-04,2008-12-07
None,Bueyueksehir,TUR,1,1425.65637207,2008-12-08,2008-12-10
None,Bueyueksehir,TUR,1,1423.56787109,2008-12-11,2008-12-13
None,Bueyueksehir,TUR,1,1418.22338867,2008-12-14,2008-12-20
None,Bueyueksehir,TUR,1,1429.08044434,2008-12-21,2009-01-25
None,Bueyueksehir,TUR,1,1420.69946289,2009-01-26,2009-02-01
None,Bueyueksehir,TUR,1,1405.43066406,2009-02-02,2009-02-08
None,Bueyueksehir,TUR,1,1423.07763672,2009-02-09,2009-02-15
None,Bueyueksehir,TUR,1,1435.55566406,2009-02-16,2009-02-18
None,Bueyueksehir,TUR,1,1437.17297363,2009-02-19,2009-02-21
None,Bueyueksehir,TUR,1,1426.68811035,2009-02-22,2009-02-26
None,Bueyueksehir,TUR,1,1433.00915527,2009-02-27,2009-02-27
None,Bueyueksehir,TUR,1,1430.34216309,2009-02-28,2009-03-07
None,Bueyueksehir,TUR,1,1417.77197266,2009-03-08,2009-03-12
None,Bueyueksehir,TUR,1,1419.8046875,2009-03-13,2009-03-14
None,Bueyueksehir,TUR,1,1413.13903809,2009-03-15,2009-03-19
None,Bueyueksehir,TUR,1,1406.98193359,2009-03-20,2009-03-21
None,Bueyueksehir,TUR,1,1416.5657959,2009-03-22,2009-04-05
None,Bueyueksehir,TUR,1,1422.10791016,2009-04-06,2009-04-11
None,Bueyueksehir,TUR,1,1421.75109863,2009-04-12,2009-04-19
None,Bueyueksehir,TUR,1,1417.27404785,2009-04-20,2009-04-25
None,Bueyueksehir,TUR,1,1409.08654785,2009-04-26,2009-05-03
None,Bueyueksehir,TUR,1,1419.71594238,2009-05-04,2009-05-09
None,Bueyueksehir,TUR,1,1434.32128906,2009-05-10,2009-05-17
None,Bueyueksehir,TUR,1,1442.90270996,2009-05-18,2009-05-24
None,Bueyueksehir,TUR,1,1450.96838379,2009-05-25,2009-05-30
None,Bueyueksehir,TUR,1,1442.69494629,2009-05-31,2009-07-16
None,Bueyueksehir,TUR,1,1442.39086914,2009-07-17,2009-07-23
None,Bueyueksehir,TUR,1,1442.81958008,2009-07-24,2009-07-28
None,Bueyueksehir,TUR,1,1432.85314941,2009-07-29,2009-07-30
None,Bueyueksehir,TUR,1,1436.69104004,2009-07-31,2009-08-04
None,Bueyueksehir,TUR,1,1438.99951172,2009-08-05,2009-08-06
None,Bueyueksehir,TUR,1,1441.20898438,2009-08-07,2009-08-07
None,Bueyueksehir,TUR,1,1445.01550293,2009-08-08,2009-08-16
None,Bueyueksehir,TUR,1,1457.24121094,2009-08-17,2009-08-20
None,Bueyueksehir,TUR,1,1452.13757324,2009-08-21,2009-08-22
None,Bueyueksehir,TUR,1,1449.44250488,2009-08-23,2009-08-25
None,Bueyueksehir,TUR,1,1448.86047363,2009-08-26,2009-08-27
None,Bueyueksehir,TUR,1,1450.41723633,2009-08-28,2009-08-29
None,Bueyueksehir,TUR,1,1452.00561523,2009-08-30,2009-09-13
None,Bueyueksehir,TUR,1,1435.97644043,2009-09-14,2009-09-15
None,Bueyueksehir,TUR,1,1434.86486816,2009-09-16,2009-09-17
None,Bueyueksehir,TUR,1,1437.28417969,2009-09-18,2009-09-20
None,Bueyueksehir,TUR,1,1435.11804199,2009-09-21,2009-09-26
None,Bueyueksehir,TUR,1,1443.50036621,2009-09-27,2009-09-30
None,Bueyueksehir,TUR,1,1441.0880127,2009-10-01,2009-10-01
None,Bueyueksehir,TUR,1,1439.51721191,2009-10-02,2009-10-03
None,Bueyueksehir,TUR,1,1452.24182129,2009-10-04,2009-10-18
None,Bueyueksehir,TUR,1,1457.52978516,2009-10-19,2009-10-21
None,Bueyueksehir,TUR,1,1460.42614746,2009-10-22,2009-10-22
None,Bueyueksehir,TUR,1,1467.59619141,2009-10-23,2009-10-24
None,Bueyueksehir,TUR,1,1457.56225586,2009-10-25,2009-11-01
None,Bueyueksehir,TUR,1,1466.34729004,2009-11-02,2009-11-03
None,Bueyueksehir,TUR,1,1460.82043457,2009-11-04,2009-11-05
None,Bueyueksehir,TUR,1,1468.92712402,2009-11-06,2009-11-07
None,Bueyueksehir,TUR,1,1474.57751465,2009-11-08,2009-11-22
None,Bueyueksehir,TUR,1,1465.35717773,2009-11-23,2009-11-25
None,Bueyueksehir,TUR,1,1472.72229004,2009-11-26,2009-11-29
None,Bueyueksehir,TUR,1,1471.14685059,2009-11-30,2009-12-02
None,Bueyueksehir,TUR,1,1475.9296875,2009-12-03,2009-12-03
None,Bueyueksehir,TUR,1,1478.85693359,2009-12-04,2009-12-06
None,Bueyueksehir,TUR,1,1485.51184082,2009-12-07,2009-12-08
None,Bueyueksehir,TUR,1,1480.9107666,2009-12-09,2009-12-13
None,Bueyueksehir,TUR,1,1473.9831543,2009-12-14,2009-12-16
None,Bueyueksehir,TUR,1,1468.92431641,2009-12-17,2009-12-17
None,Bueyueksehir,TUR,1,1469.53100586,2009-12-18,2010-01-30
None,Bueyueksehir,TUR,1,1476.95043945,2010-01-31,2010-02-06
None,Bueyueksehir,TUR,1,1470.30224609,2010-02-07,2010-02-14
None,Bueyueksehir,TUR,1,1467.45739746,2010-02-15,2010-02-18
None,Bueyueksehir,TUR,1,1468.06225586,2010-02-19,2010-02-20
None,Bueyueksehir,TUR,1,1473.14770508,2010-02-21,2010-02-25
None,Bueyueksehir,TUR,1,1466.35949707,2010-02-26,2010-02-28
None,Bueyueksehir,TUR,1,1477.27172852,2010-03-01,2010-03-06
None,Bueyueksehir,TUR,1,1487.4564209,2010-03-07,2010-03-10
None,Bueyueksehir,TUR,1,1482.96960449,2010-03-11,2010-03-14
None,Bueyueksehir,TUR,1,1486.96789551,2010-03-15,2010-03-20
None,Bueyueksehir,TUR,1,1478.2388916,2010-03-21,2010-03-26
None,Bueyueksehir,TUR,1,1488.15625,2010-03-27,2010-04-03
None,Bueyueksehir,TUR,1,1493.76416016,2010-04-04,2010-04-10
None,Bueyueksehir,TUR,1,1506.29431152,2010-04-11,2010-04-17
None,Bueyueksehir,TUR,1,1490.36523438,2010-04-18,2010-04-25
None,Bueyueksehir,TUR,1,1500.04663086,2010-04-26,2010-05-01
None,Bueyueksehir,TUR,1,1493.72424316,2010-05-02,2010-05-09
None,Bueyueksehir,TUR,1,1496.65625,2010-05-10,2010-07-15
None,Bueyueksehir,TUR,1,1496.66638184,2010-07-16,2010-07-22
None,Bueyueksehir,TUR,1,1496.67089844,2010-07-23,2010-07-28
None,Bueyueksehir,TUR,1,1497.7277832,2010-07-29,2010-07-29
None,Bueyueksehir,TUR,1,1495.71264648,2010-07-30,2010-08-04
None,Bueyueksehir,TUR,1,1486.98828125,2010-08-05,2010-08-05
None,Bueyueksehir,TUR,1,1494.67260742,2010-08-06,2010-08-16
None,Bueyueksehir,TUR,1,1480.62023926,2010-08-17,2010-08-17
None,Bueyueksehir,TUR,1,1480.95788574,2010-08-18,2010-08-19
None,Bueyueksehir,TUR,1,1474.42504883,2010-08-20,2010-08-21
None,Bueyueksehir,TUR,1,1494.31359863,2010-08-22,2010-08-26
None,Bueyueksehir,TUR,1,1487.59106445,2010-08-27,2010-08-28
None,Bueyueksehir,TUR,1,1494.50854492,2010-08-29,2010-09-13
None,Bueyueksehir,TUR,1,1486.74267578,2010-09-14,2010-09-14
None,Bueyueksehir,TUR,1,1481.18908691,2010-09-15,2010-09-16
None,Bueyueksehir,TUR,1,1482.23803711,2010-09-17,2010-09-19
None,Bueyueksehir,TUR,1,1486.47131348,2010-09-20,2010-09-26
None,Bueyueksehir,TUR,1,1480.82714844,2010-09-27,2010-09-29
None,Bueyueksehir,TUR,1,1477.69348145,2010-09-30,2010-09-30
None,Bueyueksehir,TUR,1,1481.66271973,2010-10-01,2010-10-03
None,Bueyueksehir,TUR,1,1483.85327148,2010-10-04,2010-10-16
None,Bueyueksehir,TUR,1,1476.51013184,2010-10-17,2010-10-20
None,Bueyueksehir,TUR,1,1475.9720459,2010-10-21,2010-10-21
None,Bueyueksehir,TUR,1,1472.97875977,2010-10-22,2010-10-23
None,Bueyueksehir,TUR,1,1478.59179688,2010-10-24,2010-10-31
None,Bueyueksehir,TUR,1,1488.99780273,2010-11-01,2010-11-02
None,Bueyueksehir,TUR,1,1486.69311523,2010-11-03,2010-11-04
None,Bueyueksehir,TUR,1,1490.24743652,2010-11-05,2010-11-07
None,Bueyueksehir,TUR,1,1505.765625,2010-11-08,2010-11-14
None,Bueyueksehir,TUR,1,1510.31665039,2010-11-15,2010-11-21
None,Bueyueksehir,TUR,1,1510.38208008,2010-11-22,2010-11-24
None,Bueyueksehir,TUR,1,1507.71728516,2010-11-25,2010-11-27
None,Bueyueksehir,TUR,1,1500.97106934,2010-11-28,2010-12-02
None,Bueyueksehir,TUR,1,1503.5201416,2010-12-03,2010-12-05
None,Bueyueksehir,TUR,1,1496.25219727,2010-12-06,2010-12-07
None,Bueyueksehir,TUR,1,1494.99780273,2010-12-08,2010-12-12
None,Bueyueksehir,TUR,1,1485.57897949,2010-12-13,2010-12-15
None,Bueyueksehir,TUR,1,1488.49108887,2010-12-16,2010-12-19
None,Bueyueksehir,TUR,1,1480.06115723,2010-12-20,2011-01-24
None,Bueyueksehir,TUR,1,1474.58544922,2011-01-25,2011-01-30
None,Bueyueksehir,TUR,1,1484.42333984,2011-01-31,2011-02-05
None,Bueyueksehir,TUR,1,1492.72570801,2011-02-06,2011-02-12
None,Bueyueksehir,TUR,1,1481.16723633,2011-02-13,2011-02-17
None,Bueyueksehir,TUR,1,1476.40344238,2011-02-18,2011-02-20
None,Bueyueksehir,TUR,1,1474.62658691,2011-02-21,2011-02-24
None,Bueyueksehir,TUR,1,1473.04309082,2011-02-25,2011-02-26
None,Bueyueksehir,TUR,1,1484.17712402,2011-02-27,2011-03-06
None,Bueyueksehir,TUR,1,1488.96411133,2011-03-07,2011-03-12
None,Bueyueksehir,TUR,1,1475.18554688,2011-03-13,2011-03-19
None,Bueyueksehir,TUR,1,1465.09020996,2011-03-20,2011-04-03
None,Bueyueksehir,TUR,1,1468.90258789,2011-04-04,2011-04-10
None,Bueyueksehir,TUR,1,1458.50231934,2011-04-11,2011-04-16
None,Bueyueksehir,TUR,1,1470.70178223,2011-04-17,2011-04-24
None,Bueyueksehir,TUR,1,1453.06323242,2011-04-25,2011-05-01
None,Bueyueksehir,TUR,1,1449.93701172,2011-05-02,2011-05-07
None,Bueyueksehir,TUR,1,1448.07299805,2011-05-08,2011-05-15
None,Bueyueksehir,TUR,1,1444.33850098,2011-05-16,2011-05-20
None,Bueyueksehir,TUR,1,1441.96789551,2011-05-21,2011-07-14
None,Bueyueksehir,TUR,1,1442.08679199,2011-07-15,2011-07-21
None,Bueyueksehir,TUR,1,1444.30407715,2011-07-22,2011-07-27
None,Bueyueksehir,TUR,1,1441.47546387,2011-07-28,2011-07-28
None,Bueyueksehir,TUR,1,1435.75024414,2011-07-29,2011-08-03
None,Bueyueksehir,TUR,1,1435.11071777,2011-08-04,2011-08-04
None,Bueyueksehir,TUR,1,1434.62731934,2011-08-05,2011-08-18
None,Bueyueksehir,TUR,1,1436.86828613,2011-08-19,2011-08-25
None,Bueyueksehir,TUR,1,1435.21386719,2011-08-26,2011-09-11
None,Bueyueksehir,TUR,1,1446.43322754,2011-09-12,2011-09-14
None,Bueyueksehir,TUR,1,1452.90588379,2011-09-15,2011-09-15
None,Bueyueksehir,TUR,1,1457.28100586,2011-09-16,2011-09-17
None,Bueyueksehir,TUR,1,1471.84094238,2011-09-18,2011-09-20
None,Bueyueksehir,TUR,1,1467.21020508,2011-09-21,2011-09-24
None,Bueyueksehir,TUR,1,1479.39025879,2011-09-25,2011-09-27
None,Bueyueksehir,TUR,1,1479.74108887,2011-09-28,2011-09-29
None,Bueyueksehir,TUR,1,1478.01940918,2011-09-30,2011-10-01
None,Bueyueksehir,TUR,1,1474.80090332,2011-10-02,2011-10-16
None,Bueyueksehir,TUR,1,1481.60546875,2011-10-17,2011-10-18
None,Bueyueksehir,TUR,1,1477.87536621,2011-10-19,2011-10-20
None,Bueyueksehir,TUR,1,1476.58117676,2011-10-21,2011-10-22
None,Bueyueksehir,TUR,1,1464.40698242,2011-10-23,2011-10-26
None,Bueyueksehir,TUR,1,1462.55053711,2011-10-27,2011-10-30
None,Bueyueksehir,TUR,1,1469.77929688,2011-10-31,2011-11-02
None,Bueyueksehir,TUR,1,1469.83972168,2011-11-03,2011-11-03
None,Bueyueksehir,TUR,1,1474.41662598,2011-11-04,2011-11-06
None,Bueyueksehir,TUR,1,1474.66357422,2011-11-07,2011-11-20
None,Bueyueksehir,TUR,1,1467.12890625,2011-11-21,2011-11-22
None,Bueyueksehir,TUR,1,1467.05041504,2011-11-23,2011-11-27
None,Bueyueksehir,TUR,1,1477.15612793,2011-11-28,2011-12-01
None,Bueyueksehir,TUR,1,1480.37426758,2011-12-02,2011-12-04
None,Bueyueksehir,TUR,1,1473.41345215,2011-12-05,2011-12-07
None,Bueyueksehir,TUR,1,1476.11743164,2011-12-08,2011-12-08
None,Bueyueksehir,TUR,1,1472.41638184,2011-12-09,2011-12-11
None,Bueyueksehir,TUR,1,1477.79260254,2011-12-12,2011-12-14
None,Bueyueksehir,TUR,1,1482.9342041,2011-12-15,2011-12-18
None,Bueyueksehir,TUR,1,1480.56762695,2011-12-19,2011-12-22
None,Bueyueksehir,TUR,1,1467.86730957,2011-12-23,2012-01-03
None,Bueyueksehir,TUR,1,1461.11694336,2012-01-04,2012-01-07
None,Bueyueksehir,TUR,1,1452.97619629,2012-01-08,2012-01-15
None,Bueyueksehir,TUR,1,1444.6295166,2012-01-16,2012-01-21
None,Bueyueksehir,TUR,1,1451.30981445,2012-01-22,2012-01-25
None,Bueyueksehir,TUR,1,1463.65661621,2012-01-26,2012-01-29
None,Bueyueksehir,TUR,1,1473.85632324,2012-01-30,2012-02-06
None,Bueyueksehir,TUR,1,1465.42260742,2012-02-07,2012-02-09
None,Bueyueksehir,TUR,1,1461.92236328,2012-02-10,2012-02-12
None,Bueyueksehir,TUR,1,1468.62426758,2012-02-13,2012-02-14
None,Bueyueksehir,TUR,1,1478.20117188,2012-02-15,2012-02-16
None,Bueyueksehir,TUR,1,1475.12475586,2012-02-17,2012-02-20
None,Bueyueksehir,TUR,1,1470.14624023,2012-02-21,2012-02-23
None,Bueyueksehir,TUR,1,1465.39147949,2012-02-24,2012-02-26
None,Bueyueksehir,TUR,1,1478.62023926,2012-02-27,2012-03-04
None,Bueyueksehir,TUR,1,1465.10534668,2012-03-05,2012-03-08
None,Bueyueksehir,TUR,1,1463.12304688,2012-03-09,2012-03-10
None,Bueyueksehir,TUR,1,1469.7277832,2012-03-11,2012-03-15
None,Bueyueksehir,TUR,1,1467.81616211,2012-03-16,2012-03-18
None,Bueyueksehir,TUR,1,1456.81616211,2012-03-19,2012-03-26
None,Bueyueksehir,TUR,1,1458.87316895,2012-03-27,2012-03-31
None,Bueyueksehir,TUR,1,1469.41052246,2012-04-01,2012-04-07
None,Bueyueksehir,TUR,1,1476.2253418,2012-04-08,2012-04-14
None,Bueyueksehir,TUR,1,1474.66699219,2012-04-15,2012-04-21
None,Bueyueksehir,TUR,1,1469.55725098,2012-04-22,2012-04-28
None,Bueyueksehir,TUR,1,1479.37451172,2012-04-29,2012-05-02
None,Bueyueksehir,TUR,1,1489.41149902,2012-05-03,2012-05-05
None,Bueyueksehir,TUR,1,1480.61071777,2012-05-06,2012-05-12
None,Bueyueksehir,TUR,1,1464.09985352,2012-05-13,2012-07-19
None,Bueyueksehir,TUR,1,1465.84008789,2012-07-20,2012-07-26
None,Bueyueksehir,TUR,1,1466.11791992,2012-07-27,2012-08-01
None,Bueyueksehir,TUR,1,1463.51013184,2012-08-02,2012-08-02
None,Bueyueksehir,TUR,1,1459.86047363,2012-08-03,2012-08-08
None,Bueyueksehir,TUR,1,1467.07421875,2012-08-09,2012-08-09
None,Bueyueksehir,TUR,1,1468.56152344,2012-08-10,2012-08-19
None,Bueyueksehir,TUR,1,1469.9197998,2012-08-20,2012-08-21
None,Bueyueksehir,TUR,1,1468.59240723,2012-08-22,2012-08-23
None,Bueyueksehir,TUR,1,1472.50134277,2012-08-24,2012-08-26
None,Bueyueksehir,TUR,1,1484.81005859,2012-08-27,2012-08-29
None,Bueyueksehir,TUR,1,1481.27197266,2012-08-30,2012-08-30
None,Bueyueksehir,TUR,1,1471.57568359,2012-08-31,2012-09-01
None,Bueyueksehir,TUR,1,1461.11047363,2012-09-02,2012-09-16
None,Bueyueksehir,TUR,1,1475.48986816,2012-09-17,2012-09-19
None,Bueyueksehir,TUR,1,1474.73278809,2012-09-20,2012-09-20
None,Bueyueksehir,TUR,1,1474.07421875,2012-09-21,2012-09-22
None,Bueyueksehir,TUR,1,1472.5098877,2012-09-23,2012-09-30
None,Bueyueksehir,TUR,1,1466.60668945,2012-10-01,2012-10-02
None,Bueyueksehir,TUR,1,1460.60839844,2012-10-03,2012-10-04
None,Bueyueksehir,TUR,1,1468.74572754,2012-10-05,2012-10-06
None,Bueyueksehir,TUR,1,1455.93395996,2012-10-07,2012-10-22
None,Bueyueksehir,TUR,1,1464.7677002,2012-10-23,2012-10-23
None,Bueyueksehir,TUR,1,1462.68725586,2012-10-24,2012-10-25
None,Bueyueksehir,TUR,1,1465.00134277,2012-10-26,2012-10-27
None,Bueyueksehir,TUR,1,1452.8494873,2012-10-28,2012-11-02
None,Bueyueksehir,TUR,1,1445.54394531,2012-11-03,2012-11-07
None,Bueyueksehir,TUR,1,1451.52587891,2012-11-08,2012-11-08
None,Bueyueksehir,TUR,1,1452.7520752,2012-11-09,2012-11-10
None,Bueyueksehir,TUR,1,1442.95874023,2012-11-11,2012-11-17
None,Bueyueksehir,TUR,1,1438.52490234,2012-11-18,2012-11-20
None,Bueyueksehir,TUR,1,1444.46728516,2012-11-21,2012-11-22
None,Bueyueksehir,TUR,1,1449.66101074,2012-11-23,2012-11-25
None,Bueyueksehir,TUR,1,1444.82104492,2012-11-26,2012-12-02
None,Bueyueksehir,TUR,1,1455.42224121,2012-12-03,2012-12-05
None,Bueyueksehir,TUR,1,1460.54882812,2012-12-06,2012-12-06
None,Bueyueksehir,TUR,1,1453.19165039,2012-12-07,2012-12-09
None,Bueyueksehir,TUR,1,1450.87072754,2012-12-10,2012-12-16
None,Bueyueksehir,TUR,1,1460.75085449,2012-12-17,2012-12-22
None,Bueyueksehir,TUR,1,1473.24255371,2012-12-23,2013-01-19
None,Bueyueksehir,TUR,1,1478.26257324,2013-01-20,2013-01-26
None,Bueyueksehir,TUR,1,1493.18969727,2013-01-27,2013-02-02
None,Bueyueksehir,TUR,1,1486.51989746,2013-02-03,2013-02-09
None,Bueyueksehir,TUR,1,1468.48303223,2013-02-10,2013-02-14
None,Bueyueksehir,TUR,1,1468.88769531,2013-02-15,2013-02-17
None,Bueyueksehir,TUR,1,1470.96704102,2013-02-18,2013-02-20
None,Bueyueksehir,TUR,1,1470.10510254,2013-02-21,2013-02-21
None,Bueyueksehir,TUR,1,1473.3223877,2013-02-22,2013-02-23
None,Bueyueksehir,TUR,1,1473.38916016,2013-02-24,2013-03-01
None,Bueyueksehir,TUR,1,1475.69665527,2013-03-02,2013-03-07
None,Bueyueksehir,TUR,1,1480.3996582,2013-03-08,2013-03-09
None,Bueyueksehir,TUR,1,1479.50964355,2013-03-10,2013-03-12
None,Bueyueksehir,TUR,1,1487.83325195,2013-03-13,2013-03-14
None,Bueyueksehir,TUR,1,1488.6262207,2013-03-15,2013-03-16
None,Bueyueksehir,TUR,1,1495.50708008,2013-03-17,2013-03-30
None,Bueyueksehir,TUR,1,1491.91943359,2013-03-31,2013-04-03
None,Bueyueksehir,TUR,1,1491.16137695,2013-04-04,2013-04-04
None,Bueyueksehir,TUR,1,1495.97412109,2013-04-05,2013-04-06
None,Bueyueksehir,TUR,1,1493.67431641,2013-04-07,2013-04-09
None,Bueyueksehir,TUR,1,1493.79870605,2013-04-10,2013-04-11
None,Bueyueksehir,TUR,1,1495.47167969,2013-04-12,2013-04-14
None,Bueyueksehir,TUR,1,1487.46508789,2013-04-15,2013-04-21
None,Bueyueksehir,TUR,1,1475.35192871,2013-04-22,2013-04-25
None,Bueyueksehir,TUR,1,1478.24768066,2013-04-26,2013-04-27
None,Bueyueksehir,TUR,1,1467.78869629,2013-04-28,2013-05-02
None,Bueyueksehir,TUR,1,1462.74621582,2013-05-03,2013-05-05
None,Bueyueksehir,TUR,1,1480.33886719,2013-05-06,2013-05-13
None,Bueyueksehir,TUR,1,1475.50280762,2013-05-14,2013-05-18
None,Bueyueksehir,TUR,1,1466.20751953,2013-05-19,2013-07-01
None,Bueyueksehir,TUR,1,1408.81140137,2014-07-01,2014-07-17
None,Bueyueksehir,TUR,1,1407.45874023,2014-07-18,2014-07-24
None,Bueyueksehir,TUR,1,1403.91174316,2014-07-25,2014-07-30
None,Bueyueksehir,TUR,1,1408.21569824,2014-07-31,2014-07-31
None,Bueyueksehir,TUR,1,1407.46069336,2014-08-01,2014-08-06
None,Bueyueksehir,TUR,1,1411.74047852,2014-08-07,2014-08-07
None,Bueyueksehir,TUR,1,1415.34899902,2014-08-08,2014-08-19
None,Bueyueksehir,TUR,1,1416.31262207,2014-08-20,2014-08-21
None,Bueyueksehir,TUR,1,1423.99597168,2014-08-22,2014-08-27
None,Bueyueksehir,TUR,1,1421.68908691,2014-08-28,2014-08-28
None,Bueyueksehir,TUR,1,1422.31079102,2014-08-29,2014-08-30
None,Bueyueksehir,TUR,1,1424.36193848,2014-08-31,2014-09-13
None,Bueyueksehir,TUR,1,1429.0916748,2014-09-14,2014-09-16
None,Bueyueksehir,TUR,1,1427.15185547,2014-09-17,2014-09-18
None,Bueyueksehir,TUR,1,1429.44433594,2014-09-19,2014-09-22
None,Bueyueksehir,TUR,1,1432.93078613,2014-09-23,2014-09-29
None,Bueyueksehir,TUR,1,1436.1541748,2014-09-30,2014-10-01
None,Bueyueksehir,TUR,1,1433.8404541,2014-10-02,2014-10-02
None,Bueyueksehir,TUR,1,1431.12536621,2014-10-03,2014-10-05
None,Bueyueksehir,TUR,1,1448.03137207,2014-10-06,2014-10-18
None,Bueyueksehir,TUR,1,1450.7890625,2014-10-19,2014-10-22
None,Bueyueksehir,TUR,1,1445.7779541,2014-10-23,2014-10-23
None,Bueyueksehir,TUR,1,1451.9921875,2014-10-24,2014-10-26
None,Bueyueksehir,TUR,1,1475.48388672,2014-10-27,2014-11-01
None,Bueyueksehir,TUR,1,1470.2578125,2014-11-02,2014-11-04
None,Bueyueksehir,TUR,1,1468.48278809,2014-11-05,2014-11-06
None,Bueyueksehir,TUR,1,1468.9329834,2014-11-07,2014-11-09
None,Bueyueksehir,TUR,1,1463.06689453,2014-11-10,2014-11-22
None,Bueyueksehir,TUR,1,1477.83874512,2014-11-23,2014-11-26
None,Bueyueksehir,TUR,1,1473.30505371,2014-11-27,2014-11-27
None,Bueyueksehir,TUR,1,1475.74365234,2014-11-28,2014-11-28
None,Bueyueksehir,TUR,1,1475.51525879,2014-11-29,2014-12-07
None,Bueyueksehir,TUR,1,1486.21789551,2014-12-08,2014-12-09
None,Bueyueksehir,TUR,1,1482.37866211,2014-12-10,2014-12-11
None,Bueyueksehir,TUR,1,1482.24731445,2014-12-12,2014-12-13
None,Bueyueksehir,TUR,1,1486.01318359,2014-12-14,2014-12-20
None,Bueyueksehir,TUR,1,1499.80224609,2014-12-21,2014-12-27
None,Bueyueksehir,TUR,1,1506.9107666,2014-12-28,2015-01-03
None,Bueyueksehir,TUR,1,1503.16088867,2015-01-04,2015-01-24
None,Bueyueksehir,TUR,1,1499.84362793,2015-01-25,2015-01-31
None,Bueyueksehir,TUR,1,1510.33789062,2015-02-01,2015-02-06
None,Bueyueksehir,TUR,1,1507.59643555,2015-02-07,2015-02-15
None,Bueyueksehir,TUR,1,1503.09301758,2015-02-16,2015-02-19
None,Bueyueksehir,TUR,1,1497.50830078,2015-02-20,2015-02-21
None,Bueyueksehir,TUR,1,1503.0390625,2015-02-22,2015-02-26
None,Bueyueksehir,TUR,1,1507.53479004,2015-02-27,2015-03-01
None,Bueyueksehir,TUR,1,1519.46264648,2015-03-02,2015-03-08
None,Bueyueksehir,TUR,1,1515.81115723,2015-03-09,2015-03-12
None,Bueyueksehir,TUR,1,1513.78857422,2015-03-13,2015-03-14
None,Bueyueksehir,TUR,1,1518.99157715,2015-03-15,2015-03-19
None,Bueyueksehir,TUR,1,1511.58483887,2015-03-20,2015-03-22
None,Bueyueksehir,TUR,1,1520.55493164,2015-03-23,2015-04-06
None,Bueyueksehir,TUR,1,1525.36779785,2015-04-07,2015-04-19
None,Bueyueksehir,TUR,1,1532.20153809,2015-04-20,2015-04-25
None,Bueyueksehir,TUR,1,1521.74658203,2015-04-26,2015-05-02
None,Bueyueksehir,TUR,1,1518.31542969,2015-05-03,2015-05-09
None,Bueyueksehir,TUR,1,1524.34643555,2015-05-10,2015-05-12
None,Bueyueksehir,TUR,1,1529.95812988,2015-05-13,2015-05-17
None,Bueyueksehir,TUR,1,1535.76867676,2015-05-18,2015-05-25
None,Bueyueksehir,TUR,1,1538.42346191,2015-05-26,2015-05-30
None,Bueyueksehir,TUR,1,1538.46203613,2015-05-31,2015-07-16
None,Bueyueksehir,TUR,1,1538.49572754,2015-07-17,2015-07-23
None,Bueyueksehir,TUR,1,1538.65148926,2015-07-24,2015-07-28
None,Bueyueksehir,TUR,1,1538.23962402,2015-07-29,2015-07-30
None,Bueyueksehir,TUR,1,1519.1640625,2015-07-31,2015-08-05
None,Bueyueksehir,TUR,1,1512.82055664,2015-08-06,2015-08-06
None,Bueyueksehir,TUR,1,1489.91540527,2015-08-07,2015-08-15
None,Bueyueksehir,TUR,1,1477.87609863,2015-08-16,2015-08-20
None,Bueyueksehir,TUR,1,1480.03051758,2015-08-21,2015-08-21
None,Bueyueksehir,TUR,1,1473.00952148,2015-08-22,2015-08-27
None,Bueyueksehir,TUR,1,1475.8157959,2015-08-28,2015-08-29
None,Bueyueksehir,TUR,1,1483.25671387,2015-08-30,2015-09-13
None,Bueyueksehir,TUR,1,1477.97424316,2015-09-14,2015-09-15
None,Bueyueksehir,TUR,1,1476.11987305,2015-09-16,2015-09-17
None,Bueyueksehir,TUR,1,1467.24609375,2015-09-18,2015-09-18
None,Bueyueksehir,TUR,1,1475.42077637,2015-09-19,2015-09-28
None,Bueyueksehir,TUR,1,1482.82897949,2015-09-29,2015-09-30
None,Bueyueksehir,TUR,1,1480.94311523,2015-10-01,2015-10-01
None,Bueyueksehir,TUR,1,1480.88635254,2015-10-02,2015-10-03
None,Bueyueksehir,TUR,1,1472.32495117,2015-10-04,2015-10-19
None,Bueyueksehir,TUR,1,1486.62304688,2015-10-20,2015-10-21
None,Bueyueksehir,TUR,1,1491.85083008,2015-10-22,2015-10-22
None,Bueyueksehir,TUR,1,1496.73962402,2015-10-23,2015-10-25
None,Bueyueksehir,TUR,1,1509.47460938,2015-10-26,2015-10-29
None,Bueyueksehir,TUR,1,1508.0690918,2015-10-30,2015-11-03
None,Bueyueksehir,TUR,1,1506.65112305,2015-11-04,2015-11-05
None,Bueyueksehir,TUR,1,1507.08032227,2015-11-06,2015-11-07
None,Bueyueksehir,TUR,1,1513.71496582,2015-11-08,2015-11-23
None,Bueyueksehir,TUR,1,1520.50512695,2015-11-24,2015-11-25
None,Bueyueksehir,TUR,1,1519.59545898,2015-11-26,2015-11-26
None,Bueyueksehir,TUR,1,1524.62609863,2015-11-27,2015-11-28
None,Bueyueksehir,TUR,1,1523.52355957,2015-11-29,2015-12-06
None,Bueyueksehir,TUR,1,1530.16149902,2015-12-07,2015-12-08
None,Bueyueksehir,TUR,1,1527.03186035,2015-12-09,2015-12-10
None,Bueyueksehir,TUR,1,1521.56262207,2015-12-11,2015-12-13
None,Bueyueksehir,TUR,1,1517.88269043,2015-12-14,2015-12-20
None,Bueyueksehir,TUR,1,1521.07336426,2015-12-21,2015-12-26
None,Bueyueksehir,TUR,1,1512.15393066,2015-12-27,2016-01-17
None,Bueyueksehir,TUR,1,1519.00610352,2016-01-18,2016-01-25
None,Bueyueksehir,TUR,1,1516.09838867,2016-01-26,2016-02-06
None,Bueyueksehir,TUR,1,1516.63256836,2016-02-07,2016-02-14
None,Bueyueksehir,TUR,1,1518.38818359,2016-02-15,2016-02-16
None,Bueyueksehir,TUR,1,1523.06213379,2016-02-17,2016-02-18
None,Bueyueksehir,TUR,1,1522.62084961,2016-02-19,2016-02-21
None,Bueyueksehir,TUR,1,1523.3470459,2016-02-22,2016-02-25
None,Bueyueksehir,TUR,1,1521.4465332,2016-02-26,2016-02-26
None,Bueyueksehir,TUR,1,1525.26477051,2016-02-27,2016-03-06
None,Bueyueksehir,TUR,1,1528.50036621,2016-03-07,2016-03-10
None,Bueyueksehir,TUR,1,1530.46374512,2016-03-11,2016-03-12
None,Bueyueksehir,TUR,1,1518.94848633,2016-03-13,2016-03-17
None,Bueyueksehir,TUR,1,1507.66992188,2016-03-18,2016-03-20
None,Bueyueksehir,TUR,1,1509.62548828,2016-03-21,2016-04-03
None,Bueyueksehir,TUR,1,1515.85461426,2016-04-04,2016-04-10
None,Bueyueksehir,TUR,1,1516.33557129,2016-04-11,2016-04-17
None,Bueyueksehir,TUR,1,1523.01818848,2016-04-18,2016-04-23
None,Bueyueksehir,TUR,1,1517.75439453,2016-04-24,2016-04-30
None,Bueyueksehir,TUR,1,1518.22131348,2016-05-01,2016-05-09
None,Bueyueksehir,TUR,1,1528.34753418,2016-05-10,2016-05-14
None,Bueyueksehir,TUR,1,1534.63708496,2016-05-15,2016-05-18
None,Bueyueksehir,TUR,1,1538.03967285,2016-05-19,2016-07-14
None,Bueyueksehir,TUR,1,1538.25842285,2016-07-15,2016-07-21
None,Bueyueksehir,TUR,1,1540.3638916,2016-07-22,2016-07-27
None,Bueyueksehir,TUR,1,1542.15808105,2016-07-28,2016-07-28
None,Bueyueksehir,TUR,1,1540.05126953,2016-07-29,2016-08-03
None,Bueyueksehir,TUR,1,1533.58874512,2016-08-04,2016-08-04
None,Bueyueksehir,TUR,1,1548.48913574,2016-08-05,2016-08-18
None,Bueyueksehir,TUR,1,1550.88293457,2016-08-19,2016-08-21
None,Bueyueksehir,TUR,1,1559.80114746,2016-08-22,2016-08-25
None,Bueyueksehir,TUR,1,1563.20092773,2016-08-26,2016-08-28
None,Bueyueksehir,TUR,1,1574.11157227,2016-08-29,2016-09-10
None,Bueyueksehir,TUR,1,1579.53479004,2016-09-11,2016-09-13
None,Bueyueksehir,TUR,1,1582.4786377,2016-09-14,2016-09-15
None,Bueyueksehir,TUR,1,1584.44140625,2016-09-16,2016-09-18
None,Bueyueksehir,TUR,1,1589.8236084,2016-09-19,2016-09-24
None,Bueyueksehir,TUR,1,1586.80834961,2016-09-25,2016-09-28
None,Bueyueksehir,TUR,1,1586.49780273,2016-09-29,2016-09-29
None,Bueyueksehir,TUR,1,1581.25073242,2016-09-30,2016-10-02
None,Bueyueksehir,TUR,1,1593.06005859,2016-10-03,2016-10-16
None,Bueyueksehir,TUR,1,1589.59106445,2016-10-17,2016-10-19
None,Bueyueksehir,TUR,1,1595.45898438,2016-10-20,2016-10-20
None,Bueyueksehir,TUR,1,1594.73522949,2016-10-21,2016-10-23
None,Bueyueksehir,TUR,1,1602.30114746,2016-10-24,2016-10-30
99,Bueyueksehir,TUR,1,1608.79760742,2016-10-31,2016-11-01
99,Bueyueksehir,TUR,1,1608.92602539,2016-11-02,2016-11-02
100,Bueyueksehir,TUR,1,1608.92602539,2016-11-03,2016-11-03
93,Bueyueksehir,TUR,1,1617.13476562,2016-11-04,2016-11-04
87,Bueyueksehir,TUR,1,1626.28210449,2016-11-05,2016-11-05
84,Bueyueksehir,TUR,1,1626.28210449,2016-11-06,2016-11-13
85,Bueyueksehir,TUR,1,1626.28210449,2016-11-14,2016-11-19
86,Bueyueksehir,TUR,1,1626.28210449,2016-11-20,2016-11-20
84,Bueyueksehir,TUR,1,1626.28210449,2016-11-21,2016-11-21
84,Bueyueksehir,TUR,1,1628.60803223,2016-11-22,2016-11-22
86,Bueyueksehir,TUR,1,1628.60803223,2016-11-23,2016-11-23
84,Bueyueksehir,TUR,1,1629.27258301,2016-11-24,2016-11-24
83,Bueyueksehir,TUR,1,1627.05151367,2016-11-25,2016-11-25
84,Bueyueksehir,TUR,1,1627.05151367,2016-11-26,2016-11-26
82,Bueyueksehir,TUR,1,1631.03894043,2016-11-27,2016-11-27
83,Bueyueksehir,TUR,1,1631.03894043,2016-11-28,2016-12-03
86,Bueyueksehir,TUR,1,1624.99377441,2016-12-04,2016-12-04
89,Bueyueksehir,TUR,1,1624.99377441,2016-12-05,2016-12-05
90,Bueyueksehir,TUR,1,1624.99377441,2016-12-06,2016-12-06
94,Bueyueksehir,TUR,1,1619.16333008,2016-12-07,2016-12-07
92,Bueyueksehir,TUR,1,1619.16333008,2016-12-08,2016-12-08
91,Bueyueksehir,TUR,1,1621.00720215,2016-12-09,2016-12-10
94,Bueyueksehir,TUR,1,1619.37756348,2016-12-11,2016-12-11
93,Bueyueksehir,TUR,1,1619.37756348,2016-12-12,2016-12-15
94,Bueyueksehir,TUR,1,1619.37756348,2016-12-16,2016-12-17
90,Bueyueksehir,TUR,1,1622.0057373,2016-12-18,2016-12-18
88,Bueyueksehir,TUR,1,1622.0057373,2016-12-19,2016-12-24
92,Bueyueksehir,TUR,1,1616.7623291,2016-12-25,2016-12-26
91,Bueyueksehir,TUR,1,1616.7623291,2016-12-27,2017-01-02
92,Bueyueksehir,TUR,1,1616.7623291,2017-01-03,2017-01-03
90,Bueyueksehir,TUR,1,1616.7623291,2017-01-04,2017-01-08
89,Bueyueksehir,TUR,1,1616.7623291,2017-01-09,2017-01-14
87,Bueyueksehir,TUR,1,1621.05712891,2017-01-15,2017-01-15
86,Bueyueksehir,TUR,1,1621.05712891,2017-01-16,2017-01-22
89,Bueyueksehir,TUR,1,1616.10961914,2017-01-23,2017-01-29
87,Bueyueksehir,TUR,1,1619.50195312,2017-01-30,2017-01-31
88,Bueyueksehir,TUR,1,1619.50195312,2017-02-01,2017-02-04
87,Bueyueksehir,TUR,1,1619.50195312,2017-02-05,2017-02-05
86,Bueyueksehir,TUR,1,1619.50195312,2017-02-06,2017-02-07
87,Bueyueksehir,TUR,1,1619.50195312,2017-02-08,2017-02-10
86,Bueyueksehir,TUR,1,1619.50195312,2017-02-11,2017-02-11
87,Bueyueksehir,TUR,1,1619.50195312,2017-02-12,2017-02-12
98,Bueyueksehir,TUR,1,1598.84411621,2017-02-13,2017-02-14
99,Bueyueksehir,TUR,1,1598.84411621,2017-02-15,2017-02-15
98,Bueyueksehir,TUR,1,1598.84411621,2017-02-16,2017-02-16
98,Bueyueksehir,TUR,1,1601.99133301,2017-02-17,2017-02-17
100,Bueyueksehir,TUR,1,1601.99133301,2017-02-18,2017-02-18
None,Bueyueksehir,TUR,1,1594.66577148,2017-02-19,2017-02-22
None,Bueyueksehir,TUR,1,1592.26806641,2017-02-23,2017-02-23
None,Bueyueksehir,TUR,1,1586.44702148,2017-02-24,2017-02-26
None,Bueyueksehir,TUR,1,1594.86804199,2017-02-27,2017-03-05
None,Bueyueksehir,TUR,1,1597.34643555,2017-03-06,2017-03-09
None,Bueyueksehir,TUR,1,1598.28259277,2017-03-10,2017-03-12
93,Bueyueksehir,TUR,1,1611.65307617,2017-03-13,2017-03-14
92,Bueyueksehir,TUR,1,1611.65307617,2017-03-15,2017-03-15
91,Bueyueksehir,TUR,1,1611.65307617,2017-03-16,2017-03-16
89,Bueyueksehir,TUR,1,1616.73242188,2017-03-17,2017-03-18
87,Bueyueksehir,TUR,1,1616.73242188,2017-03-19,2017-03-19
95,Bueyueksehir,TUR,1,1610.30688477,2017-03-20,2017-04-01
None,Bueyueksehir,TUR,1,1599.41638184,2017-04-02,2017-04-10
95,Bueyueksehir,TUR,1,1610.90087891,2017-04-11,2017-04-11
96,Bueyueksehir,TUR,1,1610.90087891,2017-04-12,2017-04-13
96,Bueyueksehir,TUR,1,1609.79406738,2017-04-14,2017-04-15
93,Bueyueksehir,TUR,1,1609.79406738,2017-04-16,2017-04-17
92,Bueyueksehir,TUR,1,1609.79406738,2017-04-18,2017-04-19
94,Bueyueksehir,TUR,1,1609.79406738,2017-04-20,2017-04-20
92,Bueyueksehir,TUR,1,1611.26208496,2017-04-21,2017-04-22
95,Bueyueksehir,TUR,1,1607.01586914,2017-04-23,2017-04-26
96,Bueyueksehir,TUR,1,1607.01586914,2017-04-27,2017-04-29
97,Bueyueksehir,TUR,1,1607.01586914,2017-04-30,2017-04-30
91,Bueyueksehir,TUR,1,1619.87121582,2017-05-01,2017-05-01
90,Bueyueksehir,TUR,1,1619.87121582,2017-05-02,2017-05-05
89,Bueyueksehir,TUR,1,1626.47277832,2017-05-06,2017-05-06
88,Bueyueksehir,TUR,1,1626.47277832,2017-05-07,2017-05-07
87,Bueyueksehir,TUR,1,1626.47277832,2017-05-08,2017-05-12
86,Bueyueksehir,TUR,1,1626.47277832,2017-05-13,2017-05-13
88,Bueyueksehir,TUR,1,1629.86230469,2017-05-14,2017-05-20
87,Bueyueksehir,TUR,1,1629.86230469,2017-05-21,2017-05-21
87,Bueyueksehir,TUR,1,1628.00585938,2017-05-22,2017-05-27
87,Bueyueksehir,TUR,1,1629.61315918,2017-05-28,2017-05-28
85,Bueyueksehir,TUR,1,1629.61315918,2017-05-29,2017-06-03
83,Bueyueksehir,TUR,1,1634.3684082,2017-06-04,2017-06-17
84,Bueyueksehir,TUR,1,1634.3684082,2017-06-18,2017-07-13
86,Bueyueksehir,TUR,1,1628.6661377,2017-07-14,2017-07-20
94,Bueyueksehir,TUR,1,1620.75793457,2017-07-21,2017-07-21
95,Bueyueksehir,TUR,1,1620.75793457,2017-07-22,2017-07-25
96,Bueyueksehir,TUR,1,1620.75793457,2017-07-26,2017-07-26
87,Bueyueksehir,TUR,1,1629.25317383,2017-07-27,2017-07-27
86,Bueyueksehir,TUR,1,1631.9921875,2017-07-28,2017-07-30
87,Bueyueksehir,TUR,1,1631.9921875,2017-07-31,2017-08-02
74,Bueyueksehir,TUR,1,1647.05102539,2017-08-03,2017-08-03
71,Bueyueksehir,TUR,1,1646.9140625,2017-08-04,2017-08-05
72,Bueyueksehir,TUR,1,1646.9140625,2017-08-06,2017-08-06
71,Bueyueksehir,TUR,1,1646.9140625,2017-08-07,2017-08-11
69,Bueyueksehir,TUR,1,1648.83752441,2017-08-12,2017-08-12
71,Bueyueksehir,TUR,1,1648.83752441,2017-08-13,2017-08-15
70,Bueyueksehir,TUR,1,1648.83752441,2017-08-16,2017-08-16
74,Bueyueksehir,TUR,1,1641.76171875,2017-08-17,2017-08-17
79,Bueyueksehir,TUR,1,1636.56799316,2017-08-18,2017-08-19
95,Bueyueksehir,TUR,1,1619.37072754,2017-08-20,2017-08-20
93,Bueyueksehir,TUR,1,1619.37072754,2017-08-21,2017-08-22
92,Bueyueksehir,TUR,1,1620.90124512,2017-08-23,2017-08-23
90,Bueyueksehir,TUR,1,1620.90124512,2017-08-24,2017-08-24
96,Bueyueksehir,TUR,1,1606.6418457,2017-08-25,2017-08-27
92,Bueyueksehir,TUR,1,1609.8939209,2017-08-28,2017-08-28
93,Bueyueksehir,TUR,1,1609.8939209,2017-08-29,2017-09-03
92,Bueyueksehir,TUR,1,1609.8939209,2017-09-04,2017-09-09
90,Bueyueksehir,TUR,1,1618.91369629,2017-09-10,2017-09-12
89,Bueyueksehir,TUR,1,1618.91369629,2017-09-13,2017-09-13
86,Bueyueksehir,TUR,1,1626.52258301,2017-09-14,2017-09-14
88,Bueyueksehir,TUR,1,1618.14758301,2017-09-15,2017-09-16
86,Bueyueksehir,TUR,1,1618.14758301,2017-09-17,2017-09-17
88,Bueyueksehir,TUR,1,1612.93237305,2017-09-18,2017-09-23
97,Bueyueksehir,TUR,1,1601.67907715,2017-09-24,2017-09-26
92,Bueyueksehir,TUR,1,1605.05969238,2017-09-27,2017-09-27
93,Bueyueksehir,TUR,1,1605.05969238,2017-09-28,2017-09-28
94,Bueyueksehir,TUR,1,1598.94775391,2017-09-29,2017-10-01
90,Bueyueksehir,TUR,1,1604.0078125,2017-10-02,2017-10-14
89,Bueyueksehir,TUR,1,1606.56176758,2017-10-15,2017-10-17
85,Bueyueksehir,TUR,1,1612.28820801,2017-10-18,2017-10-19
93,Bueyueksehir,TUR,1,1602.40466309,2017-10-20,2017-10-20
92,Bueyueksehir,TUR,1,1602.40466309,2017-10-21,2017-10-22
91,Bueyueksehir,TUR,1,1602.40466309,2017-10-23,2017-10-23
90,Bueyueksehir,TUR,1,1607.19470215,2017-10-24,2017-10-25
89,Bueyueksehir,TUR,1,1607.19470215,2017-10-26,2017-10-28
86,Bueyueksehir,TUR,1,1611.33605957,2017-10-29,2017-10-29
85,Bueyueksehir,TUR,1,1611.33605957,2017-10-30,2017-10-31
86,Bueyueksehir,TUR,1,1611.33605957,2017-11-01,2017-11-01
86,Bueyueksehir,TUR,1,1611.47521973,2017-11-02,2017-11-02
85,Bueyueksehir,TUR,1,1614.19091797,2017-11-03,2017-11-03
86,Bueyueksehir,TUR,1,1614.19091797,2017-11-04,2017-11-04
85,Bueyueksehir,TUR,1,1614.19091797,2017-11-05,2017-11-05
82,Bueyueksehir,TUR,1,1620.46142578,2017-11-06,2017-11-18
77,Bueyueksehir,TUR,1,1631.16003418,2017-11-19,2017-11-19
78,Bueyueksehir,TUR,1,1631.16003418,2017-11-20,2017-11-21
78,Bueyueksehir,TUR,1,1630.66137695,2017-11-22,2017-11-22
76,Bueyueksehir,TUR,1,1630.66137695,2017-11-23,2017-11-23
67,Bueyueksehir,TUR,1,1645.53308105,2017-11-24,2017-11-25
65,Bueyueksehir,TUR,1,1645.53308105,2017-11-26,2017-11-26
64,Bueyueksehir,TUR,1,1645.53308105,2017-11-27,2017-11-27
68,Bueyueksehir,TUR,1,1642.48327637,2017-11-28,2017-12-02
69,Bueyueksehir,TUR,1,1642.48327637,2017-12-03,2017-12-03
68,Bueyueksehir,TUR,1,1644.56164551,2017-12-04,2017-12-06
63,Bueyueksehir,TUR,1,1649.1932373,2017-12-07,2017-12-07
58,Bueyueksehir,TUR,1,1657.74523926,2017-12-08,2017-12-09
57,Bueyueksehir,TUR,1,1657.74523926,2017-12-10,2017-12-10
65,Bueyueksehir,TUR,1,1644.96618652,2017-12-11,2017-12-13
64,Bueyueksehir,TUR,1,1644.96618652,2017-12-14,2017-12-16
62,Bueyueksehir,TUR,1,1644.96618652,2017-12-17,2017-12-17
60,Bueyueksehir,TUR,1,1649.66174316,2017-12-18,2017-12-18
59,Bueyueksehir,TUR,1,1649.66174316,2017-12-19,2017-12-21
60,Bueyueksehir,TUR,1,1649.66174316,2017-12-22,2017-12-23
59,Bueyueksehir,TUR,1,1649.66174316,2017-12-24,2017-12-24
57,Bueyueksehir,TUR,1,1654.61853027,2017-12-25,2017-12-30
58,Bueyueksehir,TUR,1,1654.61853027,2017-12-31,2018-01-02
59,Bueyueksehir,TUR,1,1654.61853027,2018-01-03,2018-01-04
60,Bueyueksehir,TUR,1,1654.61853027,2018-01-05,2018-01-07
61,Bueyueksehir,TUR,1,1654.61853027,2018-01-08,2018-01-14
62,Bueyueksehir,TUR,1,1654.61853027,2018-01-15,2018-01-20
61,Bueyueksehir,TUR,1,1654.61853027,2018-01-21,2018-01-21
55,Bueyueksehir,TUR,1,1663.0045166,2018-01-22,2018-01-29
55,Bueyueksehir,TUR,1,1666.02429199,2018-01-30,2018-01-31
56,Bueyueksehir,TUR,1,1666.02429199,2018-02-01,2018-02-03
55,Bueyueksehir,TUR,1,1666.02429199,2018-02-04,2018-02-04
58,Bueyueksehir,TUR,1,1661.93591309,2018-02-05,2018-02-10
59,Bueyueksehir,TUR,1,1661.93591309,2018-02-11,2018-02-11
68,Bueyueksehir,TUR,1,1646.0682373,2018-02-12,2018-02-15
70,Bueyueksehir,TUR,1,1646.0682373,2018-02-16,2018-02-16
69,Bueyueksehir,TUR,1,1646.0682373,2018-02-17,2018-02-18
65,Bueyueksehir,TUR,1,1652.83239746,2018-02-19,2018-02-20
65,Bueyueksehir,TUR,1,1650.91906738,2018-02-21,2018-02-22
66,Bueyueksehir,TUR,1,1650.91906738,2018-02-23,2018-02-24
65,Bueyueksehir,TUR,1,1650.91906738,2018-02-25,2018-02-25
66,Bueyueksehir,TUR,1,1650.91906738,2018-02-26,2018-02-26
68,Bueyueksehir,TUR,1,1644.7130127,2018-02-27,2018-03-02
69,Bueyueksehir,TUR,1,1644.7130127,2018-03-03,2018-03-03
68,Bueyueksehir,TUR,1,1648.13842773,2018-03-04,2018-03-07
66,Bueyueksehir,TUR,1,1648.13842773,2018-03-08,2018-03-08
67,Bueyueksehir,TUR,1,1648.13842773,2018-03-09,2018-03-09
73,Bueyueksehir,TUR,1,1627.14001465,2018-03-10,2018-03-10
74,Bueyueksehir,TUR,1,1627.14001465,2018-03-11,2018-03-11
75,Bueyueksehir,TUR,1,1627.14001465,2018-03-12,2018-03-13
74,Bueyueksehir,TUR,1,1627.14001465,2018-03-14,2018-03-14
74,Bueyueksehir,TUR,1,1626.54992676,2018-03-15,2018-03-17
76,Bueyueksehir,TUR,1,1626.54992676,2018-03-18,2018-03-18
68,Bueyueksehir,TUR,1,1635.39318848,2018-03-19,2018-03-31
69,Bueyueksehir,TUR,1,1635.39318848,2018-04-01,2018-04-01
67,Bueyueksehir,TUR,1,1641.40002441,2018-04-02,2018-04-03
68,Bueyueksehir,TUR,1,1641.40002441,2018-04-04,2018-04-06
68,Bueyueksehir,TUR,1,1643.796875,2018-04-07,2018-04-10
67,Bueyueksehir,TUR,1,1643.796875,2018-04-11,2018-04-14
69,Bueyueksehir,TUR,1,1643.796875,2018-04-15,2018-04-15
73,Bueyueksehir,TUR,1,1633.74694824,2018-04-16,2018-04-19
75,Bueyueksehir,TUR,1,1633.74694824,2018-04-20,2018-04-20
69,Bueyueksehir,TUR,1,1637.4876709,2018-04-21,2018-04-22
71,Bueyueksehir,TUR,1,1637.4876709,2018-04-23,2018-04-23
72,Bueyueksehir,TUR,1,1637.4876709,2018-04-24,2018-04-24
74,Bueyueksehir,TUR,1,1637.4876709,2018-04-25,2018-04-25
76,Bueyueksehir,TUR,1,1637.4876709,2018-04-26,2018-04-26
74,Bueyueksehir,TUR,1,1637.4876709,2018-04-27,2018-04-27
75,Bueyueksehir,TUR,1,1637.4876709,2018-04-28,2018-04-29
66,Bueyueksehir,TUR,1,1646.56787109,2018-04-30,2018-05-04
74,Bueyueksehir,TUR,1,1640.12524414,2018-05-05,2018-05-05
72,Bueyueksehir,TUR,1,1640.12524414,2018-05-06,2018-05-06
71,Bueyueksehir,TUR,1,1640.12524414,2018-05-07,2018-05-10
70,Bueyueksehir,TUR,1,1640.12524414,2018-05-11,2018-05-11
67,Bueyueksehir,TUR,1,1647.70043945,2018-05-12,2018-05-12
69,Bueyueksehir,TUR,1,1647.70043945,2018-05-13,2018-05-19
69,Bueyueksehir,TUR,1,1650.67126465,2018-05-20,2018-05-26
68,Bueyueksehir,TUR,1,1650.67126465,2018-05-27,2018-07-24
67,Bueyueksehir,TUR,1,1650.67126465,2018-07-25,2018-07-26
67,Bueyueksehir,TUR,1,1650.67492676,2018-07-27,2018-07-29
68,Bueyueksehir,TUR,1,1650.67492676,2018-07-30,2018-08-01
67,Bueyueksehir,TUR,1,1650.67492676,2018-08-02,2018-08-02
67,Bueyueksehir,TUR,1,1650.6796875,2018-08-03,2018-08-07
68,Bueyueksehir,TUR,1,1648.9230957,2018-08-08,2018-08-09
68,Bueyueksehir,TUR,1,1647.54199219,2018-08-10,2018-08-12
65,Bueyueksehir,TUR,1,1652.56982422,2018-08-13,2018-08-13
66,Bueyueksehir,TUR,1,1652.56982422,2018-08-14,2018-08-14
67,Bueyueksehir,TUR,1,1650.41589355,2018-08-15,2018-08-16
70,Bueyueksehir,TUR,1,1638.7010498,2018-08-17,2018-08-19
72,Bueyueksehir,TUR,1,1638.7010498,2018-08-20,2018-08-20
76,Bueyueksehir,TUR,1,1628.58825684,2018-08-21,2018-08-23
78,Bueyueksehir,TUR,1,1629.02062988,2018-08-24,2018-08-26
79,Bueyueksehir,TUR,1,1629.02062988,2018-08-27,2018-08-27
74,Bueyueksehir,TUR,1,1633.03588867,2018-08-28,2018-08-28
73,Bueyueksehir,TUR,1,1633.03588867,2018-08-29,2018-08-30
73,Bueyueksehir,TUR,1,1636.18713379,2018-08-31,2018-09-01
72,Bueyueksehir,TUR,1,1636.18713379,2018-09-02,2018-09-02
70,Bueyueksehir,TUR,1,1639.64746094,2018-09-03,2018-09-14
69,Bueyueksehir,TUR,1,1639.64746094,2018-09-15,2018-09-16
68,Bueyueksehir,TUR,1,1644.89135742,2018-09-17,2018-09-18
67,Bueyueksehir,TUR,1,1649.39318848,2018-09-19,2018-09-19
66,Bueyueksehir,TUR,1,1649.39318848,2018-09-20,2018-09-20
71,Bueyueksehir,TUR,1,1642.26635742,2018-09-21,2018-09-21
73,Bueyueksehir,TUR,1,1638.01013184,2018-09-22,2018-09-28
74,Bueyueksehir,TUR,1,1638.01013184,2018-09-29,2018-09-29
72,Bueyueksehir,TUR,1,1638.01013184,2018-09-30,2018-09-30
73,Bueyueksehir,TUR,1,1638.01013184,2018-10-01,2018-10-01
78,Bueyueksehir,TUR,1,1631.6060791,2018-10-02,2018-10-03
78,Bueyueksehir,TUR,1,1630.2755127,2018-10-04,2018-10-04
80,Bueyueksehir,TUR,1,1623.55761719,2018-10-05,2018-10-05
81,Bueyueksehir,TUR,1,1623.55761719,2018-10-06,2018-10-07
81,Bueyueksehir,TUR,1,1624.61560059,2018-10-08,2018-10-20
77,Bueyueksehir,TUR,1,1626.78515625,2018-10-21,2018-10-23
78,Bueyueksehir,TUR,1,1626.78515625,2018-10-24,2018-10-24
78,Bueyueksehir,TUR,1,1626.7902832,2018-10-25,2018-10-25
83,Bueyueksehir,TUR,1,1619.65795898,2018-10-26,2018-10-26
84,Bueyueksehir,TUR,1,1619.65795898,2018-10-27,2018-10-27
80,Bueyueksehir,TUR,1,1625.60168457,2018-10-28,2018-10-28
81,Bueyueksehir,TUR,1,1625.60168457,2018-10-29,2018-11-02
80,Bueyueksehir,TUR,1,1625.60168457,2018-11-03,2018-11-03
78,Bueyueksehir,TUR,1,1632.33203125,2018-11-04,2018-11-04
77,Bueyueksehir,TUR,1,1632.33203125,2018-11-05,2018-11-06
76,Bueyueksehir,TUR,1,1630.47045898,2018-11-07,2018-11-08
74,Bueyueksehir,TUR,1,1634.54211426,2018-11-09,2018-11-10
71,Bueyueksehir,TUR,1,1638.10876465,2018-11-11,2018-11-24
72,Bueyueksehir,TUR,1,1638.10876465,2018-11-25,2018-11-25
71,Bueyueksehir,TUR,1,1638.10876465,2018-11-26,2018-11-26
65,Bueyueksehir,TUR,1,1645.44689941,2018-11-27,2018-11-28
67,Bueyueksehir,TUR,1,1642.11853027,2018-11-29,2018-11-29
67,Bueyueksehir,TUR,1,1643.38269043,2018-11-30,2018-12-01
75,Bueyueksehir,TUR,1,1628.60974121,2018-12-02,2018-12-02
76,Bueyueksehir,TUR,1,1628.60974121,2018-12-03,2018-12-07
75,Bueyueksehir,TUR,1,1628.60974121,2018-12-08,2018-12-08
76,Bueyueksehir,TUR,1,1628.60974121,2018-12-09,2018-12-09
75,Bueyueksehir,TUR,1,1628.60974121,2018-12-10,2018-12-10
73,Bueyueksehir,TUR,1,1632.85717773,2018-12-11,2018-12-11
75,Bueyueksehir,TUR,1,1630.83605957,2018-12-12,2018-12-12
74,Bueyueksehir,TUR,1,1630.83605957,2018-12-13,2018-12-13
77,Bueyueksehir,TUR,1,1622.1184082,2018-12-14,2018-12-15
78,Bueyueksehir,TUR,1,1618.2331543,2018-12-16,2018-12-17
79,Bueyueksehir,TUR,1,1618.2331543,2018-12-18,2018-12-22
81,Bueyueksehir,TUR,1,1614.2520752,2018-12-23,2019-01-02
82,Bueyueksehir,TUR,1,1614.2520752,2019-01-03,2019-01-06
81,Bueyueksehir,TUR,1,1614.2520752,2019-01-07,2019-01-13
83,Bueyueksehir,TUR,1,1614.2520752,2019-01-14,2019-01-16
82,Bueyueksehir,TUR,1,1614.2520752,2019-01-17,2019-01-20
79,Bueyueksehir,TUR,1,1624.78515625,2019-01-21,2019-01-25
78,Bueyueksehir,TUR,1,1624.78515625,2019-01-26,2019-01-28
75,Bueyueksehir,TUR,1,1628.91369629,2019-01-29,2019-02-01
74,Bueyueksehir,TUR,1,1628.91369629,2019-02-02,2019-02-03
71,Bueyueksehir,TUR,1,1636.13476562,2019-02-04,2019-02-09
75,Bueyueksehir,TUR,1,1628.31091309,2019-02-10,2019-02-10
72,Bueyueksehir,TUR,1,1628.31091309,2019-02-11,2019-02-12
71,Bueyueksehir,TUR,1,1631.0390625,2019-02-13,2019-02-13
72,Bueyueksehir,TUR,1,1631.0390625,2019-02-14,2019-02-14
75,Bueyueksehir,TUR,1,1629.24975586,2019-02-15,2019-02-18
72,Bueyueksehir,TUR,1,1634.02587891,2019-02-19,2019-02-20
73,Bueyueksehir,TUR,1,1634.02587891,2019-02-21,2019-02-21
77,Bueyueksehir,TUR,1,1629.33312988,2019-02-22,2019-02-22
76,Bueyueksehir,TUR,1,1629.33312988,2019-02-23,2019-02-23
75,Bueyueksehir,TUR,1,1632.79919434,2019-02-24,2019-02-24
73,Bueyueksehir,TUR,1,1632.79919434,2019-02-25,2019-02-27
74,Bueyueksehir,TUR,1,1632.79919434,2019-02-28,2019-03-03
70,Bueyueksehir,TUR,1,1640.06054688,2019-03-04,2019-03-06
71,Bueyueksehir,TUR,1,1640.06054688,2019-03-07,2019-03-07
72,Bueyueksehir,TUR,1,1640.06054688,2019-03-08,2019-03-09
72,Bueyueksehir,TUR,1,1643.65258789,2019-03-10,2019-03-13
71,Bueyueksehir,TUR,1,1643.65258789,2019-03-14,2019-03-16
72,Bueyueksehir,TUR,1,1643.65258789,2019-03-17,2019-03-17
73,Bueyueksehir,TUR,1,1639.27355957,2019-03-18,2019-03-31
74,Bueyueksehir,TUR,1,1639.27355957,2019-04-01,2019-04-05
73,Bueyueksehir,TUR,1,1639.27355957,2019-04-06,2019-04-06
69,Bueyueksehir,TUR,1,1639.27355957,2019-04-07,2019-04-07
69,Bueyueksehir,TUR,1,1642.78149414,2019-04-08,2019-04-13
71,Bueyueksehir,TUR,1,1636.10949707,2019-04-14,2019-04-14
73,Bueyueksehir,TUR,1,1636.10949707,2019-04-15,2019-04-16
71,Bueyueksehir,TUR,1,1636.10949707,2019-04-17,2019-04-21
77,Bueyueksehir,TUR,1,1629.31933594,2019-04-22,2019-04-26
92,Bueyueksehir,TUR,1,1607.40356445,2019-04-27,2019-05-01
89,Bueyueksehir,TUR,1,1607.40356445,2019-05-02,2019-05-02
90,Bueyueksehir,TUR,1,1607.40356445,2019-05-03,2019-05-03
94,Bueyueksehir,TUR,1,1603.84899902,2019-05-04,2019-05-04
93,Bueyueksehir,TUR,1,1603.84899902,2019-05-05,2019-05-07
94,Bueyueksehir,TUR,1,1603.84899902,2019-05-08,2019-05-11
92,Bueyueksehir,TUR,1,1603.84899902,2019-05-12,2019-05-12
91,Bueyueksehir,TUR,1,1606.0135498,2019-05-13,2019-05-18
93,Bueyueksehir,TUR,1,1606.0135498,2019-05-19,2019-05-19
97,Bueyueksehir,TUR,1,1599.8918457,2019-05-20,2019-05-24
None,Bueyueksehir,TUR,1,1593.69641113,2019-05-25,2019-05-26
98,Bueyueksehir,TUR,1,1593.69641113,2019-05-27,2019-06-08
99,Bueyueksehir,TUR,1,1593.69641113,2019-06-09,2019-06-20
100,Bueyueksehir,TUR,1,1593.69641113,2019-06-21,2019-06-23
99,Bueyueksehir,TUR,1,1593.69641113,2019-06-24,2019-07-13
None,Bueyueksehir,TUR,1,1593.69641113,2019-07-14,2019-07-25
None,Bueyueksehir,TUR,1,1591.52172852,2019-07-26,2019-07-30
100,Bueyueksehir,TUR,1,1591.52172852,2019-07-31,2019-08-01
96,Bueyueksehir,TUR,1,1598.58312988,2019-08-02,2019-08-03
95,Bueyueksehir,TUR,1,1598.58312988,2019-08-04,2019-08-06
94,Bueyueksehir,TUR,1,1598.58312988,2019-08-07,2019-08-07
None,Bueyueksehir,TUR,1,1589.10839844,2019-08-08,2019-08-08
None,Bueyueksehir,TUR,1,1587.85766602,2019-08-09,2019-08-13
None,Bueyueksehir,TUR,1,1579.40368652,2019-08-14,2019-08-15
None,Bueyueksehir,TUR,1,1581.88903809,2019-08-16,2019-08-18
None,Bueyueksehir,TUR,1,1563.91711426,2019-08-19,2019-08-22
None,Bueyueksehir,TUR,1,1571.04284668,2019-08-23,2019-08-24
None,Bueyueksehir,TUR,1,1560.01843262,2019-08-25,2019-08-29
None,Bueyueksehir,TUR,1,1556.28100586,2019-08-30,2019-09-01
None,Bueyueksehir,TUR,1,1560.55187988,2019-09-02,2019-09-14
None,Bueyueksehir,TUR,1,1555.2980957,2019-09-15,2019-09-18
None,Bueyueksehir,TUR,1,1557.36621094,2019-09-19,2019-09-19
None,Bueyueksehir,TUR,1,1541.57788086,2019-09-20,2019-09-23
None,Bueyueksehir,TUR,1,1544.27368164,2019-09-24,2019-09-27
None,Bueyueksehir,TUR,1,1552.42272949,2019-09-28,2019-10-01
None,Bueyueksehir,TUR,1,1550.5612793,2019-10-02,2019-10-03
None,Bueyueksehir,TUR,1,1550.42053223,2019-10-04,2019-10-06
None,Bueyueksehir,TUR,1,1555.61889648,2019-10-07,2019-10-19
None,Bueyueksehir,TUR,1,1558.82641602,2019-10-20,2019-10-22
None,Bueyueksehir,TUR,1,1557.18786621,2019-10-23,2019-10-24
None,Bueyueksehir,TUR,1,1557.40734863,2019-10-25,2019-10-28
None,Bueyueksehir,TUR,1,1554.86486816,2019-10-29,2019-11-02
None,Bueyueksehir,TUR,1,1553.80151367,2019-11-03,2019-11-06
None,Bueyueksehir,TUR,1,1552.11035156,2019-11-07,2019-11-07
None,Bueyueksehir,TUR,1,1572.19458008,2019-11-08,2019-11-10
None,Bueyueksehir,TUR,1,1574.28271484,2019-11-11,2019-11-22
None,Bueyueksehir,TUR,1,1583.90368652,2019-11-23,2019-11-26
None,Bueyueksehir,TUR,1,1584.70275879,2019-11-27,2019-11-28
None,Bueyueksehir,TUR,1,1568.77844238,2019-11-29,2019-12-01
None,Bueyueksehir,TUR,1,1571.88000488,2019-12-02,2019-12-08
None,Bueyueksehir,TUR,1,1567.64355469,2019-12-09,2019-12-11
None,Bueyueksehir,TUR,1,1566.31445312,2019-12-12,2019-12-12
None,Bueyueksehir,TUR,1,1582.01501465,2019-12-13,2019-12-16
None,Bueyueksehir,TUR,1,1575.67260742,2019-12-17,2019-12-22
None,Bueyueksehir,TUR,1,1581.96777344,2019-12-23,2019-12-28
None,Bueyueksehir,TUR,1,1586.45483398,2019-12-29,2020-01-18
None,Bueyueksehir,TUR,1,1592.16699219,2020-01-19,2020-01-25
None,Bueyueksehir,TUR,1,1580.64465332,2020-01-26,2020-01-31
None,Bueyueksehir,TUR,1,1583.67126465,2020-02-01,2020-02-09
None,Bueyueksehir,TUR,1,1582.38354492,2020-02-10,2020-02-14
None,Bueyueksehir,TUR,1,1587.421875,2020-02-15,2020-02-20
None,Bueyueksehir,TUR,1,1576.9465332,2020-02-21,2020-02-24
None,Bueyueksehir,TUR,1,1581.40344238,2020-02-25,2020-02-27
90,Bueyueksehir,TUR,1,1613.72729492,2020-02-28,2020-02-28
89,Bueyueksehir,TUR,1,1613.72729492,2020-02-29,2020-02-29
90,Bueyueksehir,TUR,1,1613.72729492,2020-03-01,2020-03-01
91,Bueyueksehir,TUR,1,1613.72729492,2020-03-02,2020-03-02
91,Bueyueksehir,TUR,1,1616.79260254,2020-03-03,2020-03-04
90,Bueyueksehir,TUR,1,1616.79260254,2020-03-05,2020-03-07
80,Bueyueksehir,TUR,1,1625.4708252,2020-03-08,2020-03-10
82,Bueyueksehir,TUR,1,1625.4708252,2020-03-11,2020-03-11
80,Bueyueksehir,TUR,1,1625.4708252,2020-03-12,2020-03-12
77,Bueyueksehir,TUR,1,1632.21630859,2020-03-13,2020-03-15
76,Bueyueksehir,TUR,1,1632.22497559,2020-03-16,2020-05-16
77,Bueyueksehir,TUR,1,1632.22497559,2020-05-17,2020-05-23
76,Bueyueksehir,TUR,1,1632.22497559,2020-05-24,2020-05-24
75,Bueyueksehir,TUR,1,1632.22497559,2020-05-25,2020-05-26
76,Bueyueksehir,TUR,1,1632.22497559,2020-05-27,2020-05-29
75,Bueyueksehir,TUR,1,1632.22497559,2020-05-30,2020-05-30
76,Bueyueksehir,TUR,1,1632.22497559,2020-05-31,2020-06-01
75,Bueyueksehir,TUR,1,1632.22497559,2020-06-02,2020-06-05
76,Bueyueksehir,TUR,1,1632.22497559,2020-06-06,2020-06-06
77,Bueyueksehir,TUR,1,1632.22497559,2020-06-07,2020-06-10
76,Bueyueksehir,TUR,1,1632.22497559,2020-06-11,2020-06-13
72,Bueyueksehir,TUR,1,1636.31335449,2020-06-14,2020-06-19
71,Bueyueksehir,TUR,1,1639.20727539,2020-06-20,2020-06-20
73,Bueyueksehir,TUR,1,1639.20727539,2020-06-21,2020-06-24
74,Bueyueksehir,TUR,1,1639.20727539,2020-06-25,2020-06-28
74,Bueyueksehir,TUR,1,1635.29602051,2020-06-29,2020-07-01
75,Bueyueksehir,TUR,1,1635.29602051,2020-07-02,2020-07-02
74,Bueyueksehir,TUR,1,1635.29602051,2020-07-03,2020-07-04
70,Bueyueksehir,TUR,1,1641.01647949,2020-07-05,2020-07-07
70,Bueyueksehir,TUR,1,1642.97802734,2020-07-08,2020-07-13
76,Bueyueksehir,TUR,1,1629.68127441,2020-07-14,2020-07-15
77,Bueyueksehir,TUR,1,1629.68127441,2020-07-16,2020-07-18
76,Bueyueksehir,TUR,1,1629.68127441,2020-07-19,2020-07-19
75,Bueyueksehir,TUR,1,1631.33093262,2020-07-20,2020-07-26
81,Bueyueksehir,TUR,1,1619.49255371,2020-07-27,2020-08-05
None,Bueyueksehir,TUR,1,1583.16931152,2020-08-06,2020-08-25
None,Bueyueksehir,TUR,1,1580.08947754,2020-08-26,2020-09-14
None,Bueyueksehir,TUR,1,1580.08947754,2020-09-15,2020-12-31


