Rank,Club,Country,Level,Elo,From,To
None,Chateauroux,FRA,2,1522.83508301,1994-07-13,1994-07-29
None,Chateauroux,FRA,2,1525.95617676,1994-07-30,1994-08-03
None,Chateauroux,FRA,2,1520.86779785,1994-08-04,1994-08-06
None,Chateauroux,FRA,2,1511.25964355,1994-08-07,1994-08-10
None,Chateauroux,FRA,2,1512.32055664,1994-08-11,1994-08-13
None,Chateauroux,FRA,2,1509.73730469,1994-08-14,1994-08-20
None,Chateauroux,FRA,2,1519.50622559,1994-08-21,1994-08-24
None,Chateauroux,FRA,2,1519.88024902,1994-08-25,1994-08-27
None,Chateauroux,FRA,2,1514.10766602,1994-08-28,1994-08-31
None,Chateauroux,FRA,2,1524.84240723,1994-09-01,1994-09-03
None,Chateauroux,FRA,2,1534.64758301,1994-09-04,1994-09-09
None,Chateauroux,FRA,2,1521.53503418,1994-09-10,1994-09-13
None,Chateauroux,FRA,2,1529.23376465,1994-09-14,1994-09-14
None,Chateauroux,FRA,2,1532.04345703,1994-09-15,1994-09-15
None,Chateauroux,FRA,2,1527.83337402,1994-09-16,1994-09-17
None,Chateauroux,FRA,2,1529.21875,1994-09-18,1994-09-20
None,Chateauroux,FRA,2,1533.47961426,1994-09-21,1994-09-24
None,Chateauroux,FRA,2,1518.25476074,1994-09-25,1994-09-27
None,Chateauroux,FRA,2,1526.74145508,1994-09-28,1994-09-28
None,Chateauroux,FRA,2,1531.41772461,1994-09-29,1994-09-29
None,Chateauroux,FRA,2,1538.71411133,1994-09-30,1994-10-01
None,Chateauroux,FRA,2,1543.46264648,1994-10-02,1994-10-11
None,Chateauroux,FRA,2,1534.99682617,1994-10-12,1994-10-15
None,Chateauroux,FRA,2,1538.70874023,1994-10-16,1994-10-18
None,Chateauroux,FRA,2,1533.67602539,1994-10-19,1994-10-19
None,Chateauroux,FRA,2,1536.79125977,1994-10-20,1994-10-20
None,Chateauroux,FRA,2,1537.93530273,1994-10-21,1994-10-22
None,Chateauroux,FRA,2,1569.33886719,1994-10-23,1994-10-29
None,Chateauroux,FRA,2,1572.64599609,1994-10-30,1994-11-01
None,Chateauroux,FRA,2,1549.43933105,1994-11-02,1994-11-02
None,Chateauroux,FRA,2,1550.02697754,1994-11-03,1994-11-03
None,Chateauroux,FRA,2,1551.21191406,1994-11-04,1994-11-04
None,Chateauroux,FRA,2,1544.86608887,1994-11-05,1994-11-10
None,Chateauroux,FRA,2,1550.64868164,1994-11-11,1994-11-12
None,Chateauroux,FRA,2,1554.77490234,1994-11-13,1994-11-19
None,Chateauroux,FRA,2,1546.0949707,1994-11-20,1994-11-23
None,Chateauroux,FRA,2,1551.00390625,1994-11-24,1994-11-24
None,Chateauroux,FRA,2,1553.45666504,1994-11-25,1994-11-26
None,Chateauroux,FRA,2,1538.6776123,1994-11-27,1994-12-03
None,Chateauroux,FRA,2,1550.02307129,1994-12-04,1994-12-07
None,Chateauroux,FRA,2,1551.73901367,1994-12-08,1994-12-08
None,Chateauroux,FRA,2,1551.48291016,1994-12-09,1995-01-07
None,Chateauroux,FRA,2,1561.67529297,1995-01-08,1995-01-21
None,Chateauroux,FRA,2,1555.2557373,1995-01-22,1995-01-28
None,Chateauroux,FRA,2,1565.4921875,1995-01-29,1995-02-08
None,Chateauroux,FRA,2,1570.46582031,1995-02-09,1995-02-11
None,Chateauroux,FRA,2,1572.2121582,1995-02-12,1995-02-25
None,Chateauroux,FRA,2,1572.7097168,1995-02-26,1995-03-01
None,Chateauroux,FRA,2,1575.09106445,1995-03-02,1995-03-02
None,Chateauroux,FRA,2,1568.57775879,1995-03-03,1995-03-04
None,Chateauroux,FRA,2,1562.29907227,1995-03-05,1995-03-11
None,Chateauroux,FRA,2,1560.74926758,1995-03-12,1995-03-15
None,Chateauroux,FRA,2,1562.49682617,1995-03-16,1995-03-16
None,Chateauroux,FRA,2,1551.35644531,1995-03-17,1995-03-21
None,Chateauroux,FRA,2,1555.95678711,1995-03-22,1995-03-24
None,Chateauroux,FRA,2,1564.80151367,1995-03-25,1995-04-01
None,Chateauroux,FRA,2,1559.28161621,1995-04-02,1995-04-05
None,Chateauroux,FRA,2,1555.87036133,1995-04-06,1995-04-08
None,Chateauroux,FRA,2,1555.44165039,1995-04-09,1995-04-15
None,Chateauroux,FRA,2,1555.99267578,1995-04-16,1995-04-19
None,Chateauroux,FRA,2,1554.22131348,1995-04-20,1995-04-22
None,Chateauroux,FRA,2,1552.13659668,1995-04-23,1995-04-29
None,Chateauroux,FRA,2,1556.00280762,1995-04-30,1995-05-06
None,Chateauroux,FRA,2,1549.1072998,1995-05-07,1995-05-20
None,Chateauroux,FRA,2,1552.46899414,1995-05-21,1995-05-27
None,Chateauroux,FRA,2,1541.42370605,1995-05-28,1995-05-31
None,Chateauroux,FRA,2,1535.45385742,1995-06-01,1995-07-01
None,Chateauroux,FRA,2,1526.22814941,1995-07-02,1995-07-19
None,Chateauroux,FRA,2,1520.10351562,1995-07-20,1995-07-26
None,Chateauroux,FRA,2,1513.29760742,1995-07-27,1995-07-29
None,Chateauroux,FRA,2,1518.92004395,1995-07-30,1995-08-09
None,Chateauroux,FRA,2,1514.0612793,1995-08-10,1995-08-12
None,Chateauroux,FRA,2,1514.59851074,1995-08-13,1995-08-19
None,Chateauroux,FRA,2,1518.18933105,1995-08-20,1995-08-26
None,Chateauroux,FRA,2,1525.3145752,1995-08-27,1995-09-02
None,Chateauroux,FRA,2,1530.21044922,1995-09-03,1995-09-09
None,Chateauroux,FRA,2,1540.62731934,1995-09-10,1995-09-12
None,Chateauroux,FRA,2,1535.38928223,1995-09-13,1995-09-13
None,Chateauroux,FRA,2,1539.16320801,1995-09-14,1995-09-14
None,Chateauroux,FRA,2,1542.93811035,1995-09-15,1995-09-16
None,Chateauroux,FRA,2,1546.84423828,1995-09-17,1995-09-23
None,Chateauroux,FRA,2,1546.96557617,1995-09-24,1995-09-26
None,Chateauroux,FRA,2,1550.10742188,1995-09-27,1995-09-27
None,Chateauroux,FRA,2,1546.41589355,1995-09-28,1995-09-28
None,Chateauroux,FRA,2,1547.12084961,1995-09-29,1995-09-30
None,Chateauroux,FRA,2,1540.3215332,1995-10-01,1995-10-04
None,Chateauroux,FRA,2,1530.95397949,1995-10-05,1995-10-14
None,Chateauroux,FRA,2,1517.95446777,1995-10-15,1995-10-17
None,Chateauroux,FRA,2,1513.75671387,1995-10-18,1995-10-18
None,Chateauroux,FRA,2,1514.81115723,1995-10-19,1995-10-19
None,Chateauroux,FRA,2,1515.10473633,1995-10-20,1995-10-22
None,Chateauroux,FRA,2,1511.29455566,1995-10-23,1995-10-28
None,Chateauroux,FRA,2,1516.32324219,1995-10-29,1995-10-31
None,Chateauroux,FRA,2,1534.25512695,1995-11-01,1995-11-01
None,Chateauroux,FRA,2,1540.93554688,1995-11-02,1995-11-02
None,Chateauroux,FRA,2,1542.63098145,1995-11-03,1995-11-04
None,Chateauroux,FRA,2,1544.86047363,1995-11-05,1995-11-10
None,Chateauroux,FRA,2,1548.2677002,1995-11-11,1995-11-18
None,Chateauroux,FRA,2,1546.73449707,1995-11-19,1995-11-21
None,Chateauroux,FRA,2,1551.0826416,1995-11-22,1995-11-22
None,Chateauroux,FRA,2,1553.58679199,1995-11-23,1995-11-25
None,Chateauroux,FRA,2,1543.17248535,1995-11-26,1995-12-03
None,Chateauroux,FRA,2,1536.4161377,1995-12-04,1995-12-05
None,Chateauroux,FRA,2,1533.10058594,1995-12-06,1995-12-06
None,Chateauroux,FRA,2,1532.26965332,1995-12-07,1995-12-09
None,Chateauroux,FRA,2,1537.75927734,1995-12-10,1996-01-10
None,Chateauroux,FRA,2,1536.88647461,1996-01-11,1996-01-20
None,Chateauroux,FRA,2,1540.84484863,1996-01-21,1996-01-27
None,Chateauroux,FRA,2,1542.94140625,1996-01-28,1996-02-07
None,Chateauroux,FRA,2,1547.15429688,1996-02-08,1996-02-10
None,Chateauroux,FRA,2,1548.42541504,1996-02-11,1996-02-18
None,Chateauroux,FRA,2,1551.54785156,1996-02-19,1996-02-27
None,Chateauroux,FRA,2,1536.81066895,1996-02-28,1996-03-02
None,Chateauroux,FRA,2,1540.14135742,1996-03-03,1996-03-05
None,Chateauroux,FRA,2,1543.88012695,1996-03-06,1996-03-07
None,Chateauroux,FRA,2,1542.71728516,1996-03-08,1996-03-09
None,Chateauroux,FRA,2,1548.98999023,1996-03-10,1996-03-13
None,Chateauroux,FRA,2,1545.62402344,1996-03-14,1996-03-19
None,Chateauroux,FRA,2,1556.90637207,1996-03-20,1996-03-20
None,Chateauroux,FRA,2,1559.54919434,1996-03-21,1996-03-21
None,Chateauroux,FRA,2,1566.9486084,1996-03-22,1996-03-23
None,Chateauroux,FRA,2,1555.53173828,1996-03-24,1996-03-30
None,Chateauroux,FRA,2,1549.12890625,1996-03-31,1996-04-01
None,Chateauroux,FRA,2,1554.27368164,1996-04-02,1996-04-03
None,Chateauroux,FRA,2,1552.19177246,1996-04-04,1996-04-04
None,Chateauroux,FRA,2,1556.09277344,1996-04-05,1996-04-09
None,Chateauroux,FRA,2,1549.11035156,1996-04-10,1996-04-16
None,Chateauroux,FRA,2,1551.64855957,1996-04-17,1996-04-17
None,Chateauroux,FRA,2,1551.48217773,1996-04-18,1996-04-18
None,Chateauroux,FRA,2,1552.72546387,1996-04-19,1996-04-19
None,Chateauroux,FRA,2,1565.57263184,1996-04-20,1996-04-24
None,Chateauroux,FRA,2,1558.12524414,1996-04-25,1996-04-27
None,Chateauroux,FRA,2,1563.07519531,1996-04-28,1996-05-01
None,Chateauroux,FRA,2,1560.63696289,1996-05-02,1996-05-03
None,Chateauroux,FRA,2,1548.92248535,1996-05-04,1996-05-08
None,Chateauroux,FRA,2,1551.05578613,1996-05-09,1996-05-10
None,Chateauroux,FRA,2,1537.70739746,1996-05-11,1996-05-15
None,Chateauroux,FRA,2,1535.03320312,1996-05-16,1996-05-17
None,Chateauroux,FRA,2,1531.04248047,1996-05-18,1996-05-21
None,Chateauroux,FRA,2,1518.13769531,1996-05-22,1996-08-10
None,Chateauroux,FRA,2,1520.84680176,1996-08-11,1996-08-17
None,Chateauroux,FRA,2,1526.97961426,1996-08-18,1996-08-20
None,Chateauroux,FRA,2,1542.73693848,1996-08-21,1996-08-24
None,Chateauroux,FRA,2,1546.78564453,1996-08-25,1996-08-27
None,Chateauroux,FRA,2,1536.1907959,1996-08-28,1996-09-04
None,Chateauroux,FRA,2,1532.5012207,1996-09-05,1996-09-07
None,Chateauroux,FRA,2,1542.48376465,1996-09-08,1996-09-10
None,Chateauroux,FRA,2,1534.47253418,1996-09-11,1996-09-11
None,Chateauroux,FRA,2,1530.15917969,1996-09-12,1996-09-12
None,Chateauroux,FRA,2,1534.03601074,1996-09-13,1996-09-14
None,Chateauroux,FRA,2,1537.03955078,1996-09-15,1996-09-18
None,Chateauroux,FRA,2,1528.84362793,1996-09-19,1996-09-21
None,Chateauroux,FRA,2,1523.86901855,1996-09-22,1996-09-24
None,Chateauroux,FRA,2,1524.83984375,1996-09-25,1996-09-25
None,Chateauroux,FRA,2,1528.48840332,1996-09-26,1996-09-26
None,Chateauroux,FRA,2,1534.10437012,1996-09-27,1996-09-28
None,Chateauroux,FRA,2,1527.88061523,1996-09-29,1996-10-02
None,Chateauroux,FRA,2,1536.11853027,1996-10-03,1996-10-05
None,Chateauroux,FRA,2,1535.9597168,1996-10-06,1996-10-12
None,Chateauroux,FRA,2,1540.68066406,1996-10-13,1996-10-15
None,Chateauroux,FRA,2,1549.04553223,1996-10-16,1996-10-16
None,Chateauroux,FRA,2,1550.03149414,1996-10-17,1996-10-17
None,Chateauroux,FRA,2,1541.8236084,1996-10-18,1996-10-19
None,Chateauroux,FRA,2,1544.54626465,1996-10-20,1996-10-26
None,Chateauroux,FRA,2,1539.90466309,1996-10-27,1996-10-29
None,Chateauroux,FRA,2,1538.47045898,1996-10-30,1996-10-30
None,Chateauroux,FRA,2,1533.22570801,1996-10-31,1996-10-31
None,Chateauroux,FRA,2,1540.02697754,1996-11-01,1996-11-02
None,Chateauroux,FRA,2,1543.87731934,1996-11-03,1996-11-07
None,Chateauroux,FRA,2,1547.30566406,1996-11-08,1996-11-13
None,Chateauroux,FRA,2,1541.12219238,1996-11-14,1996-11-16
None,Chateauroux,FRA,2,1545.03271484,1996-11-17,1996-11-19
None,Chateauroux,FRA,2,1546.18762207,1996-11-20,1996-11-20
None,Chateauroux,FRA,2,1551.2442627,1996-11-21,1996-11-23
None,Chateauroux,FRA,2,1544.4777832,1996-11-24,1996-12-03
None,Chateauroux,FRA,2,1541.4152832,1996-12-04,1996-12-04
None,Chateauroux,FRA,2,1542.31884766,1996-12-05,1996-12-08
None,Chateauroux,FRA,2,1535.27600098,1996-12-09,1996-12-14
None,Chateauroux,FRA,2,1543.02490234,1996-12-15,1997-01-25
None,Chateauroux,FRA,2,1561.04382324,1997-01-26,1997-02-01
None,Chateauroux,FRA,2,1555.46984863,1997-02-02,1997-02-15
None,Chateauroux,FRA,2,1556.58520508,1997-02-16,1997-02-22
None,Chateauroux,FRA,2,1562.10302734,1997-02-23,1997-03-04
None,Chateauroux,FRA,2,1564.84667969,1997-03-05,1997-03-05
None,Chateauroux,FRA,2,1562.03295898,1997-03-06,1997-03-06
None,Chateauroux,FRA,2,1560.10717773,1997-03-07,1997-03-08
None,Chateauroux,FRA,2,1559.38977051,1997-03-09,1997-03-12
None,Chateauroux,FRA,2,1563.00109863,1997-03-13,1997-03-15
None,Chateauroux,FRA,2,1562.5769043,1997-03-16,1997-03-18
None,Chateauroux,FRA,2,1564.94873047,1997-03-19,1997-03-19
None,Chateauroux,FRA,2,1561.89147949,1997-03-20,1997-03-20
None,Chateauroux,FRA,2,1567.01599121,1997-03-21,1997-03-22
None,Chateauroux,FRA,2,1573.25048828,1997-03-23,1997-03-26
None,Chateauroux,FRA,2,1574.65966797,1997-03-27,1997-04-01
None,Chateauroux,FRA,2,1569.3079834,1997-04-02,1997-04-05
None,Chateauroux,FRA,2,1570.54040527,1997-04-06,1997-04-08
None,Chateauroux,FRA,2,1566.29711914,1997-04-09,1997-04-10
None,Chateauroux,FRA,2,1571.36804199,1997-04-11,1997-04-11
None,Chateauroux,FRA,2,1578.48657227,1997-04-12,1997-04-16
None,Chateauroux,FRA,2,1578.77624512,1997-04-17,1997-04-22
None,Chateauroux,FRA,2,1577.5838623,1997-04-23,1997-04-24
None,Chateauroux,FRA,2,1575.86425781,1997-04-25,1997-04-26
None,Chateauroux,FRA,2,1581.05651855,1997-04-27,1997-04-30
None,Chateauroux,FRA,2,1588.87939453,1997-05-01,1997-05-03
None,Chateauroux,FRA,2,1594.27368164,1997-05-04,1997-05-09
None,Chateauroux,FRA,2,1601.9017334,1997-05-10,1997-05-14
None,Chateauroux,FRA,2,1598.86999512,1997-05-15,1997-05-17
None,Chateauroux,FRA,2,1606.62792969,1997-05-18,1997-05-24
None,Chateauroux,FRA,2,1601.48059082,1997-05-25,1997-07-01
None,Chateauroux,FRA,1,1601.48059082,1997-07-02,1997-08-02
None,Chateauroux,FRA,1,1598.43798828,1997-08-03,1997-08-09
None,Chateauroux,FRA,1,1606.13146973,1997-08-10,1997-08-13
None,Chateauroux,FRA,1,1604.82373047,1997-08-14,1997-08-15
None,Chateauroux,FRA,1,1597.6652832,1997-08-16,1997-08-22
None,Chateauroux,FRA,1,1603.00585938,1997-08-23,1997-08-27
None,Chateauroux,FRA,1,1607.63317871,1997-08-28,1997-08-30
None,Chateauroux,FRA,1,1596.28320312,1997-08-31,1997-09-05
None,Chateauroux,FRA,1,1590.14746094,1997-09-06,1997-09-11
None,Chateauroux,FRA,1,1596.24853516,1997-09-12,1997-09-16
None,Chateauroux,FRA,1,1604.07458496,1997-09-17,1997-09-17
None,Chateauroux,FRA,1,1598.44006348,1997-09-18,1997-09-18
None,Chateauroux,FRA,1,1599.94885254,1997-09-19,1997-09-20
None,Chateauroux,FRA,1,1594.60852051,1997-09-21,1997-09-26
None,Chateauroux,FRA,1,1601.13208008,1997-09-27,1997-09-30
None,Chateauroux,FRA,1,1593.09020996,1997-10-01,1997-10-01
None,Chateauroux,FRA,1,1590.09753418,1997-10-02,1997-10-02
None,Chateauroux,FRA,1,1590.86975098,1997-10-03,1997-10-04
None,Chateauroux,FRA,1,1587.20629883,1997-10-05,1997-10-08
None,Chateauroux,FRA,1,1598.6776123,1997-10-09,1997-10-17
None,Chateauroux,FRA,1,1594.90991211,1997-10-18,1997-10-21
None,Chateauroux,FRA,1,1599.28393555,1997-10-22,1997-10-22
None,Chateauroux,FRA,1,1597.39575195,1997-10-23,1997-10-23
None,Chateauroux,FRA,1,1595.86730957,1997-10-24,1997-10-25
None,Chateauroux,FRA,1,1593.83166504,1997-10-26,1997-10-31
None,Chateauroux,FRA,1,1589.56274414,1997-11-01,1997-11-04
None,Chateauroux,FRA,1,1578.35998535,1997-11-05,1997-11-05
None,Chateauroux,FRA,1,1584.38830566,1997-11-06,1997-11-06
None,Chateauroux,FRA,1,1584.08154297,1997-11-07,1997-11-08
None,Chateauroux,FRA,1,1590.16711426,1997-11-09,1997-11-14
None,Chateauroux,FRA,1,1587.23791504,1997-11-15,1997-11-21
None,Chateauroux,FRA,1,1596.3371582,1997-11-22,1997-11-25
None,Chateauroux,FRA,1,1602.99572754,1997-11-26,1997-11-26
None,Chateauroux,FRA,1,1605.91040039,1997-11-27,1997-11-29
None,Chateauroux,FRA,1,1599.04736328,1997-11-30,1997-12-05
None,Chateauroux,FRA,1,1595.77062988,1997-12-06,1997-12-09
None,Chateauroux,FRA,1,1590.54077148,1997-12-10,1997-12-10
None,Chateauroux,FRA,1,1592.43652344,1997-12-11,1997-12-13
None,Chateauroux,FRA,1,1592.04296875,1997-12-14,1998-01-10
None,Chateauroux,FRA,1,1601.67712402,1998-01-11,1998-01-14
None,Chateauroux,FRA,1,1605.29699707,1998-01-15,1998-01-21
None,Chateauroux,FRA,1,1596.15332031,1998-01-22,1998-01-24
None,Chateauroux,FRA,1,1582.91015625,1998-01-25,1998-02-05
None,Chateauroux,FRA,1,1574.2565918,1998-02-06,1998-02-12
None,Chateauroux,FRA,1,1583.24255371,1998-02-13,1998-02-20
None,Chateauroux,FRA,1,1578.20031738,1998-02-21,1998-03-03
None,Chateauroux,FRA,1,1577.58764648,1998-03-04,1998-03-04
None,Chateauroux,FRA,1,1576.32519531,1998-03-05,1998-03-07
None,Chateauroux,FRA,1,1568.25073242,1998-03-08,1998-03-13
None,Chateauroux,FRA,1,1572.67810059,1998-03-14,1998-03-17
None,Chateauroux,FRA,1,1570.93811035,1998-03-18,1998-03-18
None,Chateauroux,FRA,1,1575.22900391,1998-03-19,1998-03-28
None,Chateauroux,FRA,1,1567.69799805,1998-03-29,1998-04-01
None,Chateauroux,FRA,1,1564.10070801,1998-04-02,1998-04-07
None,Chateauroux,FRA,1,1567.72692871,1998-04-08,1998-04-15
None,Chateauroux,FRA,1,1567.84924316,1998-04-16,1998-04-18
None,Chateauroux,FRA,1,1561.12561035,1998-04-19,1998-04-25
None,Chateauroux,FRA,1,1558.96972656,1998-04-26,1998-05-09
None,Chateauroux,FRA,1,1569.03088379,1998-05-10,1998-07-01
None,Chateauroux,FRA,2,1569.03088379,1998-07-02,1998-08-08
None,Chateauroux,FRA,2,1570.0604248,1998-08-09,1998-08-12
None,Chateauroux,FRA,2,1568.82495117,1998-08-13,1998-08-15
None,Chateauroux,FRA,2,1578.25708008,1998-08-16,1998-08-22
None,Chateauroux,FRA,2,1568.93383789,1998-08-23,1998-08-26
None,Chateauroux,FRA,2,1557.85522461,1998-08-27,1998-08-29
None,Chateauroux,FRA,2,1552.0925293,1998-08-30,1998-09-04
None,Chateauroux,FRA,2,1561.96984863,1998-09-05,1998-09-12
None,Chateauroux,FRA,2,1561.0715332,1998-09-13,1998-09-15
None,Chateauroux,FRA,2,1561.94042969,1998-09-16,1998-09-16
None,Chateauroux,FRA,2,1560.53649902,1998-09-17,1998-09-17
None,Chateauroux,FRA,2,1558.93066406,1998-09-18,1998-09-19
None,Chateauroux,FRA,2,1553.81884766,1998-09-20,1998-09-23
None,Chateauroux,FRA,2,1547.6348877,1998-09-24,1998-09-26
None,Chateauroux,FRA,2,1554.22155762,1998-09-27,1998-09-29
None,Chateauroux,FRA,2,1562.14038086,1998-09-30,1998-09-30
None,Chateauroux,FRA,2,1562.54309082,1998-10-01,1998-10-01
None,Chateauroux,FRA,2,1553.22680664,1998-10-02,1998-10-03
None,Chateauroux,FRA,2,1539.50695801,1998-10-04,1998-10-09
None,Chateauroux,FRA,2,1536.03820801,1998-10-10,1998-10-17
None,Chateauroux,FRA,2,1536.04577637,1998-10-18,1998-10-20
None,Chateauroux,FRA,2,1545.57287598,1998-10-21,1998-10-21
None,Chateauroux,FRA,2,1546.98522949,1998-10-22,1998-10-24
None,Chateauroux,FRA,2,1545.28649902,1998-10-25,1998-10-31
None,Chateauroux,FRA,2,1548.25134277,1998-11-01,1998-11-03
None,Chateauroux,FRA,2,1553.12255859,1998-11-04,1998-11-04
None,Chateauroux,FRA,2,1550.59118652,1998-11-05,1998-11-07
None,Chateauroux,FRA,2,1554.14257812,1998-11-08,1998-11-11
None,Chateauroux,FRA,2,1554.62646484,1998-11-12,1998-11-14
None,Chateauroux,FRA,2,1559.2557373,1998-11-15,1998-11-18
None,Chateauroux,FRA,2,1561.48376465,1998-11-19,1998-11-21
None,Chateauroux,FRA,2,1545.5020752,1998-11-22,1998-11-24
None,Chateauroux,FRA,2,1547.28356934,1998-11-25,1998-11-25
None,Chateauroux,FRA,2,1552.00585938,1998-11-26,1998-12-02
None,Chateauroux,FRA,2,1560.4296875,1998-12-03,1998-12-05
None,Chateauroux,FRA,2,1547.58422852,1998-12-06,1998-12-08
None,Chateauroux,FRA,2,1551.60595703,1998-12-09,1998-12-09
None,Chateauroux,FRA,2,1544.22045898,1998-12-10,1998-12-12
None,Chateauroux,FRA,2,1529.62817383,1998-12-13,1998-12-16
None,Chateauroux,FRA,2,1534.80444336,1998-12-17,1999-01-16
None,Chateauroux,FRA,2,1539.31591797,1999-01-17,1999-01-30
None,Chateauroux,FRA,2,1532.42822266,1999-01-31,1999-02-06
None,Chateauroux,FRA,2,1537.79296875,1999-02-07,1999-02-13
None,Chateauroux,FRA,2,1556.27490234,1999-02-14,1999-02-27
None,Chateauroux,FRA,2,1561.4979248,1999-02-28,1999-03-02
None,Chateauroux,FRA,2,1557.31262207,1999-03-03,1999-03-10
None,Chateauroux,FRA,2,1559.11474609,1999-03-11,1999-03-16
None,Chateauroux,FRA,2,1555.3927002,1999-03-17,1999-03-20
None,Chateauroux,FRA,2,1549.25463867,1999-03-21,1999-03-27
None,Chateauroux,FRA,2,1558.95458984,1999-03-28,1999-04-03
None,Chateauroux,FRA,2,1548.3203125,1999-04-04,1999-04-06
None,Chateauroux,FRA,2,1546.80395508,1999-04-07,1999-04-14
None,Chateauroux,FRA,2,1547.7824707,1999-04-15,1999-04-20
None,Chateauroux,FRA,2,1552.19165039,1999-04-21,1999-04-24
None,Chateauroux,FRA,2,1529.05334473,1999-04-25,1999-05-01
None,Chateauroux,FRA,2,1523.40332031,1999-05-02,1999-05-07
None,Chateauroux,FRA,2,1513.43859863,1999-05-08,1999-05-12
None,Chateauroux,FRA,2,1508.99194336,1999-05-13,1999-05-22
None,Chateauroux,FRA,2,1512.68322754,1999-05-23,1999-05-29
None,Chateauroux,FRA,2,1509.61083984,1999-05-30,1999-07-31
None,Chateauroux,FRA,2,1505.83288574,1999-08-01,1999-08-05
None,Chateauroux,FRA,2,1510.83459473,1999-08-06,1999-08-10
None,Chateauroux,FRA,2,1505.58215332,1999-08-11,1999-08-13
None,Chateauroux,FRA,2,1495.6661377,1999-08-14,1999-08-17
None,Chateauroux,FRA,2,1508.05126953,1999-08-18,1999-08-21
None,Chateauroux,FRA,2,1499.52832031,1999-08-22,1999-08-25
None,Chateauroux,FRA,2,1488.52319336,1999-08-26,1999-08-27
None,Chateauroux,FRA,2,1482.84851074,1999-08-28,1999-09-03
None,Chateauroux,FRA,2,1472.90795898,1999-09-04,1999-09-07
None,Chateauroux,FRA,2,1460.36230469,1999-09-08,1999-09-11
None,Chateauroux,FRA,2,1457.94165039,1999-09-12,1999-09-14
None,Chateauroux,FRA,2,1464.10546875,1999-09-15,1999-09-15
None,Chateauroux,FRA,2,1464.19946289,1999-09-16,1999-09-16
None,Chateauroux,FRA,2,1467.88342285,1999-09-17,1999-09-18
None,Chateauroux,FRA,2,1470.80822754,1999-09-19,1999-09-21
None,Chateauroux,FRA,2,1471.69067383,1999-09-22,1999-09-22
None,Chateauroux,FRA,2,1475.54418945,1999-09-23,1999-09-25
None,Chateauroux,FRA,2,1480.49438477,1999-09-26,1999-09-28
None,Chateauroux,FRA,2,1482.12255859,1999-09-29,1999-09-29
None,Chateauroux,FRA,2,1480.89257812,1999-09-30,1999-09-30
None,Chateauroux,FRA,2,1481.63867188,1999-10-01,1999-10-01
None,Chateauroux,FRA,2,1478.00109863,1999-10-02,1999-10-08
None,Chateauroux,FRA,2,1490.88781738,1999-10-09,1999-10-14
None,Chateauroux,FRA,2,1475.6965332,1999-10-15,1999-10-19
None,Chateauroux,FRA,2,1476.89013672,1999-10-20,1999-10-20
None,Chateauroux,FRA,2,1480.75793457,1999-10-21,1999-10-21
None,Chateauroux,FRA,2,1483.9251709,1999-10-22,1999-10-23
None,Chateauroux,FRA,2,1485.15332031,1999-10-24,1999-10-26
None,Chateauroux,FRA,2,1482.69909668,1999-10-27,1999-10-27
None,Chateauroux,FRA,2,1478.5925293,1999-10-28,1999-10-28
None,Chateauroux,FRA,2,1482.7076416,1999-10-29,1999-10-30
None,Chateauroux,FRA,2,1488.49169922,1999-10-31,1999-11-02
None,Chateauroux,FRA,2,1486.75012207,1999-11-03,1999-11-03
None,Chateauroux,FRA,2,1485.63879395,1999-11-04,1999-11-04
None,Chateauroux,FRA,2,1488.11022949,1999-11-05,1999-11-06
None,Chateauroux,FRA,2,1482.89868164,1999-11-07,1999-11-09
None,Chateauroux,FRA,2,1482.79406738,1999-11-10,1999-11-12
None,Chateauroux,FRA,2,1492.96179199,1999-11-13,1999-11-20
None,Chateauroux,FRA,2,1500.54968262,1999-11-21,1999-11-23
None,Chateauroux,FRA,2,1498.48156738,1999-11-24,1999-11-24
None,Chateauroux,FRA,2,1494.65026855,1999-11-25,1999-11-25
None,Chateauroux,FRA,2,1492.33361816,1999-11-26,1999-12-04
None,Chateauroux,FRA,2,1496.01293945,1999-12-05,1999-12-07
None,Chateauroux,FRA,2,1482.03125,1999-12-08,1999-12-08
None,Chateauroux,FRA,2,1481.45788574,1999-12-09,1999-12-09
None,Chateauroux,FRA,2,1492.75964355,1999-12-10,1999-12-11
None,Chateauroux,FRA,2,1491.59069824,1999-12-12,2000-01-15
None,Chateauroux,FRA,2,1488.37719727,2000-01-16,2000-01-26
None,Chateauroux,FRA,2,1484.72180176,2000-01-27,2000-02-02
None,Chateauroux,FRA,2,1480.32849121,2000-02-03,2000-02-05
None,Chateauroux,FRA,2,1489.71398926,2000-02-06,2000-02-16
None,Chateauroux,FRA,2,1492.03991699,2000-02-17,2000-02-26
None,Chateauroux,FRA,2,1501.92443848,2000-02-27,2000-02-29
None,Chateauroux,FRA,2,1504.83032227,2000-03-01,2000-03-01
None,Chateauroux,FRA,2,1503.47546387,2000-03-02,2000-03-02
None,Chateauroux,FRA,2,1500.01208496,2000-03-03,2000-03-07
None,Chateauroux,FRA,2,1497.35522461,2000-03-08,2000-03-08
None,Chateauroux,FRA,2,1496.15441895,2000-03-09,2000-03-09
None,Chateauroux,FRA,2,1499.06787109,2000-03-10,2000-03-11
None,Chateauroux,FRA,2,1493.09472656,2000-03-12,2000-03-14
None,Chateauroux,FRA,2,1491.5925293,2000-03-15,2000-03-15
None,Chateauroux,FRA,2,1485.87597656,2000-03-16,2000-03-16
None,Chateauroux,FRA,2,1487.52172852,2000-03-17,2000-03-21
None,Chateauroux,FRA,2,1489.39868164,2000-03-22,2000-03-22
None,Chateauroux,FRA,2,1488.12768555,2000-03-23,2000-03-23
None,Chateauroux,FRA,2,1492.18847656,2000-03-24,2000-03-24
None,Chateauroux,FRA,2,1501.17883301,2000-03-25,2000-03-29
None,Chateauroux,FRA,2,1504.53759766,2000-03-30,2000-04-06
None,Chateauroux,FRA,2,1504.06164551,2000-04-07,2000-04-08
None,Chateauroux,FRA,2,1516.19506836,2000-04-09,2000-04-15
None,Chateauroux,FRA,2,1511.76293945,2000-04-16,2000-04-20
None,Chateauroux,FRA,2,1509.69628906,2000-04-21,2000-04-21
None,Chateauroux,FRA,2,1503.3190918,2000-04-22,2000-04-28
None,Chateauroux,FRA,2,1508.79711914,2000-04-29,2000-05-05
None,Chateauroux,FRA,2,1498.61230469,2000-05-06,2000-05-12
None,Chateauroux,FRA,2,1507.20275879,2000-05-13,2000-05-20
None,Chateauroux,FRA,2,1507.54638672,2000-05-21,2000-07-29
None,Chateauroux,FRA,2,1502.6427002,2000-07-30,2000-08-05
None,Chateauroux,FRA,2,1493.46765137,2000-08-06,2000-08-07
None,Chateauroux,FRA,2,1494.49389648,2000-08-08,2000-08-12
None,Chateauroux,FRA,2,1491.13781738,2000-08-13,2000-08-19
None,Chateauroux,FRA,2,1485.20471191,2000-08-20,2000-08-23
None,Chateauroux,FRA,2,1485.45629883,2000-08-24,2000-08-26
None,Chateauroux,FRA,2,1489.36120605,2000-08-27,2000-08-29
None,Chateauroux,FRA,2,1499.4317627,2000-08-30,2000-09-01
None,Chateauroux,FRA,2,1506.34838867,2000-09-02,2000-09-06
None,Chateauroux,FRA,2,1511.43395996,2000-09-07,2000-09-09
None,Chateauroux,FRA,2,1512.0020752,2000-09-10,2000-09-12
None,Chateauroux,FRA,2,1511.91906738,2000-09-13,2000-09-13
None,Chateauroux,FRA,2,1508.58679199,2000-09-14,2000-09-14
None,Chateauroux,FRA,2,1508.07617188,2000-09-15,2000-09-17
None,Chateauroux,FRA,2,1518.35388184,2000-09-18,2000-09-19
None,Chateauroux,FRA,2,1519.97363281,2000-09-20,2000-09-20
None,Chateauroux,FRA,2,1513.77233887,2000-09-21,2000-09-23
None,Chateauroux,FRA,2,1514.30407715,2000-09-24,2000-09-26
None,Chateauroux,FRA,2,1519.72644043,2000-09-27,2000-09-27
None,Chateauroux,FRA,2,1521.56628418,2000-09-28,2000-09-28
None,Chateauroux,FRA,2,1519.50708008,2000-09-29,2000-09-30
None,Chateauroux,FRA,2,1511.12585449,2000-10-01,2000-10-07
None,Chateauroux,FRA,2,1522.80126953,2000-10-08,2000-10-11
None,Chateauroux,FRA,2,1515.33679199,2000-10-12,2000-10-14
None,Chateauroux,FRA,2,1513.09521484,2000-10-15,2000-10-17
None,Chateauroux,FRA,2,1507.00158691,2000-10-18,2000-10-18
None,Chateauroux,FRA,2,1505.47009277,2000-10-19,2000-10-21
None,Chateauroux,FRA,2,1507.73730469,2000-10-22,2000-10-24
None,Chateauroux,FRA,2,1510.64624023,2000-10-25,2000-10-25
None,Chateauroux,FRA,2,1518.14599609,2000-10-26,2000-10-26
None,Chateauroux,FRA,2,1515.49621582,2000-10-27,2000-10-28
None,Chateauroux,FRA,2,1522.29284668,2000-10-29,2000-11-04
None,Chateauroux,FRA,2,1533.60131836,2000-11-05,2000-11-07
None,Chateauroux,FRA,2,1536.80957031,2000-11-08,2000-11-08
None,Chateauroux,FRA,2,1536.52697754,2000-11-09,2000-11-09
None,Chateauroux,FRA,2,1543.5534668,2000-11-10,2000-11-11
None,Chateauroux,FRA,2,1549.42700195,2000-11-12,2000-11-17
None,Chateauroux,FRA,2,1548.90185547,2000-11-18,2000-11-21
None,Chateauroux,FRA,2,1544.80285645,2000-11-22,2000-11-22
None,Chateauroux,FRA,2,1543.72216797,2000-11-23,2000-11-23
None,Chateauroux,FRA,2,1546.23242188,2000-11-24,2000-11-29
None,Chateauroux,FRA,2,1538.91625977,2000-11-30,2000-12-05
None,Chateauroux,FRA,2,1542.19677734,2000-12-06,2000-12-06
None,Chateauroux,FRA,2,1540.8236084,2000-12-07,2000-12-07
None,Chateauroux,FRA,2,1545.05358887,2000-12-08,2000-12-09
None,Chateauroux,FRA,2,1535.62182617,2000-12-10,2000-12-13
None,Chateauroux,FRA,2,1545.12573242,2000-12-14,2000-12-21
None,Chateauroux,FRA,2,1532.40039062,2000-12-22,2001-01-13
None,Chateauroux,FRA,2,1532.91687012,2001-01-14,2001-02-03
None,Chateauroux,FRA,2,1538.16894531,2001-02-04,2001-02-13
None,Chateauroux,FRA,2,1534.4017334,2001-02-14,2001-02-14
None,Chateauroux,FRA,2,1536.94348145,2001-02-15,2001-02-15
None,Chateauroux,FRA,2,1528.64831543,2001-02-16,2001-02-17
None,Chateauroux,FRA,2,1533.5345459,2001-02-18,2001-02-20
None,Chateauroux,FRA,2,1533.55566406,2001-02-21,2001-02-21
None,Chateauroux,FRA,2,1535.75292969,2001-02-22,2001-02-22
None,Chateauroux,FRA,2,1531.91687012,2001-02-23,2001-03-03
None,Chateauroux,FRA,2,1539.62390137,2001-03-04,2001-03-06
None,Chateauroux,FRA,2,1544.29223633,2001-03-07,2001-03-07
None,Chateauroux,FRA,2,1543.75634766,2001-03-08,2001-03-13
None,Chateauroux,FRA,2,1547.26135254,2001-03-14,2001-03-14
None,Chateauroux,FRA,2,1547.80493164,2001-03-15,2001-03-17
None,Chateauroux,FRA,2,1563.06481934,2001-03-18,2001-03-23
None,Chateauroux,FRA,2,1558.63891602,2001-03-24,2001-03-27
None,Chateauroux,FRA,2,1572.24121094,2001-03-28,2001-04-03
None,Chateauroux,FRA,2,1579.46972656,2001-04-04,2001-04-07
None,Chateauroux,FRA,2,1566.44030762,2001-04-08,2001-04-14
None,Chateauroux,FRA,2,1554.23974609,2001-04-15,2001-04-20
None,Chateauroux,FRA,2,1550.48254395,2001-04-21,2001-04-28
None,Chateauroux,FRA,2,1545.97521973,2001-04-29,2001-05-11
None,Chateauroux,FRA,2,1537.6282959,2001-05-12,2001-05-18
None,Chateauroux,FRA,2,1545.43688965,2001-05-19,2001-07-28
None,Chateauroux,FRA,2,1558.32824707,2001-07-29,2001-08-04
None,Chateauroux,FRA,2,1541.36157227,2001-08-05,2001-08-08
None,Chateauroux,FRA,2,1547.8338623,2001-08-09,2001-08-11
None,Chateauroux,FRA,2,1539.52990723,2001-08-12,2001-08-18
None,Chateauroux,FRA,2,1544.19689941,2001-08-19,2001-08-22
None,Chateauroux,FRA,2,1542.22192383,2001-08-23,2001-08-24
None,Chateauroux,FRA,2,1535.74707031,2001-08-25,2001-08-29
None,Chateauroux,FRA,2,1544.63122559,2001-08-30,2001-09-08
None,Chateauroux,FRA,2,1553.70788574,2001-09-09,2001-09-11
None,Chateauroux,FRA,2,1559.22888184,2001-09-12,2001-09-15
None,Chateauroux,FRA,2,1553.21374512,2001-09-16,2001-09-18
None,Chateauroux,FRA,2,1545.32556152,2001-09-19,2001-09-19
None,Chateauroux,FRA,2,1552.62548828,2001-09-20,2001-09-20
None,Chateauroux,FRA,2,1538.0970459,2001-09-21,2001-09-22
None,Chateauroux,FRA,2,1530.04663086,2001-09-23,2001-09-25
None,Chateauroux,FRA,2,1539.4798584,2001-09-26,2001-09-26
None,Chateauroux,FRA,2,1534.9185791,2001-09-27,2001-09-27
None,Chateauroux,FRA,2,1532.67895508,2001-09-28,2001-09-29
None,Chateauroux,FRA,2,1519.16381836,2001-09-30,2001-10-05
None,Chateauroux,FRA,2,1529.22790527,2001-10-06,2001-10-10
None,Chateauroux,FRA,2,1527.49597168,2001-10-11,2001-10-13
None,Chateauroux,FRA,2,1523.50842285,2001-10-14,2001-10-16
None,Chateauroux,FRA,2,1525.13439941,2001-10-17,2001-10-17
None,Chateauroux,FRA,2,1524.3536377,2001-10-18,2001-10-18
None,Chateauroux,FRA,2,1528.04760742,2001-10-19,2001-10-20
None,Chateauroux,FRA,2,1520.28112793,2001-10-21,2001-10-23
None,Chateauroux,FRA,2,1519.4708252,2001-10-24,2001-10-24
None,Chateauroux,FRA,2,1520.70617676,2001-10-25,2001-10-27
None,Chateauroux,FRA,2,1518.50280762,2001-10-28,2001-10-30
None,Chateauroux,FRA,2,1520.92651367,2001-10-31,2001-10-31
None,Chateauroux,FRA,2,1527.0456543,2001-11-01,2001-11-01
None,Chateauroux,FRA,2,1527.62548828,2001-11-02,2001-11-09
None,Chateauroux,FRA,2,1531.41296387,2001-11-10,2001-11-13
None,Chateauroux,FRA,2,1533.83349609,2001-11-14,2001-11-17
None,Chateauroux,FRA,2,1527.71630859,2001-11-18,2001-11-20
None,Chateauroux,FRA,2,1525.81811523,2001-11-21,2001-11-22
None,Chateauroux,FRA,2,1522.59082031,2001-11-23,2001-11-28
None,Chateauroux,FRA,2,1515.6517334,2001-11-29,2001-12-04
None,Chateauroux,FRA,2,1507.60742188,2001-12-05,2001-12-05
None,Chateauroux,FRA,2,1505.2409668,2001-12-06,2001-12-06
None,Chateauroux,FRA,2,1512.55639648,2001-12-07,2001-12-08
None,Chateauroux,FRA,2,1526.00927734,2001-12-09,2001-12-19
None,Chateauroux,FRA,2,1537.56860352,2001-12-20,2002-01-13
None,Chateauroux,FRA,2,1528.27441406,2002-01-14,2002-01-23
None,Chateauroux,FRA,2,1521.58581543,2002-01-24,2002-01-26
None,Chateauroux,FRA,2,1527.02392578,2002-01-27,2002-01-30
None,Chateauroux,FRA,2,1532.19787598,2002-01-31,2002-02-02
None,Chateauroux,FRA,2,1520.22619629,2002-02-03,2002-02-06
None,Chateauroux,FRA,2,1508.40136719,2002-02-07,2002-02-12
None,Chateauroux,FRA,2,1499.98522949,2002-02-13,2002-02-16
None,Chateauroux,FRA,2,1505.24926758,2002-02-17,2002-02-20
None,Chateauroux,FRA,2,1505.61462402,2002-02-21,2002-02-21
None,Chateauroux,FRA,2,1502.12573242,2002-02-22,2002-02-23
None,Chateauroux,FRA,2,1511.42041016,2002-02-24,2002-02-26
None,Chateauroux,FRA,2,1509.85693359,2002-02-27,2002-02-28
None,Chateauroux,FRA,2,1500.29394531,2002-03-01,2002-03-02
None,Chateauroux,FRA,2,1509.11682129,2002-03-03,2002-03-06
None,Chateauroux,FRA,2,1506.87207031,2002-03-07,2002-03-13
None,Chateauroux,FRA,2,1505.66992188,2002-03-14,2002-03-16
None,Chateauroux,FRA,2,1509.1427002,2002-03-17,2002-03-19
None,Chateauroux,FRA,2,1508.40551758,2002-03-20,2002-03-23
None,Chateauroux,FRA,2,1508.67016602,2002-03-24,2002-03-26
None,Chateauroux,FRA,2,1491.74401855,2002-03-27,2002-04-06
None,Chateauroux,FRA,2,1504.05944824,2002-04-07,2002-04-13
None,Chateauroux,FRA,2,1489.36132812,2002-04-14,2002-04-26
None,Chateauroux,FRA,2,1484.02282715,2002-04-27,2002-05-03
None,Chateauroux,FRA,2,1488.64123535,2002-05-04,2002-08-03
None,Chateauroux,FRA,2,1494.4864502,2002-08-04,2002-08-10
None,Chateauroux,FRA,2,1485.03930664,2002-08-11,2002-08-13
None,Chateauroux,FRA,2,1488.74707031,2002-08-14,2002-08-17
None,Chateauroux,FRA,2,1495.77001953,2002-08-18,2002-08-24
None,Chateauroux,FRA,2,1481.60412598,2002-08-25,2002-08-28
None,Chateauroux,FRA,2,1481.37072754,2002-08-29,2002-08-31
None,Chateauroux,FRA,2,1487.50146484,2002-09-01,2002-09-04
None,Chateauroux,FRA,2,1491.4732666,2002-09-05,2002-09-11
None,Chateauroux,FRA,2,1485.11767578,2002-09-12,2002-09-14
None,Chateauroux,FRA,2,1489.68969727,2002-09-15,2002-09-17
None,Chateauroux,FRA,2,1488.07507324,2002-09-18,2002-09-18
None,Chateauroux,FRA,2,1486.43811035,2002-09-19,2002-09-19
None,Chateauroux,FRA,2,1483.1965332,2002-09-20,2002-09-21
None,Chateauroux,FRA,2,1483.91430664,2002-09-22,2002-09-24
None,Chateauroux,FRA,2,1484.34118652,2002-09-25,2002-09-25
None,Chateauroux,FRA,2,1485.52819824,2002-09-26,2002-09-28
None,Chateauroux,FRA,2,1481.08850098,2002-09-29,2002-10-01
None,Chateauroux,FRA,2,1479.83361816,2002-10-02,2002-10-02
None,Chateauroux,FRA,2,1482.53076172,2002-10-03,2002-10-03
None,Chateauroux,FRA,2,1482.70178223,2002-10-04,2002-10-05
None,Chateauroux,FRA,2,1495.3885498,2002-10-06,2002-10-19
None,Chateauroux,FRA,2,1501.37304688,2002-10-20,2002-10-22
None,Chateauroux,FRA,2,1506.39111328,2002-10-23,2002-10-23
None,Chateauroux,FRA,2,1510.60681152,2002-10-24,2002-10-27
None,Chateauroux,FRA,2,1504.84851074,2002-10-28,2002-10-29
None,Chateauroux,FRA,2,1509.35266113,2002-10-30,2002-10-30
None,Chateauroux,FRA,2,1499.38269043,2002-10-31,2002-10-31
None,Chateauroux,FRA,2,1500.27746582,2002-11-01,2002-11-02
None,Chateauroux,FRA,2,1509.41052246,2002-11-03,2002-11-09
None,Chateauroux,FRA,2,1503.58166504,2002-11-10,2002-11-12
None,Chateauroux,FRA,2,1507.23425293,2002-11-13,2002-11-13
None,Chateauroux,FRA,2,1509.41711426,2002-11-14,2002-11-14
None,Chateauroux,FRA,2,1509.60388184,2002-11-15,2002-11-15
None,Chateauroux,FRA,2,1508.078125,2002-11-16,2002-11-26
None,Chateauroux,FRA,2,1508.42138672,2002-11-27,2002-11-28
None,Chateauroux,FRA,2,1495.19030762,2002-11-29,2002-11-30
None,Chateauroux,FRA,2,1497.94470215,2002-12-01,2002-12-04
None,Chateauroux,FRA,2,1508.57922363,2002-12-05,2002-12-12
None,Chateauroux,FRA,2,1503.31604004,2002-12-13,2002-12-18
None,Chateauroux,FRA,2,1504.828125,2002-12-19,2003-01-18
None,Chateauroux,FRA,2,1509.2355957,2003-01-19,2003-01-22
None,Chateauroux,FRA,2,1504.16015625,2003-01-23,2003-01-29
None,Chateauroux,FRA,2,1497.4354248,2003-01-30,2003-02-04
None,Chateauroux,FRA,2,1479.55395508,2003-02-05,2003-02-08
None,Chateauroux,FRA,2,1493.09289551,2003-02-09,2003-02-13
None,Chateauroux,FRA,2,1507.18530273,2003-02-14,2003-02-20
None,Chateauroux,FRA,2,1504.54321289,2003-02-21,2003-02-22
None,Chateauroux,FRA,2,1500.16479492,2003-02-23,2003-02-27
None,Chateauroux,FRA,2,1498.27478027,2003-02-28,2003-03-01
None,Chateauroux,FRA,2,1511.83056641,2003-03-02,2003-03-08
None,Chateauroux,FRA,2,1514.9822998,2003-03-09,2003-03-18
None,Chateauroux,FRA,2,1515.72998047,2003-03-19,2003-03-22
None,Chateauroux,FRA,2,1523.87731934,2003-03-23,2003-03-27
None,Chateauroux,FRA,2,1521.3671875,2003-03-28,2003-04-05
None,Chateauroux,FRA,2,1513.69421387,2003-04-06,2003-04-12
None,Chateauroux,FRA,2,1512.79345703,2003-04-13,2003-04-19
None,Chateauroux,FRA,2,1507.37487793,2003-04-20,2003-05-03
None,Chateauroux,FRA,2,1504.07116699,2003-05-04,2003-05-10
None,Chateauroux,FRA,2,1490.21936035,2003-05-11,2003-05-16
None,Chateauroux,FRA,2,1485.00500488,2003-05-17,2003-05-23
None,Chateauroux,FRA,2,1493.77880859,2003-05-24,2003-08-02
None,Chateauroux,FRA,2,1501.85925293,2003-08-03,2003-08-09
None,Chateauroux,FRA,2,1489.08081055,2003-08-10,2003-08-13
None,Chateauroux,FRA,2,1491.18664551,2003-08-14,2003-08-14
None,Chateauroux,FRA,2,1491.43640137,2003-08-15,2003-08-16
None,Chateauroux,FRA,2,1487.12744141,2003-08-17,2003-08-19
None,Chateauroux,FRA,2,1480.38769531,2003-08-20,2003-08-23
None,Chateauroux,FRA,2,1479.9407959,2003-08-24,2003-08-27
None,Chateauroux,FRA,2,1479.86657715,2003-08-28,2003-08-28
None,Chateauroux,FRA,2,1479.90441895,2003-08-29,2003-08-29
None,Chateauroux,FRA,2,1468.59936523,2003-08-30,2003-09-05
None,Chateauroux,FRA,2,1451.94812012,2003-09-06,2003-09-13
None,Chateauroux,FRA,2,1455.05761719,2003-09-14,2003-09-16
None,Chateauroux,FRA,2,1454.09973145,2003-09-17,2003-09-17
None,Chateauroux,FRA,2,1461.47302246,2003-09-18,2003-09-20
None,Chateauroux,FRA,2,1459.95092773,2003-09-21,2003-09-24
None,Chateauroux,FRA,2,1460.67150879,2003-09-25,2003-09-25
None,Chateauroux,FRA,2,1460.49804688,2003-09-26,2003-09-27
None,Chateauroux,FRA,2,1476.62670898,2003-09-28,2003-09-30
None,Chateauroux,FRA,2,1477.83239746,2003-10-01,2003-10-01
None,Chateauroux,FRA,2,1479.49243164,2003-10-02,2003-10-04
None,Chateauroux,FRA,2,1474.98132324,2003-10-05,2003-10-15
None,Chateauroux,FRA,2,1477.47912598,2003-10-16,2003-10-18
None,Chateauroux,FRA,2,1468.30114746,2003-10-19,2003-10-21
None,Chateauroux,FRA,2,1466.95031738,2003-10-22,2003-10-22
None,Chateauroux,FRA,2,1463.86401367,2003-10-23,2003-10-25
None,Chateauroux,FRA,2,1468.57617188,2003-10-26,2003-11-01
None,Chateauroux,FRA,2,1458.19665527,2003-11-02,2003-11-04
None,Chateauroux,FRA,2,1457.10400391,2003-11-05,2003-11-05
None,Chateauroux,FRA,2,1468.76025391,2003-11-06,2003-11-06
None,Chateauroux,FRA,2,1458.90307617,2003-11-07,2003-11-08
None,Chateauroux,FRA,2,1455.19482422,2003-11-09,2003-11-25
None,Chateauroux,FRA,2,1451.31628418,2003-11-26,2003-11-26
None,Chateauroux,FRA,2,1449.6607666,2003-11-27,2003-11-27
None,Chateauroux,FRA,2,1460.95178223,2003-11-28,2003-11-29
None,Chateauroux,FRA,2,1465.03662109,2003-11-30,2003-12-03
None,Chateauroux,FRA,2,1472.1361084,2003-12-04,2003-12-08
None,Chateauroux,FRA,2,1467.39025879,2003-12-09,2003-12-09
None,Chateauroux,FRA,2,1467.00683594,2003-12-10,2003-12-10
None,Chateauroux,FRA,2,1468.77563477,2003-12-11,2003-12-20
None,Chateauroux,FRA,2,1473.87866211,2003-12-21,2004-01-10
None,Chateauroux,FRA,2,1482.82897949,2004-01-11,2004-01-17
None,Chateauroux,FRA,2,1474.49279785,2004-01-18,2004-01-31
None,Chateauroux,FRA,2,1485.22314453,2004-02-01,2004-02-07
None,Chateauroux,FRA,2,1498.04614258,2004-02-08,2004-02-14
None,Chateauroux,FRA,2,1492.78405762,2004-02-15,2004-02-21
None,Chateauroux,FRA,2,1486.47363281,2004-02-22,2004-02-24
None,Chateauroux,FRA,2,1484.73461914,2004-02-25,2004-02-25
None,Chateauroux,FRA,2,1488.25158691,2004-02-26,2004-02-26
None,Chateauroux,FRA,2,1488.81787109,2004-02-27,2004-02-27
None,Chateauroux,FRA,2,1500.8059082,2004-02-28,2004-03-03
None,Chateauroux,FRA,2,1507.57128906,2004-03-04,2004-03-06
None,Chateauroux,FRA,2,1502.59912109,2004-03-07,2004-03-09
None,Chateauroux,FRA,2,1504.49316406,2004-03-10,2004-03-10
None,Chateauroux,FRA,2,1507.3527832,2004-03-11,2004-03-11
None,Chateauroux,FRA,2,1510.98083496,2004-03-12,2004-03-13
None,Chateauroux,FRA,2,1516.01464844,2004-03-14,2004-03-20
None,Chateauroux,FRA,2,1503.46899414,2004-03-21,2004-03-23
None,Chateauroux,FRA,2,1500.00793457,2004-03-24,2004-03-24
None,Chateauroux,FRA,2,1498.35571289,2004-03-25,2004-03-25
None,Chateauroux,FRA,2,1499.42529297,2004-03-26,2004-03-27
None,Chateauroux,FRA,2,1497.20336914,2004-03-28,2004-04-03
None,Chateauroux,FRA,2,1487.0657959,2004-04-04,2004-04-06
None,Chateauroux,FRA,2,1492.9362793,2004-04-07,2004-04-07
None,Chateauroux,FRA,2,1491.41162109,2004-04-08,2004-04-08
None,Chateauroux,FRA,2,1491.77172852,2004-04-09,2004-04-10
None,Chateauroux,FRA,2,1499.56530762,2004-04-11,2004-04-14
None,Chateauroux,FRA,2,1503.8918457,2004-04-15,2004-04-20
None,Chateauroux,FRA,2,1507.49462891,2004-04-21,2004-04-22
None,Chateauroux,FRA,2,1508.52661133,2004-04-23,2004-04-23
None,Chateauroux,FRA,2,1518.01037598,2004-04-24,2004-05-01
None,Chateauroux,FRA,2,1515.49230957,2004-05-02,2004-05-05
None,Chateauroux,FRA,2,1517.75598145,2004-05-06,2004-05-06
None,Chateauroux,FRA,2,1523.52233887,2004-05-07,2004-05-08
None,Chateauroux,FRA,2,1517.58837891,2004-05-09,2004-05-12
None,Chateauroux,FRA,2,1524.11975098,2004-05-13,2004-05-16
None,Chateauroux,FRA,2,1514.03564453,2004-05-17,2004-05-19
None,Chateauroux,FRA,2,1512.31274414,2004-05-20,2004-05-22
None,Chateauroux,FRA,2,1508.09448242,2004-05-23,2004-05-26
None,Chateauroux,FRA,2,1503.25793457,2004-05-27,2004-08-06
None,Chateauroux,FRA,2,1499.97180176,2004-08-07,2004-08-11
None,Chateauroux,FRA,2,1500.45751953,2004-08-12,2004-08-13
None,Chateauroux,FRA,2,1495.80944824,2004-08-14,2004-08-17
None,Chateauroux,FRA,2,1493.46447754,2004-08-18,2004-08-20
None,Chateauroux,FRA,2,1488.23181152,2004-08-21,2004-08-24
None,Chateauroux,FRA,2,1488.53088379,2004-08-25,2004-08-27
None,Chateauroux,FRA,2,1497.27868652,2004-08-28,2004-09-05
None,Chateauroux,FRA,2,1499.39953613,2004-09-06,2004-09-10
None,Chateauroux,FRA,2,1496.33276367,2004-09-11,2004-09-14
None,Chateauroux,FRA,2,1490.90161133,2004-09-15,2004-09-15
None,Chateauroux,FRA,2,1486.35876465,2004-09-16,2004-09-16
None,Chateauroux,FRA,2,1477.98144531,2004-09-17,2004-09-19
None,Chateauroux,FRA,2,1467.70446777,2004-09-20,2004-09-22
None,Chateauroux,FRA,2,1464.57629395,2004-09-23,2004-09-25
None,Chateauroux,FRA,2,1482.94458008,2004-09-26,2004-09-28
None,Chateauroux,FRA,2,1488.89038086,2004-09-29,2004-09-29
None,Chateauroux,FRA,2,1484.54431152,2004-09-30,2004-09-30
None,Chateauroux,FRA,2,1484.37573242,2004-10-01,2004-10-03
None,Chateauroux,FRA,2,1483.14367676,2004-10-04,2004-10-15
None,Chateauroux,FRA,2,1493.64868164,2004-10-16,2004-10-19
None,Chateauroux,FRA,2,1498.73754883,2004-10-20,2004-10-20
None,Chateauroux,FRA,2,1502.88635254,2004-10-21,2004-10-21
None,Chateauroux,FRA,2,1497.46679688,2004-10-22,2004-10-22
None,Chateauroux,FRA,2,1495.28991699,2004-10-23,2004-10-29
None,Chateauroux,FRA,2,1497.44665527,2004-10-30,2004-11-02
None,Chateauroux,FRA,2,1499.21386719,2004-11-03,2004-11-03
None,Chateauroux,FRA,2,1497.69763184,2004-11-04,2004-11-04
None,Chateauroux,FRA,2,1494.54528809,2004-11-05,2004-11-05
None,Chateauroux,FRA,2,1493.58740234,2004-11-06,2004-11-13
None,Chateauroux,FRA,2,1499.80432129,2004-11-14,2004-11-23
None,Chateauroux,FRA,2,1499.89245605,2004-11-24,2004-11-24
None,Chateauroux,FRA,2,1502.32531738,2004-11-25,2004-11-25
None,Chateauroux,FRA,2,1497.35827637,2004-11-26,2004-11-28
None,Chateauroux,FRA,2,1500.75073242,2004-11-29,2004-12-01
None,Chateauroux,FRA,2,1504.15795898,2004-12-02,2004-12-02
None,Chateauroux,FRA,2,1504.98913574,2004-12-03,2004-12-06
None,Chateauroux,FRA,2,1510.21081543,2004-12-07,2004-12-07
None,Chateauroux,FRA,2,1503.45739746,2004-12-08,2004-12-08
None,Chateauroux,FRA,2,1514.36645508,2004-12-09,2004-12-15
None,Chateauroux,FRA,2,1521.16027832,2004-12-16,2004-12-16
None,Chateauroux,FRA,2,1521.7434082,2004-12-17,2004-12-17
None,Chateauroux,FRA,2,1525.25671387,2004-12-18,2005-01-11
None,Chateauroux,FRA,2,1535.99108887,2005-01-12,2005-01-16
None,Chateauroux,FRA,2,1539.65808105,2005-01-17,2005-01-21
None,Chateauroux,FRA,2,1549.83984375,2005-01-22,2005-01-25
None,Chateauroux,FRA,2,1549.81591797,2005-01-26,2005-01-28
None,Chateauroux,FRA,2,1553.99133301,2005-01-29,2005-02-04
None,Chateauroux,FRA,2,1542.59423828,2005-02-05,2005-02-16
None,Chateauroux,FRA,2,1540.92468262,2005-02-17,2005-02-17
None,Chateauroux,FRA,2,1539.57409668,2005-02-18,2005-02-18
None,Chateauroux,FRA,2,1535.15356445,2005-02-19,2005-02-22
None,Chateauroux,FRA,2,1533.52734375,2005-02-23,2005-02-23
None,Chateauroux,FRA,2,1539.27050781,2005-02-24,2005-02-24
None,Chateauroux,FRA,2,1543.01525879,2005-02-25,2005-02-25
None,Chateauroux,FRA,2,1543.71203613,2005-02-26,2005-03-07
None,Chateauroux,FRA,2,1530.08215332,2005-03-08,2005-03-08
None,Chateauroux,FRA,2,1532.3347168,2005-03-09,2005-03-09
None,Chateauroux,FRA,2,1526.60400391,2005-03-10,2005-03-11
None,Chateauroux,FRA,2,1542.07641602,2005-03-12,2005-03-18
None,Chateauroux,FRA,2,1549.48498535,2005-03-19,2005-04-01
None,Chateauroux,FRA,2,1540.21057129,2005-04-02,2005-04-05
None,Chateauroux,FRA,2,1538.65270996,2005-04-06,2005-04-07
None,Chateauroux,FRA,2,1530.97827148,2005-04-08,2005-04-08
None,Chateauroux,FRA,2,1519.41186523,2005-04-09,2005-04-13
None,Chateauroux,FRA,2,1520.57922363,2005-04-14,2005-04-14
None,Chateauroux,FRA,2,1522.37817383,2005-04-15,2005-04-15
None,Chateauroux,FRA,2,1517.29711914,2005-04-16,2005-04-22
None,Chateauroux,FRA,2,1527.60742188,2005-04-23,2005-05-06
None,Chateauroux,FRA,2,1535.86096191,2005-05-07,2005-05-13
None,Chateauroux,FRA,2,1525.78125,2005-05-14,2005-05-20
None,Chateauroux,FRA,2,1535.49719238,2005-05-21,2005-05-27
None,Chateauroux,FRA,2,1544.02832031,2005-05-28,2005-07-29
None,Chateauroux,FRA,2,1543.02282715,2005-07-30,2005-08-05
None,Chateauroux,FRA,2,1558.52282715,2005-08-06,2005-08-09
None,Chateauroux,FRA,2,1557.09289551,2005-08-10,2005-08-12
None,Chateauroux,FRA,2,1562.4432373,2005-08-13,2005-08-15
None,Chateauroux,FRA,2,1565.40270996,2005-08-16,2005-08-19
None,Chateauroux,FRA,2,1558.01525879,2005-08-20,2005-08-23
None,Chateauroux,FRA,2,1555.78222656,2005-08-24,2005-08-26
None,Chateauroux,FRA,2,1539.62121582,2005-08-27,2005-09-08
None,Chateauroux,FRA,2,1540.65673828,2005-09-09,2005-09-13
None,Chateauroux,FRA,2,1543.66113281,2005-09-14,2005-09-14
None,Chateauroux,FRA,2,1540.65600586,2005-09-15,2005-09-15
None,Chateauroux,FRA,2,1548.3236084,2005-09-16,2005-09-16
None,Chateauroux,FRA,2,1543.59448242,2005-09-17,2005-09-23
None,Chateauroux,FRA,2,1543.54602051,2005-09-24,2005-09-27
None,Chateauroux,FRA,2,1542.95141602,2005-09-28,2005-09-28
None,Chateauroux,FRA,2,1543.77307129,2005-09-29,2005-09-29
None,Chateauroux,FRA,2,1551.28845215,2005-09-30,2005-09-30
None,Chateauroux,FRA,2,1557.51391602,2005-10-01,2005-10-10
None,Chateauroux,FRA,2,1551.37365723,2005-10-11,2005-10-14
None,Chateauroux,FRA,2,1555.3034668,2005-10-15,2005-10-18
None,Chateauroux,FRA,2,1557.44238281,2005-10-19,2005-10-19
None,Chateauroux,FRA,2,1558.02880859,2005-10-20,2005-10-20
None,Chateauroux,FRA,2,1551.57727051,2005-10-21,2005-10-21
None,Chateauroux,FRA,2,1562.1887207,2005-10-22,2005-10-29
None,Chateauroux,FRA,2,1556.42883301,2005-10-30,2005-11-01
None,Chateauroux,FRA,2,1559.12988281,2005-11-02,2005-11-02
None,Chateauroux,FRA,2,1561.85229492,2005-11-03,2005-11-03
None,Chateauroux,FRA,2,1558.95471191,2005-11-04,2005-11-04
None,Chateauroux,FRA,2,1562.45739746,2005-11-05,2005-11-11
None,Chateauroux,FRA,2,1558.69763184,2005-11-12,2005-11-22
None,Chateauroux,FRA,2,1556.70849609,2005-11-23,2005-11-23
None,Chateauroux,FRA,2,1557.10498047,2005-11-24,2005-11-24
None,Chateauroux,FRA,2,1563.28125,2005-11-25,2005-11-28
None,Chateauroux,FRA,2,1555.86889648,2005-11-29,2005-11-30
None,Chateauroux,FRA,2,1558.61328125,2005-12-01,2005-12-01
None,Chateauroux,FRA,2,1552.25646973,2005-12-02,2005-12-02
None,Chateauroux,FRA,2,1550.8215332,2005-12-03,2005-12-06
None,Chateauroux,FRA,2,1551.03088379,2005-12-07,2005-12-07
None,Chateauroux,FRA,2,1549.70117188,2005-12-08,2005-12-14
None,Chateauroux,FRA,2,1541.61120605,2005-12-15,2005-12-15
None,Chateauroux,FRA,2,1544.41931152,2005-12-16,2005-12-16
None,Chateauroux,FRA,2,1536.68395996,2005-12-17,2006-01-03
None,Chateauroux,FRA,2,1544.93774414,2006-01-04,2006-01-10
None,Chateauroux,FRA,2,1538.79321289,2006-01-11,2006-01-13
None,Chateauroux,FRA,2,1526.29089355,2006-01-14,2006-01-20
None,Chateauroux,FRA,2,1522.66357422,2006-01-21,2006-02-03
None,Chateauroux,FRA,2,1525.41479492,2006-02-04,2006-02-10
None,Chateauroux,FRA,2,1521.99609375,2006-02-11,2006-02-15
None,Chateauroux,FRA,2,1518.42858887,2006-02-16,2006-02-17
None,Chateauroux,FRA,2,1510.21850586,2006-02-18,2006-02-21
None,Chateauroux,FRA,2,1512.90942383,2006-02-22,2006-02-23
None,Chateauroux,FRA,2,1515.18603516,2006-02-24,2006-02-24
None,Chateauroux,FRA,2,1502.88879395,2006-02-25,2006-03-03
None,Chateauroux,FRA,2,1496.67407227,2006-03-04,2006-03-08
None,Chateauroux,FRA,2,1500.49560547,2006-03-09,2006-03-09
None,Chateauroux,FRA,2,1494.82958984,2006-03-10,2006-03-10
None,Chateauroux,FRA,2,1485.75830078,2006-03-11,2006-03-15
None,Chateauroux,FRA,2,1480.06616211,2006-03-16,2006-03-16
None,Chateauroux,FRA,2,1477.85681152,2006-03-17,2006-03-17
None,Chateauroux,FRA,2,1477.15893555,2006-03-18,2006-03-24
None,Chateauroux,FRA,2,1476.63317871,2006-03-25,2006-03-29
None,Chateauroux,FRA,2,1476.01391602,2006-03-30,2006-03-31
None,Chateauroux,FRA,2,1488.77368164,2006-04-01,2006-04-04
None,Chateauroux,FRA,2,1484.56872559,2006-04-05,2006-04-07
None,Chateauroux,FRA,2,1477.07312012,2006-04-08,2006-04-14
None,Chateauroux,FRA,2,1472.60742188,2006-04-15,2006-04-21
None,Chateauroux,FRA,2,1481.37805176,2006-04-22,2006-04-28
None,Chateauroux,FRA,2,1478.42785645,2006-04-29,2006-05-05
None,Chateauroux,FRA,2,1476.08776855,2006-05-06,2006-05-12
None,Chateauroux,FRA,2,1496.47692871,2006-05-13,2006-07-28
None,Chateauroux,FRA,2,1502.64746094,2006-07-29,2006-08-04
None,Chateauroux,FRA,2,1500.42724609,2006-08-05,2006-08-08
None,Chateauroux,FRA,2,1513.45825195,2006-08-09,2006-08-09
None,Chateauroux,FRA,2,1513.74609375,2006-08-10,2006-08-10
None,Chateauroux,FRA,2,1514.6159668,2006-08-11,2006-08-11
None,Chateauroux,FRA,2,1511.45605469,2006-08-12,2006-08-18
None,Chateauroux,FRA,2,1523.02160645,2006-08-19,2006-08-23
None,Chateauroux,FRA,2,1523.06359863,2006-08-24,2006-08-24
None,Chateauroux,FRA,2,1526.72314453,2006-08-25,2006-08-27
None,Chateauroux,FRA,2,1523.0390625,2006-08-28,2006-09-11
None,Chateauroux,FRA,2,1517.26159668,2006-09-12,2006-09-12
None,Chateauroux,FRA,2,1517.7668457,2006-09-13,2006-09-13
None,Chateauroux,FRA,2,1519.8605957,2006-09-14,2006-09-14
None,Chateauroux,FRA,2,1519.84631348,2006-09-15,2006-09-15
None,Chateauroux,FRA,2,1524.81445312,2006-09-16,2006-09-24
None,Chateauroux,FRA,2,1532.72644043,2006-09-25,2006-09-26
None,Chateauroux,FRA,2,1537.63000488,2006-09-27,2006-09-27
None,Chateauroux,FRA,2,1534.0690918,2006-09-28,2006-09-28
None,Chateauroux,FRA,2,1535.32824707,2006-09-29,2006-09-29
None,Chateauroux,FRA,2,1531.88964844,2006-09-30,2006-10-13
None,Chateauroux,FRA,2,1541.99157715,2006-10-14,2006-10-17
None,Chateauroux,FRA,2,1545.87805176,2006-10-18,2006-10-18
None,Chateauroux,FRA,2,1542.90063477,2006-10-19,2006-10-19
None,Chateauroux,FRA,2,1539.27197266,2006-10-20,2006-10-20
None,Chateauroux,FRA,2,1543.32092285,2006-10-21,2006-10-27
None,Chateauroux,FRA,2,1535.96801758,2006-10-28,2006-10-31
None,Chateauroux,FRA,2,1534.24853516,2006-11-01,2006-11-01
None,Chateauroux,FRA,2,1531.24645996,2006-11-02,2006-11-02
None,Chateauroux,FRA,2,1535.13098145,2006-11-03,2006-11-03
None,Chateauroux,FRA,2,1526.74304199,2006-11-04,2006-11-07
None,Chateauroux,FRA,2,1515.14379883,2006-11-08,2006-11-10
None,Chateauroux,FRA,2,1503.79003906,2006-11-11,2006-11-17
None,Chateauroux,FRA,2,1501.02612305,2006-11-18,2006-11-21
None,Chateauroux,FRA,2,1499.63171387,2006-11-22,2006-11-22
None,Chateauroux,FRA,2,1501.47924805,2006-11-23,2006-11-23
None,Chateauroux,FRA,2,1491.81237793,2006-11-24,2006-11-29
None,Chateauroux,FRA,2,1491.48840332,2006-11-30,2006-11-30
None,Chateauroux,FRA,2,1494.20495605,2006-12-01,2006-12-01
None,Chateauroux,FRA,2,1502.22143555,2006-12-02,2006-12-05
None,Chateauroux,FRA,2,1508.78344727,2006-12-06,2006-12-06
None,Chateauroux,FRA,2,1512.26745605,2006-12-07,2006-12-08
None,Chateauroux,FRA,2,1514.61938477,2006-12-09,2006-12-13
None,Chateauroux,FRA,2,1517.05773926,2006-12-14,2006-12-14
None,Chateauroux,FRA,2,1509.48693848,2006-12-15,2006-12-22
None,Chateauroux,FRA,2,1504.72412109,2006-12-23,2007-01-12
None,Chateauroux,FRA,2,1510.08850098,2007-01-13,2007-01-26
None,Chateauroux,FRA,2,1520.82397461,2007-01-27,2007-02-02
None,Chateauroux,FRA,2,1527.28210449,2007-02-03,2007-02-09
None,Chateauroux,FRA,2,1515.74121094,2007-02-10,2007-02-14
None,Chateauroux,FRA,2,1521.49255371,2007-02-15,2007-02-15
None,Chateauroux,FRA,2,1523.25024414,2007-02-16,2007-02-18
None,Chateauroux,FRA,2,1523.30078125,2007-02-19,2007-02-20
None,Chateauroux,FRA,2,1521.81359863,2007-02-21,2007-02-21
None,Chateauroux,FRA,2,1522.08825684,2007-02-22,2007-02-22
None,Chateauroux,FRA,2,1516.93603516,2007-02-23,2007-02-23
None,Chateauroux,FRA,2,1504.95556641,2007-02-24,2007-03-02
None,Chateauroux,FRA,2,1492.93005371,2007-03-03,2007-03-06
None,Chateauroux,FRA,2,1484.93347168,2007-03-07,2007-03-07
None,Chateauroux,FRA,2,1484.51293945,2007-03-08,2007-03-08
None,Chateauroux,FRA,2,1486.73632812,2007-03-09,2007-03-12
None,Chateauroux,FRA,2,1501.29150391,2007-03-13,2007-03-14
None,Chateauroux,FRA,2,1495.03735352,2007-03-15,2007-03-15
None,Chateauroux,FRA,2,1491.40344238,2007-03-16,2007-03-16
None,Chateauroux,FRA,2,1481.61975098,2007-03-17,2007-03-30
None,Chateauroux,FRA,2,1483.61608887,2007-03-31,2007-04-06
None,Chateauroux,FRA,2,1490.23242188,2007-04-07,2007-04-13
None,Chateauroux,FRA,2,1485.76477051,2007-04-14,2007-04-20
None,Chateauroux,FRA,2,1481.83532715,2007-04-21,2007-04-27
None,Chateauroux,FRA,2,1495.83276367,2007-04-28,2007-05-04
None,Chateauroux,FRA,2,1496.0871582,2007-05-05,2007-05-11
None,Chateauroux,FRA,2,1488.73278809,2007-05-12,2007-05-18
None,Chateauroux,FRA,2,1494.93933105,2007-05-19,2007-05-25
None,Chateauroux,FRA,2,1485.41394043,2007-05-26,2007-07-27
None,Chateauroux,FRA,2,1485.484375,2007-07-28,2007-08-03
None,Chateauroux,FRA,2,1477.64892578,2007-08-04,2007-08-10
None,Chateauroux,FRA,2,1468.83178711,2007-08-11,2007-08-15
None,Chateauroux,FRA,2,1467.78674316,2007-08-16,2007-08-16
None,Chateauroux,FRA,2,1468.49267578,2007-08-17,2007-08-17
None,Chateauroux,FRA,2,1474.92651367,2007-08-18,2007-08-24
None,Chateauroux,FRA,2,1479.22192383,2007-08-25,2007-08-28
None,Chateauroux,FRA,2,1478.02636719,2007-08-29,2007-08-30
None,Chateauroux,FRA,2,1481.00793457,2007-08-31,2007-08-31
None,Chateauroux,FRA,2,1469.63000488,2007-09-01,2007-09-14
None,Chateauroux,FRA,2,1482.22290039,2007-09-15,2007-09-18
None,Chateauroux,FRA,2,1484.24658203,2007-09-19,2007-09-19
None,Chateauroux,FRA,2,1480.59277344,2007-09-20,2007-09-20
None,Chateauroux,FRA,2,1473.44213867,2007-09-21,2007-09-21
None,Chateauroux,FRA,2,1478.88891602,2007-09-22,2007-09-28
None,Chateauroux,FRA,2,1481.38598633,2007-09-29,2007-10-02
None,Chateauroux,FRA,2,1469.45422363,2007-10-03,2007-10-03
None,Chateauroux,FRA,2,1474.77575684,2007-10-04,2007-10-04
None,Chateauroux,FRA,2,1476.00354004,2007-10-05,2007-10-05
None,Chateauroux,FRA,2,1470.35534668,2007-10-06,2007-10-19
None,Chateauroux,FRA,2,1470.11901855,2007-10-20,2007-10-23
None,Chateauroux,FRA,2,1473.51086426,2007-10-24,2007-10-24
None,Chateauroux,FRA,2,1473.7376709,2007-10-25,2007-10-25
None,Chateauroux,FRA,2,1471.46374512,2007-10-26,2007-10-26
None,Chateauroux,FRA,2,1482.59240723,2007-10-27,2007-11-02
None,Chateauroux,FRA,2,1478.31530762,2007-11-03,2007-11-06
None,Chateauroux,FRA,2,1465.82531738,2007-11-07,2007-11-07
None,Chateauroux,FRA,2,1467.14416504,2007-11-08,2007-11-08
None,Chateauroux,FRA,2,1462.21643066,2007-11-09,2007-11-09
None,Chateauroux,FRA,2,1456.58349609,2007-11-10,2007-11-27
None,Chateauroux,FRA,2,1456.78222656,2007-11-28,2007-11-28
None,Chateauroux,FRA,2,1454.10375977,2007-11-29,2007-11-29
None,Chateauroux,FRA,2,1449.29370117,2007-11-30,2007-11-30
None,Chateauroux,FRA,2,1448.76171875,2007-12-01,2007-12-06
None,Chateauroux,FRA,2,1449.34069824,2007-12-07,2007-12-07
None,Chateauroux,FRA,2,1443.51733398,2007-12-08,2007-12-11
None,Chateauroux,FRA,2,1439.7166748,2007-12-12,2007-12-12
None,Chateauroux,FRA,2,1443.53918457,2007-12-13,2007-12-19
None,Chateauroux,FRA,2,1447.96801758,2007-12-20,2007-12-20
None,Chateauroux,FRA,2,1446.52734375,2007-12-21,2007-12-21
None,Chateauroux,FRA,2,1454.04919434,2007-12-22,2008-01-11
None,Chateauroux,FRA,2,1450.78564453,2008-01-12,2008-01-18
None,Chateauroux,FRA,2,1447.09692383,2008-01-19,2008-01-25
None,Chateauroux,FRA,2,1439.21398926,2008-01-26,2008-02-08
None,Chateauroux,FRA,2,1447.47766113,2008-02-09,2008-02-13
None,Chateauroux,FRA,2,1450.04370117,2008-02-14,2008-02-15
None,Chateauroux,FRA,2,1445.25561523,2008-02-16,2008-02-20
None,Chateauroux,FRA,2,1444.8638916,2008-02-21,2008-02-21
None,Chateauroux,FRA,2,1438.71911621,2008-02-22,2008-02-22
None,Chateauroux,FRA,2,1443.54162598,2008-02-23,2008-02-29
None,Chateauroux,FRA,2,1436.38366699,2008-03-01,2008-03-04
None,Chateauroux,FRA,2,1435.28039551,2008-03-05,2008-03-06
None,Chateauroux,FRA,2,1438.22937012,2008-03-07,2008-03-07
None,Chateauroux,FRA,2,1436.94030762,2008-03-08,2008-03-12
None,Chateauroux,FRA,2,1430.86071777,2008-03-13,2008-03-14
None,Chateauroux,FRA,2,1442.16210938,2008-03-15,2008-03-21
None,Chateauroux,FRA,2,1449.22290039,2008-03-22,2008-03-30
None,Chateauroux,FRA,2,1444.8671875,2008-03-31,2008-04-04
None,Chateauroux,FRA,2,1443.19226074,2008-04-05,2008-04-11
None,Chateauroux,FRA,2,1431.82348633,2008-04-12,2008-04-15
None,Chateauroux,FRA,2,1422.8404541,2008-04-16,2008-04-18
None,Chateauroux,FRA,2,1425.07983398,2008-04-19,2008-04-25
None,Chateauroux,FRA,2,1436.66186523,2008-04-26,2008-05-02
None,Chateauroux,FRA,2,1427.03894043,2008-05-03,2008-05-12
None,Chateauroux,FRA,2,1432.10717773,2008-05-13,2008-05-16
None,Chateauroux,FRA,2,1438.9954834,2008-05-17,2008-08-01
None,Chateauroux,FRA,2,1450.22070312,2008-08-02,2008-08-08
None,Chateauroux,FRA,2,1440.57128906,2008-08-09,2008-08-13
None,Chateauroux,FRA,2,1441.33312988,2008-08-14,2008-08-14
None,Chateauroux,FRA,2,1439.89013672,2008-08-15,2008-08-15
None,Chateauroux,FRA,2,1436.92687988,2008-08-16,2008-08-22
None,Chateauroux,FRA,2,1443.6229248,2008-08-23,2008-08-27
None,Chateauroux,FRA,2,1443.95690918,2008-08-28,2008-08-28
None,Chateauroux,FRA,2,1447.39770508,2008-08-29,2008-08-29
None,Chateauroux,FRA,2,1443.54431152,2008-08-30,2008-09-12
None,Chateauroux,FRA,2,1441.09301758,2008-09-13,2008-09-16
None,Chateauroux,FRA,2,1438.22924805,2008-09-17,2008-09-17
None,Chateauroux,FRA,2,1436.68969727,2008-09-18,2008-09-18
None,Chateauroux,FRA,2,1442.9552002,2008-09-19,2008-09-19
None,Chateauroux,FRA,2,1432.53491211,2008-09-20,2008-09-27
None,Chateauroux,FRA,2,1431.79541016,2008-09-28,2008-09-30
None,Chateauroux,FRA,2,1432.31030273,2008-10-01,2008-10-01
None,Chateauroux,FRA,2,1426.81481934,2008-10-02,2008-10-02
None,Chateauroux,FRA,2,1425.64453125,2008-10-03,2008-10-03
None,Chateauroux,FRA,2,1419.93286133,2008-10-04,2008-10-10
None,Chateauroux,FRA,2,1420.90686035,2008-10-11,2008-10-17
None,Chateauroux,FRA,2,1412.39782715,2008-10-18,2008-10-21
None,Chateauroux,FRA,2,1415.43432617,2008-10-22,2008-10-22
None,Chateauroux,FRA,2,1412.69702148,2008-10-23,2008-10-23
None,Chateauroux,FRA,2,1417.98608398,2008-10-24,2008-10-24
None,Chateauroux,FRA,2,1427.82714844,2008-10-25,2008-10-31
None,Chateauroux,FRA,2,1420.82177734,2008-11-01,2008-11-04
None,Chateauroux,FRA,2,1426.02294922,2008-11-05,2008-11-05
None,Chateauroux,FRA,2,1426.90942383,2008-11-06,2008-11-06
None,Chateauroux,FRA,2,1428.12915039,2008-11-07,2008-11-07
None,Chateauroux,FRA,2,1427.56237793,2008-11-08,2008-11-14
None,Chateauroux,FRA,2,1433.49377441,2008-11-15,2008-11-25
None,Chateauroux,FRA,2,1436.85327148,2008-11-26,2008-11-26
None,Chateauroux,FRA,2,1437.5847168,2008-11-27,2008-11-27
None,Chateauroux,FRA,2,1437.81018066,2008-11-28,2008-11-28
None,Chateauroux,FRA,2,1430.35131836,2008-11-29,2008-12-03
None,Chateauroux,FRA,2,1431.93225098,2008-12-04,2008-12-04
None,Chateauroux,FRA,2,1428.76928711,2008-12-05,2008-12-05
None,Chateauroux,FRA,2,1424.83862305,2008-12-06,2008-12-09
None,Chateauroux,FRA,2,1423.16967773,2008-12-10,2008-12-10
None,Chateauroux,FRA,2,1419.72973633,2008-12-11,2008-12-17
None,Chateauroux,FRA,2,1419.14196777,2008-12-18,2008-12-18
None,Chateauroux,FRA,2,1422.25305176,2008-12-19,2008-12-19
None,Chateauroux,FRA,2,1438.43530273,2008-12-20,2009-01-17
None,Chateauroux,FRA,2,1442.22558594,2009-01-18,2009-01-23
None,Chateauroux,FRA,2,1433.88964844,2009-01-24,2009-01-30
None,Chateauroux,FRA,2,1435.9095459,2009-01-31,2009-02-06
None,Chateauroux,FRA,2,1439.25683594,2009-02-07,2009-02-13
None,Chateauroux,FRA,2,1430.9744873,2009-02-14,2009-02-18
None,Chateauroux,FRA,2,1440.66918945,2009-02-19,2009-02-19
None,Chateauroux,FRA,2,1436.54418945,2009-02-20,2009-02-20
None,Chateauroux,FRA,2,1431.75073242,2009-02-21,2009-02-24
None,Chateauroux,FRA,2,1431.13525391,2009-02-25,2009-02-26
None,Chateauroux,FRA,2,1435.05810547,2009-02-27,2009-02-27
None,Chateauroux,FRA,2,1432.74719238,2009-02-28,2009-03-06
None,Chateauroux,FRA,2,1426.16320801,2009-03-07,2009-03-11
None,Chateauroux,FRA,2,1423.07128906,2009-03-12,2009-03-12
None,Chateauroux,FRA,2,1421.54125977,2009-03-13,2009-03-13
None,Chateauroux,FRA,2,1428.17980957,2009-03-14,2009-03-18
None,Chateauroux,FRA,2,1428.62939453,2009-03-19,2009-03-19
None,Chateauroux,FRA,2,1432.1394043,2009-03-20,2009-03-20
None,Chateauroux,FRA,2,1428.25439453,2009-03-21,2009-03-27
None,Chateauroux,FRA,2,1437.93835449,2009-03-28,2009-04-03
None,Chateauroux,FRA,2,1431.65441895,2009-04-04,2009-04-09
None,Chateauroux,FRA,2,1427.51672363,2009-04-10,2009-04-10
None,Chateauroux,FRA,2,1425.61572266,2009-04-11,2009-04-16
None,Chateauroux,FRA,2,1418.40100098,2009-04-17,2009-04-17
None,Chateauroux,FRA,2,1431.02392578,2009-04-18,2009-05-01
None,Chateauroux,FRA,2,1444.42224121,2009-05-02,2009-05-05
None,Chateauroux,FRA,2,1431.9810791,2009-05-06,2009-05-08
None,Chateauroux,FRA,2,1424.80175781,2009-05-09,2009-05-15
None,Chateauroux,FRA,2,1431.78479004,2009-05-16,2009-05-22
None,Chateauroux,FRA,2,1434.79516602,2009-05-23,2009-05-29
None,Chateauroux,FRA,2,1441.06994629,2009-05-30,2009-07-30
None,Chateauroux,FRA,2,1441.48657227,2009-07-31,2009-08-06
None,Chateauroux,FRA,2,1441.61328125,2009-08-07,2009-08-07
None,Chateauroux,FRA,2,1453.77929688,2009-08-08,2009-08-14
None,Chateauroux,FRA,2,1460.95703125,2009-08-15,2009-08-18
None,Chateauroux,FRA,2,1479.48059082,2009-08-19,2009-08-19
None,Chateauroux,FRA,2,1483.39331055,2009-08-20,2009-08-20
None,Chateauroux,FRA,2,1485.35473633,2009-08-21,2009-08-21
None,Chateauroux,FRA,2,1486.63415527,2009-08-22,2009-08-25
None,Chateauroux,FRA,2,1487.4543457,2009-08-26,2009-08-27
None,Chateauroux,FRA,2,1486.42431641,2009-08-28,2009-08-28
None,Chateauroux,FRA,2,1487.50695801,2009-08-29,2009-09-11
None,Chateauroux,FRA,2,1483.95117188,2009-09-12,2009-09-15
None,Chateauroux,FRA,2,1481.62902832,2009-09-16,2009-09-16
None,Chateauroux,FRA,2,1483.44873047,2009-09-17,2009-09-17
None,Chateauroux,FRA,2,1485.42602539,2009-09-18,2009-09-18
None,Chateauroux,FRA,2,1478.1739502,2009-09-19,2009-09-25
None,Chateauroux,FRA,2,1460.44262695,2009-09-26,2009-09-29
None,Chateauroux,FRA,2,1462.27160645,2009-09-30,2009-09-30
None,Chateauroux,FRA,2,1460.7578125,2009-10-01,2009-10-01
None,Chateauroux,FRA,2,1463.17041016,2009-10-02,2009-10-02
None,Chateauroux,FRA,2,1472.45568848,2009-10-03,2009-10-16
None,Chateauroux,FRA,2,1461.27758789,2009-10-17,2009-10-20
None,Chateauroux,FRA,2,1465.72509766,2009-10-21,2009-10-21
None,Chateauroux,FRA,2,1469.53527832,2009-10-22,2009-10-22
None,Chateauroux,FRA,2,1470.35766602,2009-10-23,2009-10-23
None,Chateauroux,FRA,2,1473.77075195,2009-10-24,2009-10-27
None,Chateauroux,FRA,2,1464.87438965,2009-10-28,2009-10-30
None,Chateauroux,FRA,2,1458.55114746,2009-10-31,2009-11-03
None,Chateauroux,FRA,2,1464.95727539,2009-11-04,2009-11-04
None,Chateauroux,FRA,2,1464.78369141,2009-11-05,2009-11-05
None,Chateauroux,FRA,2,1458.56921387,2009-11-06,2009-11-06
None,Chateauroux,FRA,2,1464.60571289,2009-11-07,2009-11-24
None,Chateauroux,FRA,2,1461.98510742,2009-11-25,2009-11-25
None,Chateauroux,FRA,2,1466.53771973,2009-11-26,2009-11-27
None,Chateauroux,FRA,2,1471.02062988,2009-11-28,2009-12-01
None,Chateauroux,FRA,2,1460.89770508,2009-12-02,2009-12-02
None,Chateauroux,FRA,2,1458.51147461,2009-12-03,2009-12-03
None,Chateauroux,FRA,2,1459.15722656,2009-12-04,2009-12-04
None,Chateauroux,FRA,2,1463.24694824,2009-12-05,2009-12-08
None,Chateauroux,FRA,2,1460.89050293,2009-12-09,2009-12-09
None,Chateauroux,FRA,2,1461.64672852,2009-12-10,2009-12-16
None,Chateauroux,FRA,2,1458.26647949,2009-12-17,2009-12-17
None,Chateauroux,FRA,2,1459.36242676,2009-12-18,2009-12-18
None,Chateauroux,FRA,2,1448.37121582,2009-12-19,2009-12-22
None,Chateauroux,FRA,2,1438.30078125,2009-12-23,2010-01-15
None,Chateauroux,FRA,2,1442.03894043,2010-01-16,2010-01-19
None,Chateauroux,FRA,2,1451.91760254,2010-01-20,2010-01-29
None,Chateauroux,FRA,2,1458.18286133,2010-01-30,2010-02-05
None,Chateauroux,FRA,2,1444.06115723,2010-02-06,2010-02-13
None,Chateauroux,FRA,2,1440.21984863,2010-02-14,2010-02-16
None,Chateauroux,FRA,2,1442.57971191,2010-02-17,2010-02-18
None,Chateauroux,FRA,2,1446.09436035,2010-02-19,2010-02-19
None,Chateauroux,FRA,2,1443.56884766,2010-02-20,2010-02-23
None,Chateauroux,FRA,2,1444.77099609,2010-02-24,2010-02-25
None,Chateauroux,FRA,2,1446.68383789,2010-02-26,2010-02-26
None,Chateauroux,FRA,2,1436.18103027,2010-02-27,2010-03-05
None,Chateauroux,FRA,2,1433.0480957,2010-03-06,2010-03-10
None,Chateauroux,FRA,2,1436.16943359,2010-03-11,2010-03-11
None,Chateauroux,FRA,2,1439.10656738,2010-03-12,2010-03-12
None,Chateauroux,FRA,2,1458.87365723,2010-03-13,2010-03-17
None,Chateauroux,FRA,2,1459.57861328,2010-03-18,2010-03-18
None,Chateauroux,FRA,2,1447.97802734,2010-03-19,2010-03-19
None,Chateauroux,FRA,2,1431.49560547,2010-03-20,2010-03-26
None,Chateauroux,FRA,2,1436.28649902,2010-03-27,2010-04-02
None,Chateauroux,FRA,2,1423.82556152,2010-04-03,2010-04-09
None,Chateauroux,FRA,2,1427.25683594,2010-04-10,2010-04-16
None,Chateauroux,FRA,2,1426.74975586,2010-04-17,2010-04-21
None,Chateauroux,FRA,2,1425.23181152,2010-04-22,2010-04-23
None,Chateauroux,FRA,2,1428.47717285,2010-04-24,2010-04-27
None,Chateauroux,FRA,2,1424.00378418,2010-04-28,2010-04-30
None,Chateauroux,FRA,2,1434.55664062,2010-05-01,2010-05-04
None,Chateauroux,FRA,2,1447.50109863,2010-05-05,2010-05-07
None,Chateauroux,FRA,2,1441.09985352,2010-05-08,2010-05-14
None,Chateauroux,FRA,2,1447.88012695,2010-05-15,2010-07-29
None,Chateauroux,FRA,2,1448.30664062,2010-07-30,2010-08-05
None,Chateauroux,FRA,2,1443.74389648,2010-08-06,2010-08-06
None,Chateauroux,FRA,2,1440.76330566,2010-08-07,2010-08-13
None,Chateauroux,FRA,2,1443.03173828,2010-08-14,2010-08-17
None,Chateauroux,FRA,2,1447.81750488,2010-08-18,2010-08-19
None,Chateauroux,FRA,2,1448.92321777,2010-08-20,2010-08-20
None,Chateauroux,FRA,2,1466.95666504,2010-08-21,2010-08-25
None,Chateauroux,FRA,2,1473.33459473,2010-08-26,2010-08-26
None,Chateauroux,FRA,2,1474.35742188,2010-08-27,2010-08-30
None,Chateauroux,FRA,2,1464.21228027,2010-08-31,2010-09-10
None,Chateauroux,FRA,2,1466.20410156,2010-09-11,2010-09-14
None,Chateauroux,FRA,2,1468.0625,2010-09-15,2010-09-15
None,Chateauroux,FRA,2,1460.2845459,2010-09-16,2010-09-16
None,Chateauroux,FRA,2,1460.44519043,2010-09-17,2010-09-17
None,Chateauroux,FRA,2,1467.2623291,2010-09-18,2010-09-24
None,Chateauroux,FRA,2,1457.95605469,2010-09-25,2010-09-28
None,Chateauroux,FRA,2,1454.98596191,2010-09-29,2010-09-29
None,Chateauroux,FRA,2,1457.89147949,2010-09-30,2010-09-30
None,Chateauroux,FRA,2,1457.98046875,2010-10-01,2010-10-01
None,Chateauroux,FRA,2,1465.47143555,2010-10-02,2010-10-15
None,Chateauroux,FRA,2,1474.52661133,2010-10-16,2010-10-19
None,Chateauroux,FRA,2,1462.453125,2010-10-20,2010-10-20
None,Chateauroux,FRA,2,1465.35778809,2010-10-21,2010-10-21
None,Chateauroux,FRA,2,1467.71862793,2010-10-22,2010-10-22
None,Chateauroux,FRA,2,1469.91906738,2010-10-23,2010-11-01
None,Chateauroux,FRA,2,1461.88098145,2010-11-02,2010-11-02
None,Chateauroux,FRA,2,1459.6517334,2010-11-03,2010-11-03
None,Chateauroux,FRA,2,1465.31530762,2010-11-04,2010-11-04
None,Chateauroux,FRA,2,1463.53918457,2010-11-05,2010-11-05
None,Chateauroux,FRA,2,1469.85119629,2010-11-06,2010-11-12
None,Chateauroux,FRA,2,1480.16003418,2010-11-13,2010-11-23
None,Chateauroux,FRA,2,1479.77075195,2010-11-24,2010-11-24
None,Chateauroux,FRA,2,1475.38842773,2010-11-25,2010-11-26
None,Chateauroux,FRA,2,1458.30908203,2010-11-27,2010-12-01
None,Chateauroux,FRA,2,1455.53613281,2010-12-02,2010-12-02
None,Chateauroux,FRA,2,1458.77404785,2010-12-03,2010-12-03
None,Chateauroux,FRA,2,1452.93066406,2010-12-04,2010-12-07
None,Chateauroux,FRA,2,1450.67028809,2010-12-08,2010-12-08
None,Chateauroux,FRA,2,1452.5970459,2010-12-09,2010-12-15
None,Chateauroux,FRA,2,1451.2479248,2010-12-16,2010-12-16
None,Chateauroux,FRA,2,1452.61694336,2010-12-17,2010-12-17
None,Chateauroux,FRA,2,1451.56762695,2010-12-18,2011-01-15
None,Chateauroux,FRA,2,1449.8795166,2011-01-16,2011-01-19
None,Chateauroux,FRA,2,1443.60925293,2011-01-20,2011-01-31
None,Chateauroux,FRA,2,1438.67700195,2011-02-01,2011-02-05
None,Chateauroux,FRA,2,1431.06066895,2011-02-06,2011-02-12
None,Chateauroux,FRA,2,1426.64013672,2011-02-13,2011-02-17
None,Chateauroux,FRA,2,1425.4185791,2011-02-18,2011-02-18
None,Chateauroux,FRA,2,1432.14086914,2011-02-19,2011-02-22
None,Chateauroux,FRA,2,1431.86975098,2011-02-23,2011-02-23
None,Chateauroux,FRA,2,1431.94055176,2011-02-24,2011-02-24
None,Chateauroux,FRA,2,1428.08666992,2011-02-25,2011-02-25
None,Chateauroux,FRA,2,1431.82666016,2011-02-26,2011-03-04
None,Chateauroux,FRA,2,1438.4140625,2011-03-05,2011-03-10
None,Chateauroux,FRA,2,1437.83251953,2011-03-11,2011-03-11
None,Chateauroux,FRA,2,1440.32617188,2011-03-12,2011-03-15
None,Chateauroux,FRA,2,1438.20861816,2011-03-16,2011-03-16
None,Chateauroux,FRA,2,1436.03100586,2011-03-17,2011-03-17
None,Chateauroux,FRA,2,1434.12011719,2011-03-18,2011-03-18
None,Chateauroux,FRA,2,1417.22497559,2011-03-19,2011-04-01
None,Chateauroux,FRA,2,1421.30541992,2011-04-02,2011-04-08
None,Chateauroux,FRA,2,1419.11010742,2011-04-09,2011-04-15
None,Chateauroux,FRA,2,1431.05651855,2011-04-16,2011-04-22
None,Chateauroux,FRA,2,1433.13427734,2011-04-23,2011-04-29
None,Chateauroux,FRA,2,1443.93408203,2011-04-30,2011-05-06
None,Chateauroux,FRA,2,1437.79907227,2011-05-07,2011-05-10
None,Chateauroux,FRA,2,1428.79931641,2011-05-11,2011-05-13
None,Chateauroux,FRA,2,1423.35925293,2011-05-14,2011-05-20
None,Chateauroux,FRA,2,1431.5657959,2011-05-21,2011-05-27
None,Chateauroux,FRA,2,1422.98425293,2011-05-28,2011-07-28
None,Chateauroux,FRA,2,1423.49414062,2011-07-29,2011-07-29
None,Chateauroux,FRA,2,1426.26745605,2011-07-30,2011-08-04
None,Chateauroux,FRA,2,1426.37280273,2011-08-05,2011-08-05
None,Chateauroux,FRA,2,1418.68981934,2011-08-06,2011-08-12
None,Chateauroux,FRA,2,1429.21313477,2011-08-13,2011-08-16
None,Chateauroux,FRA,2,1432.40380859,2011-08-17,2011-08-18
None,Chateauroux,FRA,2,1434.58947754,2011-08-19,2011-08-19
None,Chateauroux,FRA,2,1429.57116699,2011-08-20,2011-08-24
None,Chateauroux,FRA,2,1431.13049316,2011-08-25,2011-08-25
None,Chateauroux,FRA,2,1423.25195312,2011-08-26,2011-08-26
None,Chateauroux,FRA,2,1431.57165527,2011-08-27,2011-09-10
None,Chateauroux,FRA,2,1427.09082031,2011-09-11,2011-09-13
None,Chateauroux,FRA,2,1429.95715332,2011-09-14,2011-09-14
None,Chateauroux,FRA,2,1429.15673828,2011-09-15,2011-09-15
None,Chateauroux,FRA,2,1428.83825684,2011-09-16,2011-09-16
None,Chateauroux,FRA,2,1426.70019531,2011-09-17,2011-09-20
None,Chateauroux,FRA,2,1418.04724121,2011-09-21,2011-09-23
None,Chateauroux,FRA,2,1425.39160156,2011-09-24,2011-09-27
None,Chateauroux,FRA,2,1426.28637695,2011-09-28,2011-09-28
None,Chateauroux,FRA,2,1430.82714844,2011-09-29,2011-09-29
None,Chateauroux,FRA,2,1427.20349121,2011-09-30,2011-09-30
None,Chateauroux,FRA,2,1421.07006836,2011-10-01,2011-10-14
None,Chateauroux,FRA,2,1427.68408203,2011-10-15,2011-10-18
None,Chateauroux,FRA,2,1421.99169922,2011-10-19,2011-10-19
None,Chateauroux,FRA,2,1418.7980957,2011-10-20,2011-10-20
None,Chateauroux,FRA,2,1414.50537109,2011-10-21,2011-10-21
None,Chateauroux,FRA,2,1405.6529541,2011-10-22,2011-10-28
None,Chateauroux,FRA,2,1415.2208252,2011-10-29,2011-11-01
None,Chateauroux,FRA,2,1417.06982422,2011-11-02,2011-11-02
None,Chateauroux,FRA,2,1412.57910156,2011-11-03,2011-11-03
None,Chateauroux,FRA,2,1408.31237793,2011-11-04,2011-11-05
None,Chateauroux,FRA,2,1396.06396484,2011-11-06,2011-11-22
None,Chateauroux,FRA,2,1400.25366211,2011-11-23,2011-11-23
None,Chateauroux,FRA,2,1395.69799805,2011-11-24,2011-11-25
None,Chateauroux,FRA,2,1387.65600586,2011-11-26,2011-11-30
None,Chateauroux,FRA,2,1387.14501953,2011-12-01,2011-12-01
None,Chateauroux,FRA,2,1382.0423584,2011-12-02,2011-12-02
None,Chateauroux,FRA,2,1384.80383301,2011-12-03,2011-12-06
None,Chateauroux,FRA,2,1389.35339355,2011-12-07,2011-12-07
None,Chateauroux,FRA,2,1392.33508301,2011-12-08,2011-12-14
None,Chateauroux,FRA,2,1395.70117188,2011-12-15,2011-12-15
None,Chateauroux,FRA,2,1393.81884766,2011-12-16,2011-12-16
None,Chateauroux,FRA,2,1381.71130371,2011-12-17,2011-12-20
None,Chateauroux,FRA,2,1394.89282227,2011-12-21,2012-01-14
None,Chateauroux,FRA,2,1405.32177734,2012-01-15,2012-01-18
None,Chateauroux,FRA,2,1404.35290527,2012-01-19,2012-01-28
None,Chateauroux,FRA,2,1416.71960449,2012-01-29,2012-02-04
None,Chateauroux,FRA,2,1425.29321289,2012-02-05,2012-02-11
None,Chateauroux,FRA,2,1416.23522949,2012-02-12,2012-02-14
None,Chateauroux,FRA,2,1417.35668945,2012-02-15,2012-02-17
None,Chateauroux,FRA,2,1403.82080078,2012-02-18,2012-02-22
None,Chateauroux,FRA,2,1405.04931641,2012-02-23,2012-02-24
None,Chateauroux,FRA,2,1416.14758301,2012-02-25,2012-03-02
None,Chateauroux,FRA,2,1415.87536621,2012-03-03,2012-03-07
None,Chateauroux,FRA,2,1413.30773926,2012-03-08,2012-03-09
None,Chateauroux,FRA,2,1424.66320801,2012-03-10,2012-03-13
None,Chateauroux,FRA,2,1425.56494141,2012-03-14,2012-03-16
None,Chateauroux,FRA,2,1432.20532227,2012-03-17,2012-03-23
None,Chateauroux,FRA,2,1427.61022949,2012-03-24,2012-03-28
None,Chateauroux,FRA,2,1425.69165039,2012-03-29,2012-03-30
None,Chateauroux,FRA,2,1434.3536377,2012-03-31,2012-04-03
None,Chateauroux,FRA,2,1433.8236084,2012-04-04,2012-04-06
None,Chateauroux,FRA,2,1425.34558105,2012-04-07,2012-04-13
None,Chateauroux,FRA,2,1415.49853516,2012-04-14,2012-04-23
None,Chateauroux,FRA,2,1412.01367188,2012-04-24,2012-04-27
None,Chateauroux,FRA,2,1419.44067383,2012-04-28,2012-05-01
None,Chateauroux,FRA,2,1422.79016113,2012-05-02,2012-05-04
None,Chateauroux,FRA,2,1408.77197266,2012-05-05,2012-05-11
None,Chateauroux,FRA,2,1403.03674316,2012-05-12,2012-05-18
None,Chateauroux,FRA,2,1390.69689941,2012-05-19,2012-07-27
None,Chateauroux,FRA,2,1389.08911133,2012-07-28,2012-08-02
None,Chateauroux,FRA,2,1389.65258789,2012-08-03,2012-08-03
None,Chateauroux,FRA,2,1394.81616211,2012-08-04,2012-08-09
None,Chateauroux,FRA,2,1397.70214844,2012-08-10,2012-08-10
None,Chateauroux,FRA,2,1405.34802246,2012-08-11,2012-08-17
None,Chateauroux,FRA,2,1409.09545898,2012-08-18,2012-08-21
None,Chateauroux,FRA,2,1406.69274902,2012-08-22,2012-08-23
None,Chateauroux,FRA,2,1406.78857422,2012-08-24,2012-08-24
None,Chateauroux,FRA,2,1418.09692383,2012-08-25,2012-08-29
None,Chateauroux,FRA,2,1422.0723877,2012-08-30,2012-08-30
None,Chateauroux,FRA,2,1423.23278809,2012-08-31,2012-08-31
None,Chateauroux,FRA,2,1418.38085938,2012-09-01,2012-09-14
None,Chateauroux,FRA,2,1417.30944824,2012-09-15,2012-09-18
None,Chateauroux,FRA,2,1418.37475586,2012-09-19,2012-09-19
None,Chateauroux,FRA,2,1410.14013672,2012-09-20,2012-09-20
None,Chateauroux,FRA,2,1415.08166504,2012-09-21,2012-09-21
None,Chateauroux,FRA,2,1418.88330078,2012-09-22,2012-09-28
None,Chateauroux,FRA,2,1417.27075195,2012-09-29,2012-10-02
None,Chateauroux,FRA,2,1415.22607422,2012-10-03,2012-10-03
None,Chateauroux,FRA,2,1415.75769043,2012-10-04,2012-10-04
None,Chateauroux,FRA,2,1415.00231934,2012-10-05,2012-10-08
None,Chateauroux,FRA,2,1420.4564209,2012-10-09,2012-10-19
None,Chateauroux,FRA,2,1428.57458496,2012-10-20,2012-10-23
None,Chateauroux,FRA,2,1426.6739502,2012-10-24,2012-10-24
None,Chateauroux,FRA,2,1425.59960938,2012-10-25,2012-10-25
None,Chateauroux,FRA,2,1424.0958252,2012-10-26,2012-10-26
None,Chateauroux,FRA,2,1419.49133301,2012-10-27,2012-11-02
None,Chateauroux,FRA,2,1419.04016113,2012-11-03,2012-11-06
None,Chateauroux,FRA,2,1418.0057373,2012-11-07,2012-11-07
None,Chateauroux,FRA,2,1416.47192383,2012-11-08,2012-11-08
None,Chateauroux,FRA,2,1420.39306641,2012-11-09,2012-11-09
None,Chateauroux,FRA,2,1424.78613281,2012-11-10,2012-11-20
None,Chateauroux,FRA,2,1428.36462402,2012-11-21,2012-11-21
None,Chateauroux,FRA,2,1431.89245605,2012-11-22,2012-11-22
None,Chateauroux,FRA,2,1429.87878418,2012-11-23,2012-11-23
None,Chateauroux,FRA,2,1431.83105469,2012-11-24,2012-11-30
None,Chateauroux,FRA,2,1431.7947998,2012-12-01,2012-12-04
None,Chateauroux,FRA,2,1435.22668457,2012-12-05,2012-12-05
None,Chateauroux,FRA,2,1432.16796875,2012-12-06,2012-12-06
None,Chateauroux,FRA,2,1427.9050293,2012-12-07,2012-12-11
None,Chateauroux,FRA,2,1418.27648926,2012-12-12,2012-12-14
None,Chateauroux,FRA,2,1417.29199219,2012-12-15,2012-12-21
None,Chateauroux,FRA,2,1413.93066406,2012-12-22,2013-01-11
None,Chateauroux,FRA,2,1412.60437012,2013-01-12,2013-01-18
None,Chateauroux,FRA,2,1404.19091797,2013-01-19,2013-01-26
None,Chateauroux,FRA,2,1414.28808594,2013-01-27,2013-02-01
None,Chateauroux,FRA,2,1405.99914551,2013-02-02,2013-02-08
None,Chateauroux,FRA,2,1419.18786621,2013-02-09,2013-02-12
None,Chateauroux,FRA,2,1422.73449707,2013-02-13,2013-02-14
None,Chateauroux,FRA,2,1423.09399414,2013-02-15,2013-02-15
None,Chateauroux,FRA,2,1418.0291748,2013-02-16,2013-02-21
None,Chateauroux,FRA,2,1418.57714844,2013-02-22,2013-02-22
None,Chateauroux,FRA,2,1426.9967041,2013-02-23,2013-03-01
None,Chateauroux,FRA,2,1421.67529297,2013-03-02,2013-03-06
None,Chateauroux,FRA,2,1421.87097168,2013-03-07,2013-03-07
None,Chateauroux,FRA,2,1421.05627441,2013-03-08,2013-03-08
None,Chateauroux,FRA,2,1423.48339844,2013-03-09,2013-03-14
None,Chateauroux,FRA,2,1421.81811523,2013-03-15,2013-03-19
None,Chateauroux,FRA,2,1422.22802734,2013-03-20,2013-03-29
None,Chateauroux,FRA,2,1414.52099609,2013-03-30,2013-04-02
None,Chateauroux,FRA,2,1414.37878418,2013-04-03,2013-04-05
None,Chateauroux,FRA,2,1418.8807373,2013-04-06,2013-04-10
None,Chateauroux,FRA,2,1418.48425293,2013-04-11,2013-04-15
None,Chateauroux,FRA,2,1403.51965332,2013-04-16,2013-04-19
None,Chateauroux,FRA,2,1410.12670898,2013-04-20,2013-04-26
None,Chateauroux,FRA,2,1414.59191895,2013-04-27,2013-05-03
None,Chateauroux,FRA,2,1422.74267578,2013-05-04,2013-05-10
None,Chateauroux,FRA,2,1416.54382324,2013-05-11,2013-05-17
None,Chateauroux,FRA,2,1418.28540039,2013-05-18,2013-05-24
None,Chateauroux,FRA,2,1411.62585449,2013-05-25,2013-07-30
None,Chateauroux,FRA,2,1412.32287598,2013-07-31,2013-08-01
None,Chateauroux,FRA,2,1412.50219727,2013-08-02,2013-08-02
None,Chateauroux,FRA,2,1412.37011719,2013-08-03,2013-08-06
None,Chateauroux,FRA,2,1414.05712891,2013-08-07,2013-08-08
None,Chateauroux,FRA,2,1414.11242676,2013-08-09,2013-08-10
None,Chateauroux,FRA,2,1410.17944336,2013-08-11,2013-08-16
None,Chateauroux,FRA,2,1392.46716309,2013-08-17,2013-08-20
None,Chateauroux,FRA,2,1388.28027344,2013-08-21,2013-08-22
None,Chateauroux,FRA,2,1381.23364258,2013-08-23,2013-08-23
None,Chateauroux,FRA,2,1375.14587402,2013-08-24,2013-08-28
None,Chateauroux,FRA,2,1373.90112305,2013-08-29,2013-08-29
None,Chateauroux,FRA,2,1361.05712891,2013-08-30,2013-08-30
None,Chateauroux,FRA,2,1369.8013916,2013-08-31,2013-09-13
None,Chateauroux,FRA,2,1363.94445801,2013-09-14,2013-09-17
None,Chateauroux,FRA,2,1368.5904541,2013-09-18,2013-09-18
None,Chateauroux,FRA,2,1366.71325684,2013-09-19,2013-09-19
None,Chateauroux,FRA,2,1365.09387207,2013-09-20,2013-09-20
None,Chateauroux,FRA,2,1365.86633301,2013-09-21,2013-09-24
None,Chateauroux,FRA,2,1369.92053223,2013-09-25,2013-09-27
None,Chateauroux,FRA,2,1382.1986084,2013-09-28,2013-10-01
None,Chateauroux,FRA,2,1381.06738281,2013-10-02,2013-10-02
None,Chateauroux,FRA,2,1385.30102539,2013-10-03,2013-10-03
None,Chateauroux,FRA,2,1379.15893555,2013-10-04,2013-10-04
None,Chateauroux,FRA,2,1373.60986328,2013-10-05,2013-10-18
None,Chateauroux,FRA,2,1364.01721191,2013-10-19,2013-10-22
None,Chateauroux,FRA,2,1361.33630371,2013-10-23,2013-10-23
None,Chateauroux,FRA,2,1364.66674805,2013-10-24,2013-10-24
None,Chateauroux,FRA,2,1367.18078613,2013-10-25,2013-10-25
None,Chateauroux,FRA,2,1360.55847168,2013-10-26,2013-11-01
None,Chateauroux,FRA,2,1374.13525391,2013-11-02,2013-11-05
None,Chateauroux,FRA,2,1371.39135742,2013-11-06,2013-11-06
None,Chateauroux,FRA,2,1370.12548828,2013-11-07,2013-11-07
None,Chateauroux,FRA,2,1364.81958008,2013-11-08,2013-11-08
None,Chateauroux,FRA,2,1360.65783691,2013-11-09,2013-11-23
None,Chateauroux,FRA,2,1354.66442871,2013-11-24,2013-11-26
None,Chateauroux,FRA,2,1353.7557373,2013-11-27,2013-11-27
None,Chateauroux,FRA,2,1355.30554199,2013-11-28,2013-11-28
None,Chateauroux,FRA,2,1355.14013672,2013-11-29,2013-11-29
None,Chateauroux,FRA,2,1363.89343262,2013-11-30,2013-12-10
None,Chateauroux,FRA,2,1361.22009277,2013-12-11,2013-12-11
None,Chateauroux,FRA,2,1360.07727051,2013-12-12,2013-12-12
None,Chateauroux,FRA,2,1360.07421875,2013-12-13,2013-12-13
None,Chateauroux,FRA,2,1363.13916016,2013-12-14,2013-12-20
None,Chateauroux,FRA,2,1376.15100098,2013-12-21,2014-01-11
None,Chateauroux,FRA,2,1369.55957031,2014-01-12,2014-01-17
None,Chateauroux,FRA,2,1362.6114502,2014-01-18,2014-01-25
None,Chateauroux,FRA,2,1355.32849121,2014-01-26,2014-01-31
None,Chateauroux,FRA,2,1366.57458496,2014-02-01,2014-02-07
None,Chateauroux,FRA,2,1381.13452148,2014-02-08,2014-02-14
None,Chateauroux,FRA,2,1389.37438965,2014-02-15,2014-02-18
None,Chateauroux,FRA,2,1396.92663574,2014-02-19,2014-02-20
None,Chateauroux,FRA,2,1396.58215332,2014-02-21,2014-02-21
None,Chateauroux,FRA,2,1400.22387695,2014-02-22,2014-02-27
None,Chateauroux,FRA,2,1402.65649414,2014-02-28,2014-02-28
None,Chateauroux,FRA,2,1412.8034668,2014-03-01,2014-03-07
None,Chateauroux,FRA,2,1402.1673584,2014-03-08,2014-03-12
None,Chateauroux,FRA,2,1402.08435059,2014-03-13,2014-03-13
None,Chateauroux,FRA,2,1408.00524902,2014-03-14,2014-03-14
None,Chateauroux,FRA,2,1399.53918457,2014-03-15,2014-03-20
None,Chateauroux,FRA,2,1399.22192383,2014-03-21,2014-03-21
None,Chateauroux,FRA,2,1404.2923584,2014-03-22,2014-03-28
None,Chateauroux,FRA,2,1413.86682129,2014-03-29,2014-04-02
None,Chateauroux,FRA,2,1418.04382324,2014-04-03,2014-04-03
None,Chateauroux,FRA,2,1416.77331543,2014-04-04,2014-04-04
None,Chateauroux,FRA,2,1419.43505859,2014-04-05,2014-04-08
None,Chateauroux,FRA,2,1412.64050293,2014-04-09,2014-04-10
None,Chateauroux,FRA,2,1411.81347656,2014-04-11,2014-04-11
None,Chateauroux,FRA,2,1398.47180176,2014-04-12,2014-04-21
None,Chateauroux,FRA,2,1398.61096191,2014-04-22,2014-04-25
None,Chateauroux,FRA,2,1400.0559082,2014-04-26,2014-05-02
None,Chateauroux,FRA,2,1397.43676758,2014-05-03,2014-05-06
None,Chateauroux,FRA,2,1392.98803711,2014-05-07,2014-05-09
None,Chateauroux,FRA,2,1379.70458984,2014-05-10,2014-05-16
None,Chateauroux,FRA,2,1372.14245605,2014-05-17,2014-07-30
None,Chateauroux,FRA,2,1374.84301758,2014-07-31,2014-07-31
None,Chateauroux,FRA,2,1377.67272949,2014-08-01,2014-08-01
None,Chateauroux,FRA,2,1370.4967041,2014-08-02,2014-08-05
None,Chateauroux,FRA,2,1370.30310059,2014-08-06,2014-08-07
None,Chateauroux,FRA,2,1370.08178711,2014-08-08,2014-08-08
None,Chateauroux,FRA,2,1361.13964844,2014-08-09,2014-08-15
None,Chateauroux,FRA,2,1368.22668457,2014-08-16,2014-08-20
None,Chateauroux,FRA,2,1365.44592285,2014-08-21,2014-08-21
None,Chateauroux,FRA,2,1358.21240234,2014-08-22,2014-08-22
None,Chateauroux,FRA,2,1362.34558105,2014-08-23,2014-08-26
None,Chateauroux,FRA,2,1359.34814453,2014-08-27,2014-08-28
None,Chateauroux,FRA,2,1359.99267578,2014-08-29,2014-08-29
None,Chateauroux,FRA,2,1358.91101074,2014-08-30,2014-09-12
None,Chateauroux,FRA,2,1363.18566895,2014-09-13,2014-09-16
None,Chateauroux,FRA,2,1367.07434082,2014-09-17,2014-09-17
None,Chateauroux,FRA,2,1365.57421875,2014-09-18,2014-09-18
None,Chateauroux,FRA,2,1359.5098877,2014-09-19,2014-09-19
None,Chateauroux,FRA,2,1348.47802734,2014-09-20,2014-09-23
None,Chateauroux,FRA,2,1343.87597656,2014-09-24,2014-09-26
None,Chateauroux,FRA,2,1345.94970703,2014-09-27,2014-09-30
None,Chateauroux,FRA,2,1350.31384277,2014-10-01,2014-10-01
None,Chateauroux,FRA,2,1352.20507812,2014-10-02,2014-10-02
None,Chateauroux,FRA,2,1357.14331055,2014-10-03,2014-10-03
None,Chateauroux,FRA,2,1368.01989746,2014-10-04,2014-10-17
None,Chateauroux,FRA,2,1357.72460938,2014-10-18,2014-10-21
None,Chateauroux,FRA,2,1359.06787109,2014-10-22,2014-10-22
None,Chateauroux,FRA,2,1359.69226074,2014-10-23,2014-10-23
None,Chateauroux,FRA,2,1361.27990723,2014-10-24,2014-10-24
None,Chateauroux,FRA,2,1368.8605957,2014-10-25,2014-10-31
None,Chateauroux,FRA,2,1363.2010498,2014-11-01,2014-11-04
None,Chateauroux,FRA,2,1361.72033691,2014-11-05,2014-11-05
None,Chateauroux,FRA,2,1362.27392578,2014-11-06,2014-11-06
None,Chateauroux,FRA,2,1361.7668457,2014-11-07,2014-11-07
None,Chateauroux,FRA,2,1361.71728516,2014-11-08,2014-11-21
None,Chateauroux,FRA,2,1355.1159668,2014-11-22,2014-11-25
None,Chateauroux,FRA,2,1356.33300781,2014-11-26,2014-11-26
None,Chateauroux,FRA,2,1361.15466309,2014-11-27,2014-11-27
None,Chateauroux,FRA,2,1356.92590332,2014-11-28,2014-11-28
None,Chateauroux,FRA,2,1348.57971191,2014-11-29,2014-12-09
None,Chateauroux,FRA,2,1352.57092285,2014-12-10,2014-12-10
None,Chateauroux,FRA,2,1350.85900879,2014-12-11,2014-12-11
None,Chateauroux,FRA,2,1347.47485352,2014-12-12,2014-12-12
None,Chateauroux,FRA,2,1343.47692871,2014-12-13,2014-12-19
None,Chateauroux,FRA,2,1346.46154785,2014-12-20,2015-01-09
None,Chateauroux,FRA,2,1351.10620117,2015-01-10,2015-01-16
None,Chateauroux,FRA,2,1350.81335449,2015-01-17,2015-01-24
None,Chateauroux,FRA,2,1354.25585938,2015-01-25,2015-01-30
None,Chateauroux,FRA,2,1347.37658691,2015-01-31,2015-02-06
None,Chateauroux,FRA,2,1342.06640625,2015-02-07,2015-02-13
None,Chateauroux,FRA,2,1342.85778809,2015-02-14,2015-02-17
None,Chateauroux,FRA,2,1342.40393066,2015-02-18,2015-02-19
None,Chateauroux,FRA,2,1344.3425293,2015-02-20,2015-02-20
None,Chateauroux,FRA,2,1336.64904785,2015-02-21,2015-02-25
None,Chateauroux,FRA,2,1344.13037109,2015-02-26,2015-02-26
None,Chateauroux,FRA,2,1339.65454102,2015-02-27,2015-02-27
None,Chateauroux,FRA,2,1348.53063965,2015-02-28,2015-03-09
None,Chateauroux,FRA,2,1343.10827637,2015-03-10,2015-03-11
None,Chateauroux,FRA,2,1347.67651367,2015-03-12,2015-03-13
None,Chateauroux,FRA,2,1337.62573242,2015-03-14,2015-03-17
None,Chateauroux,FRA,2,1334.22631836,2015-03-18,2015-03-20
None,Chateauroux,FRA,2,1329.3425293,2015-03-21,2015-04-03
None,Chateauroux,FRA,2,1324.76940918,2015-04-04,2015-04-10
None,Chateauroux,FRA,2,1315.60498047,2015-04-11,2015-04-14
None,Chateauroux,FRA,2,1314.26171875,2015-04-15,2015-04-15
None,Chateauroux,FRA,2,1312.30761719,2015-04-16,2015-04-17
None,Chateauroux,FRA,2,1308.71459961,2015-04-18,2015-04-21
None,Chateauroux,FRA,2,1308.24572754,2015-04-22,2015-04-22
None,Chateauroux,FRA,2,1307.52978516,2015-04-23,2015-04-24
None,Chateauroux,FRA,2,1317.89050293,2015-04-25,2015-04-28
None,Chateauroux,FRA,2,1311.70446777,2015-04-29,2015-05-01
None,Chateauroux,FRA,2,1327.58447266,2015-05-02,2015-05-08
None,Chateauroux,FRA,2,1341.17590332,2015-05-09,2015-05-15
None,Chateauroux,FRA,2,1343.00048828,2015-05-16,2015-05-22
None,Chateauroux,FRA,2,1338.96728516,2015-05-23,2015-07-01
None,Chateauroux,FRA,2,1363.37097168,2017-07-01,2017-07-26
None,Chateauroux,FRA,2,1362.15319824,2017-07-27,2017-07-27
None,Chateauroux,FRA,2,1363.40905762,2017-07-28,2017-07-28
None,Chateauroux,FRA,2,1375.96386719,2017-07-29,2017-08-02
None,Chateauroux,FRA,2,1380.37780762,2017-08-03,2017-08-03
None,Chateauroux,FRA,2,1375.07495117,2017-08-04,2017-08-04
None,Chateauroux,FRA,2,1366.08508301,2017-08-05,2017-08-14
None,Chateauroux,FRA,2,1360.83972168,2017-08-15,2017-08-16
None,Chateauroux,FRA,2,1359.17626953,2017-08-17,2017-08-17
None,Chateauroux,FRA,2,1359.01989746,2017-08-18,2017-08-21
None,Chateauroux,FRA,2,1369.15478516,2017-08-22,2017-08-22
None,Chateauroux,FRA,2,1367.7454834,2017-08-23,2017-08-24
None,Chateauroux,FRA,2,1368.42895508,2017-08-25,2017-08-25
None,Chateauroux,FRA,2,1390.85949707,2017-08-26,2017-09-08
None,Chateauroux,FRA,2,1395.95397949,2017-09-09,2017-09-12
None,Chateauroux,FRA,2,1399.27490234,2017-09-13,2017-09-13
None,Chateauroux,FRA,2,1398.87341309,2017-09-14,2017-09-14
None,Chateauroux,FRA,2,1402.078125,2017-09-15,2017-09-15
None,Chateauroux,FRA,2,1389.80053711,2017-09-16,2017-09-19
None,Chateauroux,FRA,2,1377.91381836,2017-09-20,2017-09-22
None,Chateauroux,FRA,2,1372.57092285,2017-09-23,2017-09-26
None,Chateauroux,FRA,2,1363.94372559,2017-09-27,2017-09-27
None,Chateauroux,FRA,2,1368.5333252,2017-09-28,2017-09-28
None,Chateauroux,FRA,2,1366.59155273,2017-09-29,2017-09-29
None,Chateauroux,FRA,2,1359.9967041,2017-09-30,2017-10-13
None,Chateauroux,FRA,2,1374.38720703,2017-10-14,2017-10-17
None,Chateauroux,FRA,2,1369.56872559,2017-10-18,2017-10-18
None,Chateauroux,FRA,2,1372.31335449,2017-10-19,2017-10-19
None,Chateauroux,FRA,2,1372.84399414,2017-10-20,2017-10-20
None,Chateauroux,FRA,2,1377.53857422,2017-10-21,2017-10-30
None,Chateauroux,FRA,2,1377.95812988,2017-10-31,2017-10-31
None,Chateauroux,FRA,2,1378.88183594,2017-11-01,2017-11-01
None,Chateauroux,FRA,2,1378.76538086,2017-11-02,2017-11-02
None,Chateauroux,FRA,2,1376.76513672,2017-11-03,2017-11-03
None,Chateauroux,FRA,2,1388.37097168,2017-11-04,2017-11-17
None,Chateauroux,FRA,2,1393.45629883,2017-11-18,2017-11-21
None,Chateauroux,FRA,2,1385.39819336,2017-11-22,2017-11-22
None,Chateauroux,FRA,2,1386.49975586,2017-11-23,2017-11-23
None,Chateauroux,FRA,2,1387.14147949,2017-11-24,2017-11-24
None,Chateauroux,FRA,2,1380.90820312,2017-11-25,2017-11-28
None,Chateauroux,FRA,2,1379.66564941,2017-11-29,2017-12-05
None,Chateauroux,FRA,2,1377.18786621,2017-12-06,2017-12-06
None,Chateauroux,FRA,2,1373.4831543,2017-12-07,2017-12-07
None,Chateauroux,FRA,2,1367.03955078,2017-12-08,2017-12-08
None,Chateauroux,FRA,2,1376.98217773,2017-12-09,2017-12-15
None,Chateauroux,FRA,2,1374.22460938,2017-12-16,2018-01-12
None,Chateauroux,FRA,2,1384.00854492,2018-01-13,2018-01-16
None,Chateauroux,FRA,2,1397.39697266,2018-01-17,2018-01-20
None,Chateauroux,FRA,2,1390.69543457,2018-01-21,2018-01-26
None,Chateauroux,FRA,2,1388.61914062,2018-01-27,2018-02-02
None,Chateauroux,FRA,2,1396.36315918,2018-02-03,2018-02-09
None,Chateauroux,FRA,2,1402.01696777,2018-02-10,2018-02-14
None,Chateauroux,FRA,2,1399.91650391,2018-02-15,2018-02-15
None,Chateauroux,FRA,2,1403.61047363,2018-02-16,2018-02-16
None,Chateauroux,FRA,2,1406.39221191,2018-02-17,2018-02-22
None,Chateauroux,FRA,2,1408.73168945,2018-02-23,2018-02-23
None,Chateauroux,FRA,2,1418.45007324,2018-02-24,2018-03-02
None,Chateauroux,FRA,2,1424.37487793,2018-03-03,2018-03-06
None,Chateauroux,FRA,2,1422.27429199,2018-03-07,2018-03-08
None,Chateauroux,FRA,2,1429.06164551,2018-03-09,2018-03-09
None,Chateauroux,FRA,2,1420.76037598,2018-03-10,2018-03-15
None,Chateauroux,FRA,2,1417.98535156,2018-03-16,2018-03-16
None,Chateauroux,FRA,2,1426.07897949,2018-03-17,2018-04-02
None,Chateauroux,FRA,2,1419.38391113,2018-04-03,2018-04-05
None,Chateauroux,FRA,2,1417.61401367,2018-04-06,2018-04-06
None,Chateauroux,FRA,2,1405.66088867,2018-04-07,2018-04-12
None,Chateauroux,FRA,2,1412.74743652,2018-04-13,2018-04-13
None,Chateauroux,FRA,2,1419.71948242,2018-04-14,2018-04-20
None,Chateauroux,FRA,2,1425.0715332,2018-04-21,2018-04-24
None,Chateauroux,FRA,2,1426.83496094,2018-04-25,2018-04-26
None,Chateauroux,FRA,2,1430.6829834,2018-04-27,2018-04-27
None,Chateauroux,FRA,2,1420.00305176,2018-04-28,2018-05-03
None,Chateauroux,FRA,2,1420.02990723,2018-05-04,2018-05-04
None,Chateauroux,FRA,2,1420.4786377,2018-05-05,2018-05-11
None,Chateauroux,FRA,2,1421.00524902,2018-05-12,2018-05-16
None,Chateauroux,FRA,2,1418.16027832,2018-05-17,2018-07-26
None,Chateauroux,FRA,2,1418.39660645,2018-07-27,2018-07-27
None,Chateauroux,FRA,2,1421.68066406,2018-07-28,2018-08-02
None,Chateauroux,FRA,2,1421.83984375,2018-08-03,2018-08-06
None,Chateauroux,FRA,2,1413.5513916,2018-08-07,2018-08-09
None,Chateauroux,FRA,2,1414.9744873,2018-08-10,2018-08-10
None,Chateauroux,FRA,2,1415.96875,2018-08-11,2018-08-16
None,Chateauroux,FRA,2,1416.14208984,2018-08-17,2018-08-17
None,Chateauroux,FRA,2,1413.41699219,2018-08-18,2018-08-23
None,Chateauroux,FRA,2,1414.0411377,2018-08-24,2018-08-24
None,Chateauroux,FRA,2,1415.20617676,2018-08-25,2018-08-30
None,Chateauroux,FRA,2,1419.74377441,2018-08-31,2018-08-31
None,Chateauroux,FRA,2,1424.76306152,2018-09-01,2018-09-14
None,Chateauroux,FRA,2,1412.8059082,2018-09-15,2018-09-18
None,Chateauroux,FRA,2,1408.51000977,2018-09-19,2018-09-19
None,Chateauroux,FRA,2,1414.22009277,2018-09-20,2018-09-20
None,Chateauroux,FRA,2,1407.40319824,2018-09-21,2018-09-21
None,Chateauroux,FRA,2,1415.81640625,2018-09-22,2018-09-28
None,Chateauroux,FRA,2,1406.39306641,2018-09-29,2018-10-02
None,Chateauroux,FRA,2,1405.33239746,2018-10-03,2018-10-03
None,Chateauroux,FRA,2,1403.44592285,2018-10-04,2018-10-04
None,Chateauroux,FRA,2,1393.19641113,2018-10-05,2018-10-05
None,Chateauroux,FRA,2,1378.12573242,2018-10-06,2018-10-19
None,Chateauroux,FRA,2,1381.26269531,2018-10-20,2018-10-23
None,Chateauroux,FRA,2,1382.0177002,2018-10-24,2018-10-24
None,Chateauroux,FRA,2,1381.15710449,2018-10-25,2018-10-25
None,Chateauroux,FRA,2,1372.00817871,2018-10-26,2018-10-26
None,Chateauroux,FRA,2,1371.23364258,2018-10-27,2018-11-03
None,Chateauroux,FRA,2,1382.75854492,2018-11-04,2018-11-06
None,Chateauroux,FRA,2,1375.56347656,2018-11-07,2018-11-07
None,Chateauroux,FRA,2,1374.71508789,2018-11-08,2018-11-08
None,Chateauroux,FRA,2,1372.04406738,2018-11-09,2018-11-09
None,Chateauroux,FRA,2,1365.15356445,2018-11-10,2018-11-23
None,Chateauroux,FRA,2,1374.76574707,2018-11-24,2018-11-27
None,Chateauroux,FRA,2,1376.40661621,2018-11-28,2018-11-28
None,Chateauroux,FRA,2,1378.00085449,2018-11-29,2018-11-29
None,Chateauroux,FRA,2,1381.0435791,2018-11-30,2018-11-30
None,Chateauroux,FRA,2,1386.48388672,2018-12-01,2018-12-04
None,Chateauroux,FRA,2,1381.22094727,2018-12-05,2018-12-11
None,Chateauroux,FRA,2,1380.44299316,2018-12-12,2018-12-12
None,Chateauroux,FRA,2,1381.70690918,2018-12-13,2018-12-13
None,Chateauroux,FRA,2,1380.91516113,2018-12-14,2018-12-14
None,Chateauroux,FRA,2,1379.09814453,2018-12-15,2018-12-21
None,Chateauroux,FRA,2,1367.86584473,2018-12-22,2019-01-11
None,Chateauroux,FRA,2,1362.85632324,2019-01-12,2019-01-18
None,Chateauroux,FRA,2,1360.32141113,2019-01-19,2019-01-25
None,Chateauroux,FRA,2,1371.72180176,2019-01-26,2019-02-01
None,Chateauroux,FRA,2,1370.96826172,2019-02-02,2019-02-08
None,Chateauroux,FRA,2,1379.07214355,2019-02-09,2019-02-12
None,Chateauroux,FRA,2,1383.60205078,2019-02-13,2019-02-14
None,Chateauroux,FRA,2,1382.45898438,2019-02-15,2019-02-15
None,Chateauroux,FRA,2,1372.34240723,2019-02-16,2019-02-19
None,Chateauroux,FRA,2,1372.78088379,2019-02-20,2019-02-21
None,Chateauroux,FRA,2,1381.94445801,2019-02-22,2019-02-22
None,Chateauroux,FRA,2,1381.56164551,2019-02-23,2019-03-01
None,Chateauroux,FRA,2,1383.90783691,2019-03-02,2019-03-06
None,Chateauroux,FRA,2,1376.1829834,2019-03-07,2019-03-07
None,Chateauroux,FRA,2,1380.41992188,2019-03-08,2019-03-08
None,Chateauroux,FRA,2,1375.72802734,2019-03-09,2019-03-13
None,Chateauroux,FRA,2,1374.23840332,2019-03-14,2019-03-14
None,Chateauroux,FRA,2,1369.09436035,2019-03-15,2019-03-15
None,Chateauroux,FRA,2,1361.44006348,2019-03-16,2019-03-29
None,Chateauroux,FRA,2,1363.67333984,2019-03-30,2019-04-08
None,Chateauroux,FRA,2,1364.04516602,2019-04-09,2019-04-12
None,Chateauroux,FRA,2,1360.453125,2019-04-13,2019-04-19
None,Chateauroux,FRA,2,1366.92993164,2019-04-20,2019-04-23
None,Chateauroux,FRA,2,1366.84741211,2019-04-24,2019-04-26
None,Chateauroux,FRA,2,1376.43115234,2019-04-27,2019-05-03
None,Chateauroux,FRA,2,1385.68493652,2019-05-04,2019-05-10
None,Chateauroux,FRA,2,1393.22668457,2019-05-11,2019-05-17
None,Chateauroux,FRA,2,1392.33740234,2019-05-18,2019-07-25
None,Chateauroux,FRA,2,1393.3984375,2019-07-26,2019-07-26
None,Chateauroux,FRA,2,1382.45996094,2019-07-27,2019-08-01
None,Chateauroux,FRA,2,1382.43591309,2019-08-02,2019-08-02
None,Chateauroux,FRA,2,1379.28759766,2019-08-03,2019-08-08
None,Chateauroux,FRA,2,1379.66967773,2019-08-09,2019-08-09
None,Chateauroux,FRA,2,1366.39648438,2019-08-10,2019-08-15
None,Chateauroux,FRA,2,1366.73815918,2019-08-16,2019-08-16
None,Chateauroux,FRA,2,1357.14794922,2019-08-17,2019-08-22
None,Chateauroux,FRA,2,1359.69042969,2019-08-23,2019-08-23
None,Chateauroux,FRA,2,1360.58557129,2019-08-24,2019-08-29
None,Chateauroux,FRA,2,1356.08349609,2019-08-30,2019-08-30
None,Chateauroux,FRA,2,1350.09667969,2019-08-31,2019-09-16
None,Chateauroux,FRA,2,1345.35021973,2019-09-17,2019-09-17
None,Chateauroux,FRA,2,1342.38867188,2019-09-18,2019-09-18
None,Chateauroux,FRA,2,1346.65991211,2019-09-19,2019-09-19
None,Chateauroux,FRA,2,1342.9309082,2019-09-20,2019-09-20
None,Chateauroux,FRA,2,1341.90527344,2019-09-21,2019-09-27
None,Chateauroux,FRA,2,1354.47045898,2019-09-28,2019-10-01
None,Chateauroux,FRA,2,1356.04187012,2019-10-02,2019-10-02
None,Chateauroux,FRA,2,1360.65600586,2019-10-03,2019-10-03
None,Chateauroux,FRA,2,1358.87426758,2019-10-04,2019-10-04
None,Chateauroux,FRA,2,1361.56140137,2019-10-05,2019-10-18
None,Chateauroux,FRA,2,1352.56323242,2019-10-19,2019-10-22
None,Chateauroux,FRA,2,1358.1340332,2019-10-23,2019-10-23
None,Chateauroux,FRA,2,1357.22253418,2019-10-24,2019-10-24
None,Chateauroux,FRA,2,1350.70922852,2019-10-25,2019-10-25
None,Chateauroux,FRA,2,1352.2857666,2019-10-26,2019-11-01
None,Chateauroux,FRA,2,1359.9206543,2019-11-02,2019-11-05
None,Chateauroux,FRA,2,1362.10314941,2019-11-06,2019-11-06
None,Chateauroux,FRA,2,1363.23779297,2019-11-07,2019-11-07
None,Chateauroux,FRA,2,1359.89440918,2019-11-08,2019-11-08
None,Chateauroux,FRA,2,1369.40441895,2019-11-09,2019-11-22
None,Chateauroux,FRA,2,1359.60681152,2019-11-23,2019-11-26
None,Chateauroux,FRA,2,1360.45666504,2019-11-27,2019-11-27
None,Chateauroux,FRA,2,1354.88171387,2019-11-28,2019-11-28
None,Chateauroux,FRA,2,1351.86328125,2019-11-29,2019-11-29
None,Chateauroux,FRA,2,1359.72961426,2019-11-30,2019-12-03
None,Chateauroux,FRA,2,1358.46166992,2019-12-04,2019-12-10
None,Chateauroux,FRA,2,1358.16699219,2019-12-11,2019-12-11
None,Chateauroux,FRA,2,1359.29052734,2019-12-12,2019-12-12
None,Chateauroux,FRA,2,1362.60559082,2019-12-13,2019-12-13
None,Chateauroux,FRA,2,1356.5390625,2019-12-14,2019-12-20
None,Chateauroux,FRA,2,1341.38171387,2019-12-21,2020-01-10
None,Chateauroux,FRA,2,1350.23596191,2020-01-11,2020-01-24
None,Chateauroux,FRA,2,1347.44091797,2020-01-25,2020-01-31
None,Chateauroux,FRA,2,1359.13867188,2020-02-01,2020-02-04
None,Chateauroux,FRA,2,1340.05078125,2020-02-05,2020-02-07
None,Chateauroux,FRA,2,1334.19335938,2020-02-08,2020-02-17
None,Chateauroux,FRA,2,1345.05737305,2020-02-18,2020-02-18
None,Chateauroux,FRA,2,1343.43237305,2020-02-19,2020-02-21
None,Chateauroux,FRA,2,1354.4519043,2020-02-22,2020-02-26
None,Chateauroux,FRA,2,1357.03149414,2020-02-27,2020-02-28
None,Chateauroux,FRA,2,1343.84741211,2020-02-29,2020-03-06
None,Chateauroux,FRA,2,1353.12341309,2020-03-07,2020-03-11
None,Chateauroux,FRA,2,1358.10437012,2020-03-12,2020-08-07
None,Chateauroux,FRA,2,1360.80224609,2020-08-08,2020-08-12
None,Chateauroux,FRA,2,1363.17016602,2020-08-13,2020-08-15
None,Chateauroux,FRA,2,1371.36755371,2020-08-16,2020-08-18
None,Chateauroux,FRA,2,1375.77368164,2020-08-19,2020-08-19
None,Chateauroux,FRA,2,1374.3223877,2020-08-20,2020-08-22
None,Chateauroux,FRA,2,1385.95129395,2020-08-23,2020-08-23
None,Chateauroux,FRA,2,1383.88208008,2020-08-24,2020-08-29
None,Chateauroux,FRA,2,1374.0793457,2020-08-30,2020-09-14
None,Chateauroux,FRA,2,1374.0793457,2020-09-15,2020-12-31


