Rank,Club,Country,Level,Elo,From,To
None,Denizlispor,TUR,1,1114.1060791,1983-07-01,1983-08-21
None,Denizlispor,TUR,1,1112.18725586,1983-08-22,1983-08-28
None,Denizlispor,TUR,1,1109.5859375,1983-08-29,1983-09-04
None,Denizlispor,TUR,1,1116.04602051,1983-09-05,1983-09-11
None,Denizlispor,TUR,1,1112.78088379,1983-09-12,1983-09-14
None,Denizlispor,TUR,1,1114.11352539,1983-09-15,1983-09-18
None,Denizlispor,TUR,1,1116.68579102,1983-09-19,1983-09-25
None,Denizlispor,TUR,1,1123.50402832,1983-09-26,1983-09-28
None,Denizlispor,TUR,1,1114.47473145,1983-09-29,1983-10-02
None,Denizlispor,TUR,1,1111.59118652,1983-10-03,1983-10-09
None,Denizlispor,TUR,1,1108.66333008,1983-10-10,1983-10-16
None,Denizlispor,TUR,1,1114.58874512,1983-10-17,1983-10-30
None,Denizlispor,TUR,1,1122.31237793,1983-10-31,1983-11-12
None,Denizlispor,TUR,1,1127.73925781,1983-11-13,1983-11-20
None,Denizlispor,TUR,1,1131.90246582,1983-11-21,1983-11-27
None,Denizlispor,TUR,1,1144.01599121,1983-11-28,1983-12-03
None,Denizlispor,TUR,1,1141.76757812,1983-12-04,1983-12-11
None,Denizlispor,TUR,1,1139.12915039,1983-12-12,1983-12-18
None,Denizlispor,TUR,1,1143.28662109,1983-12-19,1983-12-25
None,Denizlispor,TUR,1,1148.69470215,1983-12-26,1984-01-29
None,Denizlispor,TUR,1,1142.76696777,1984-01-30,1984-02-05
None,Denizlispor,TUR,1,1151.07055664,1984-02-06,1984-02-12
None,Denizlispor,TUR,1,1145.58837891,1984-02-13,1984-02-19
None,Denizlispor,TUR,1,1154.76025391,1984-02-20,1984-02-26
None,Denizlispor,TUR,1,1152.95544434,1984-02-27,1984-03-04
None,Denizlispor,TUR,1,1146.07421875,1984-03-05,1984-03-18
None,Denizlispor,TUR,1,1154.83654785,1984-03-19,1984-03-24
None,Denizlispor,TUR,1,1149.3416748,1984-03-25,1984-03-31
None,Denizlispor,TUR,1,1154.95263672,1984-04-01,1984-04-08
None,Denizlispor,TUR,1,1151.50402832,1984-04-09,1984-04-15
None,Denizlispor,TUR,1,1156.18530273,1984-04-16,1984-04-22
None,Denizlispor,TUR,1,1145.49804688,1984-04-23,1984-04-29
None,Denizlispor,TUR,1,1133.97070312,1984-04-30,1984-05-06
None,Denizlispor,TUR,1,1136.03918457,1984-05-07,1984-05-13
None,Denizlispor,TUR,1,1141.04724121,1984-05-14,1984-05-20
None,Denizlispor,TUR,1,1145.75549316,1984-05-21,1984-05-27
None,Denizlispor,TUR,1,1151.9654541,1984-05-28,1984-08-26
None,Denizlispor,TUR,1,1166.05102539,1984-08-27,1984-09-02
None,Denizlispor,TUR,1,1170.35266113,1984-09-03,1984-09-09
None,Denizlispor,TUR,1,1164.53759766,1984-09-10,1984-09-16
None,Denizlispor,TUR,1,1159.29296875,1984-09-17,1984-09-18
None,Denizlispor,TUR,1,1157.21508789,1984-09-19,1984-09-19
None,Denizlispor,TUR,1,1159.70251465,1984-09-20,1984-09-23
None,Denizlispor,TUR,1,1154.57287598,1984-09-24,1984-09-30
None,Denizlispor,TUR,1,1151.15368652,1984-10-01,1984-10-03
None,Denizlispor,TUR,1,1142.7800293,1984-10-04,1984-10-07
None,Denizlispor,TUR,1,1138.03259277,1984-10-08,1984-10-14
None,Denizlispor,TUR,1,1150.55187988,1984-10-15,1984-10-21
None,Denizlispor,TUR,1,1144.98864746,1984-10-22,1984-11-04
None,Denizlispor,TUR,1,1141.10217285,1984-11-05,1984-11-18
None,Denizlispor,TUR,1,1133.50158691,1984-11-19,1984-11-25
None,Denizlispor,TUR,1,1131.95385742,1984-11-26,1984-12-02
None,Denizlispor,TUR,1,1136.78149414,1984-12-03,1984-12-09
None,Denizlispor,TUR,1,1120.84301758,1984-12-10,1984-12-16
None,Denizlispor,TUR,1,1114.38171387,1984-12-17,1984-12-23
None,Denizlispor,TUR,1,1125.56835938,1984-12-24,1984-12-30
None,Denizlispor,TUR,1,1120.7677002,1984-12-31,1985-01-20
None,Denizlispor,TUR,1,1121.34643555,1985-01-21,1985-01-27
None,Denizlispor,TUR,1,1129.43737793,1985-01-28,1985-02-03
None,Denizlispor,TUR,1,1129.0357666,1985-02-04,1985-02-10
None,Denizlispor,TUR,1,1136.89428711,1985-02-11,1985-02-17
None,Denizlispor,TUR,1,1132.5402832,1985-02-18,1985-03-03
None,Denizlispor,TUR,1,1131.34216309,1985-03-04,1985-03-10
None,Denizlispor,TUR,1,1132.97668457,1985-03-11,1985-03-17
None,Denizlispor,TUR,1,1139.86755371,1985-03-18,1985-03-24
None,Denizlispor,TUR,1,1144.37561035,1985-03-25,1985-04-07
None,Denizlispor,TUR,1,1148.30175781,1985-04-08,1985-04-13
None,Denizlispor,TUR,1,1146.39099121,1985-04-14,1985-04-21
None,Denizlispor,TUR,1,1159.95935059,1985-04-22,1985-05-05
None,Denizlispor,TUR,1,1166.9987793,1985-05-06,1985-05-11
None,Denizlispor,TUR,1,1162.1315918,1985-05-12,1985-05-19
None,Denizlispor,TUR,1,1157.46826172,1985-05-20,1985-05-26
None,Denizlispor,TUR,1,1161.80041504,1985-05-27,1985-06-02
None,Denizlispor,TUR,1,1168.19799805,1985-06-03,1985-09-01
None,Denizlispor,TUR,1,1162.99365234,1985-09-02,1985-09-08
None,Denizlispor,TUR,1,1172.30151367,1985-09-09,1985-09-15
None,Denizlispor,TUR,1,1169.17810059,1985-09-16,1985-09-18
None,Denizlispor,TUR,1,1190.24536133,1985-09-19,1985-09-22
None,Denizlispor,TUR,1,1194.13439941,1985-09-23,1985-09-29
None,Denizlispor,TUR,1,1185.34814453,1985-09-30,1985-10-02
None,Denizlispor,TUR,1,1202.93212891,1985-10-03,1985-10-06
None,Denizlispor,TUR,1,1199.27331543,1985-10-07,1985-10-12
None,Denizlispor,TUR,1,1195.73510742,1985-10-13,1985-10-19
None,Denizlispor,TUR,1,1191.45922852,1985-10-20,1985-10-23
None,Denizlispor,TUR,1,1183.5032959,1985-10-24,1985-10-27
None,Denizlispor,TUR,1,1181.6875,1985-10-28,1985-11-03
None,Denizlispor,TUR,1,1186.2598877,1985-11-04,1985-11-05
None,Denizlispor,TUR,1,1185.57287598,1985-11-06,1985-11-07
None,Denizlispor,TUR,1,1185.79577637,1985-11-08,1985-11-09
None,Denizlispor,TUR,1,1180.78393555,1985-11-10,1985-11-17
None,Denizlispor,TUR,1,1176.43286133,1985-11-18,1985-11-24
None,Denizlispor,TUR,1,1172.90991211,1985-11-25,1985-12-01
None,Denizlispor,TUR,1,1181.49047852,1985-12-02,1985-12-08
None,Denizlispor,TUR,1,1176.04675293,1985-12-09,1985-12-22
None,Denizlispor,TUR,1,1171.43164062,1985-12-23,1985-12-29
None,Denizlispor,TUR,1,1175.90161133,1985-12-30,1986-01-05
None,Denizlispor,TUR,1,1185.65136719,1986-01-06,1986-01-26
None,Denizlispor,TUR,1,1193.06225586,1986-01-27,1986-02-02
None,Denizlispor,TUR,1,1187.1607666,1986-02-03,1986-02-09
None,Denizlispor,TUR,1,1179.35229492,1986-02-10,1986-02-16
None,Denizlispor,TUR,1,1174.04516602,1986-02-17,1986-02-23
None,Denizlispor,TUR,1,1181.48046875,1986-02-24,1986-03-02
None,Denizlispor,TUR,1,1173.28161621,1986-03-03,1986-03-09
None,Denizlispor,TUR,1,1184.84521484,1986-03-10,1986-03-16
None,Denizlispor,TUR,1,1188.68615723,1986-03-17,1986-03-23
None,Denizlispor,TUR,1,1198.39855957,1986-03-24,1986-03-30
None,Denizlispor,TUR,1,1201.94311523,1986-03-31,1986-04-06
None,Denizlispor,TUR,1,1198.78308105,1986-04-07,1986-04-13
None,Denizlispor,TUR,1,1193.51245117,1986-04-14,1986-04-20
None,Denizlispor,TUR,1,1183.16552734,1986-04-21,1986-04-27
None,Denizlispor,TUR,1,1179.94091797,1986-04-28,1986-05-04
None,Denizlispor,TUR,1,1190.28833008,1986-05-05,1986-05-18
None,Denizlispor,TUR,1,1202.46008301,1986-05-19,1986-05-25
None,Denizlispor,TUR,1,1208.42858887,1986-05-26,1986-05-31
None,Denizlispor,TUR,1,1203.7454834,1986-06-01,1986-08-31
None,Denizlispor,TUR,1,1198.65454102,1986-09-01,1986-09-07
None,Denizlispor,TUR,1,1202.51525879,1986-09-08,1986-09-14
None,Denizlispor,TUR,1,1205.48583984,1986-09-15,1986-09-17
None,Denizlispor,TUR,1,1205.28088379,1986-09-18,1986-09-21
None,Denizlispor,TUR,1,1203.84436035,1986-09-22,1986-09-28
None,Denizlispor,TUR,1,1205.98620605,1986-09-29,1986-10-01
None,Denizlispor,TUR,1,1207.84509277,1986-10-02,1986-10-05
None,Denizlispor,TUR,1,1208.94445801,1986-10-06,1986-10-12
None,Denizlispor,TUR,1,1212.01879883,1986-10-13,1986-10-19
None,Denizlispor,TUR,1,1211.21044922,1986-10-20,1986-10-25
None,Denizlispor,TUR,1,1205.08520508,1986-10-26,1986-10-29
None,Denizlispor,TUR,1,1212.9708252,1986-10-30,1986-11-08
None,Denizlispor,TUR,1,1207.88244629,1986-11-09,1986-11-16
None,Denizlispor,TUR,1,1205.12121582,1986-11-17,1986-11-23
None,Denizlispor,TUR,1,1210.80566406,1986-11-24,1986-11-30
None,Denizlispor,TUR,1,1205.31396484,1986-12-01,1986-12-07
None,Denizlispor,TUR,1,1213.85253906,1986-12-08,1986-12-14
None,Denizlispor,TUR,1,1231.56164551,1986-12-15,1986-12-21
None,Denizlispor,TUR,1,1222.64086914,1986-12-22,1986-12-28
None,Denizlispor,TUR,1,1217.63720703,1986-12-29,1987-01-25
None,Denizlispor,TUR,1,1219.85180664,1987-01-26,1987-02-01
None,Denizlispor,TUR,1,1223.78442383,1987-02-02,1987-02-08
None,Denizlispor,TUR,1,1224.95898438,1987-02-09,1987-02-15
None,Denizlispor,TUR,1,1220.58081055,1987-02-16,1987-02-22
None,Denizlispor,TUR,1,1214.87475586,1987-02-23,1987-03-01
None,Denizlispor,TUR,1,1217.66760254,1987-03-02,1987-03-04
None,Denizlispor,TUR,1,1215.27319336,1987-03-05,1987-03-15
None,Denizlispor,TUR,1,1213.16882324,1987-03-16,1987-03-18
None,Denizlispor,TUR,1,1213.03747559,1987-03-19,1987-03-22
None,Denizlispor,TUR,1,1220.10888672,1987-03-23,1987-03-29
None,Denizlispor,TUR,1,1215.8770752,1987-03-30,1987-04-05
None,Denizlispor,TUR,1,1220.34753418,1987-04-06,1987-04-19
None,Denizlispor,TUR,1,1211.11462402,1987-04-20,1987-04-25
None,Denizlispor,TUR,1,1211.11572266,1987-04-26,1987-05-03
None,Denizlispor,TUR,1,1228.53881836,1987-05-04,1987-05-10
None,Denizlispor,TUR,1,1216.29016113,1987-05-11,1987-05-16
None,Denizlispor,TUR,1,1220.5201416,1987-05-17,1987-05-24
None,Denizlispor,TUR,1,1216.72607422,1987-05-25,1987-05-31
None,Denizlispor,TUR,1,1224.37939453,1987-06-01,1987-06-07
None,Denizlispor,TUR,1,1233.96411133,1987-06-08,1987-08-16
None,Denizlispor,TUR,1,1230.88549805,1987-08-17,1987-08-30
None,Denizlispor,TUR,1,1235.97741699,1987-08-31,1987-09-13
None,Denizlispor,TUR,1,1239.07458496,1987-09-14,1987-09-16
None,Denizlispor,TUR,1,1237.52429199,1987-09-17,1987-09-20
None,Denizlispor,TUR,1,1240.93359375,1987-09-21,1987-09-27
None,Denizlispor,TUR,1,1254.25622559,1987-09-28,1987-09-30
None,Denizlispor,TUR,1,1251.63195801,1987-10-01,1987-10-04
None,Denizlispor,TUR,1,1247.95703125,1987-10-05,1987-10-10
None,Denizlispor,TUR,1,1262.43994141,1987-10-11,1987-10-18
None,Denizlispor,TUR,1,1270.91906738,1987-10-19,1987-10-25
None,Denizlispor,TUR,1,1264.41601562,1987-10-26,1987-11-01
None,Denizlispor,TUR,1,1257.08935547,1987-11-02,1987-11-08
None,Denizlispor,TUR,1,1244.55712891,1987-11-09,1987-11-15
None,Denizlispor,TUR,1,1237.01281738,1987-11-16,1987-11-22
None,Denizlispor,TUR,1,1242.16809082,1987-11-23,1987-11-28
None,Denizlispor,TUR,1,1231.95092773,1987-11-29,1987-12-06
None,Denizlispor,TUR,1,1228.44384766,1987-12-07,1987-12-12
None,Denizlispor,TUR,1,1225.75610352,1987-12-13,1987-12-20
None,Denizlispor,TUR,1,1218.26257324,1987-12-21,1987-12-27
None,Denizlispor,TUR,1,1217.11328125,1987-12-28,1988-01-03
None,Denizlispor,TUR,1,1210.80749512,1988-01-04,1988-01-24
None,Denizlispor,TUR,1,1213.73657227,1988-01-25,1988-01-31
None,Denizlispor,TUR,1,1206.62390137,1988-02-01,1988-02-07
None,Denizlispor,TUR,1,1211.75598145,1988-02-08,1988-02-14
None,Denizlispor,TUR,1,1204.82714844,1988-02-15,1988-02-21
None,Denizlispor,TUR,1,1195.9375,1988-02-22,1988-02-28
None,Denizlispor,TUR,1,1190.59057617,1988-02-29,1988-03-06
None,Denizlispor,TUR,1,1196.51062012,1988-03-07,1988-03-13
None,Denizlispor,TUR,1,1192.85876465,1988-03-14,1988-03-20
None,Denizlispor,TUR,1,1183.64416504,1988-03-21,1988-03-27
None,Denizlispor,TUR,1,1188.2154541,1988-03-28,1988-04-03
None,Denizlispor,TUR,1,1178.59533691,1988-04-04,1988-04-10
None,Denizlispor,TUR,1,1186.01538086,1988-04-11,1988-04-17
None,Denizlispor,TUR,1,1180.17785645,1988-04-18,1988-04-24
None,Denizlispor,TUR,1,1183.78161621,1988-04-25,1988-05-01
None,Denizlispor,TUR,1,1188.67456055,1988-05-02,1988-05-08
None,Denizlispor,TUR,1,1183.73144531,1988-05-09,1988-05-15
None,Denizlispor,TUR,1,1172.51037598,1988-05-16,1988-05-22
None,Denizlispor,TUR,1,1178.59240723,1988-05-23,1988-05-29
None,Denizlispor,TUR,1,1185.10852051,1988-05-30,1988-07-03
None,Denizlispor,TUR,1,1230.93676758,1994-07-13,1994-08-09
None,Denizlispor,TUR,1,1232.42041016,1994-08-10,1994-08-10
None,Denizlispor,TUR,1,1232.55505371,1994-08-11,1994-08-14
None,Denizlispor,TUR,1,1227.80615234,1994-08-15,1994-08-21
None,Denizlispor,TUR,1,1221.95214844,1994-08-22,1994-08-23
None,Denizlispor,TUR,1,1222.03112793,1994-08-24,1994-08-24
None,Denizlispor,TUR,1,1222.05944824,1994-08-25,1994-08-27
None,Denizlispor,TUR,1,1219.32824707,1994-08-28,1994-09-10
None,Denizlispor,TUR,1,1215.1427002,1994-09-11,1994-09-13
None,Denizlispor,TUR,1,1207.9095459,1994-09-14,1994-09-14
None,Denizlispor,TUR,1,1207.17456055,1994-09-15,1994-09-15
None,Denizlispor,TUR,1,1208.87731934,1994-09-16,1994-09-18
None,Denizlispor,TUR,1,1204.00769043,1994-09-19,1994-09-25
None,Denizlispor,TUR,1,1213.40930176,1994-09-26,1994-09-27
None,Denizlispor,TUR,1,1216.71606445,1994-09-28,1994-09-28
None,Denizlispor,TUR,1,1218.57092285,1994-09-29,1994-09-29
None,Denizlispor,TUR,1,1219.24047852,1994-09-30,1994-10-02
None,Denizlispor,TUR,1,1214.39819336,1994-10-03,1994-10-09
None,Denizlispor,TUR,1,1222.39465332,1994-10-10,1994-10-15
None,Denizlispor,TUR,1,1220.81274414,1994-10-16,1994-10-18
None,Denizlispor,TUR,1,1223.43994141,1994-10-19,1994-10-19
None,Denizlispor,TUR,1,1221.1151123,1994-10-20,1994-10-20
None,Denizlispor,TUR,1,1219.57495117,1994-10-21,1994-10-23
None,Denizlispor,TUR,1,1230.78027344,1994-10-24,1994-10-29
None,Denizlispor,TUR,1,1229.09924316,1994-10-30,1994-11-01
None,Denizlispor,TUR,1,1234.09606934,1994-11-02,1994-11-02
None,Denizlispor,TUR,1,1227.34472656,1994-11-03,1994-11-03
None,Denizlispor,TUR,1,1225.74462891,1994-11-04,1994-11-06
None,Denizlispor,TUR,1,1226.3614502,1994-11-07,1994-11-13
None,Denizlispor,TUR,1,1241.33898926,1994-11-14,1994-11-20
None,Denizlispor,TUR,1,1239.42797852,1994-11-21,1994-11-22
None,Denizlispor,TUR,1,1238.71728516,1994-11-23,1994-11-23
None,Denizlispor,TUR,1,1245.98217773,1994-11-24,1994-11-27
None,Denizlispor,TUR,1,1249.03479004,1994-11-28,1994-12-04
None,Denizlispor,TUR,1,1257.75402832,1994-12-05,1994-12-06
None,Denizlispor,TUR,1,1257.60534668,1994-12-07,1994-12-07
None,Denizlispor,TUR,1,1256.19006348,1994-12-08,1994-12-18
None,Denizlispor,TUR,1,1261.42480469,1994-12-19,1995-01-23
None,Denizlispor,TUR,1,1259.9017334,1995-01-24,1995-01-29
None,Denizlispor,TUR,1,1265.28417969,1995-01-30,1995-02-05
None,Denizlispor,TUR,1,1263.09399414,1995-02-06,1995-02-12
None,Denizlispor,TUR,1,1259.65380859,1995-02-13,1995-02-19
None,Denizlispor,TUR,1,1263.73132324,1995-02-20,1995-02-26
None,Denizlispor,TUR,1,1257.67480469,1995-02-27,1995-03-05
None,Denizlispor,TUR,1,1268.43701172,1995-03-06,1995-03-12
None,Denizlispor,TUR,1,1268.9309082,1995-03-13,1995-03-19
None,Denizlispor,TUR,1,1264.57678223,1995-03-20,1995-03-26
None,Denizlispor,TUR,1,1260.7019043,1995-03-27,1995-04-02
None,Denizlispor,TUR,1,1264.38427734,1995-04-03,1995-04-08
None,Denizlispor,TUR,1,1270.50378418,1995-04-09,1995-04-16
None,Denizlispor,TUR,1,1265.21203613,1995-04-17,1995-04-30
None,Denizlispor,TUR,1,1269.27185059,1995-05-01,1995-05-07
None,Denizlispor,TUR,1,1265.55725098,1995-05-08,1995-05-14
None,Denizlispor,TUR,1,1256.23046875,1995-05-15,1995-05-21
None,Denizlispor,TUR,1,1246.76257324,1995-05-22,1995-08-08
None,Denizlispor,TUR,1,1244.10998535,1995-08-09,1995-08-09
None,Denizlispor,TUR,1,1233.44616699,1995-08-10,1995-08-13
None,Denizlispor,TUR,1,1245.3416748,1995-08-14,1995-08-20
None,Denizlispor,TUR,1,1249.43347168,1995-08-21,1995-08-22
None,Denizlispor,TUR,1,1248.08129883,1995-08-23,1995-08-23
None,Denizlispor,TUR,1,1249.9630127,1995-08-24,1995-08-27
None,Denizlispor,TUR,1,1255.89648438,1995-08-28,1995-09-10
None,Denizlispor,TUR,1,1251.13562012,1995-09-11,1995-09-12
None,Denizlispor,TUR,1,1247.23132324,1995-09-13,1995-09-14
None,Denizlispor,TUR,1,1250.83410645,1995-09-15,1995-09-16
None,Denizlispor,TUR,1,1268.54553223,1995-09-17,1995-09-23
None,Denizlispor,TUR,1,1261.97351074,1995-09-24,1995-09-27
None,Denizlispor,TUR,1,1260.44836426,1995-09-28,1995-09-28
None,Denizlispor,TUR,1,1262.35266113,1995-09-29,1995-10-01
None,Denizlispor,TUR,1,1272.06262207,1995-10-02,1995-10-14
None,Denizlispor,TUR,1,1275.71264648,1995-10-15,1995-10-19
None,Denizlispor,TUR,1,1272.52441406,1995-10-20,1995-10-22
None,Denizlispor,TUR,1,1263.76379395,1995-10-23,1995-10-29
None,Denizlispor,TUR,1,1265.95910645,1995-10-30,1995-11-02
None,Denizlispor,TUR,1,1263.45983887,1995-11-03,1995-11-05
None,Denizlispor,TUR,1,1265.93225098,1995-11-06,1995-11-19
None,Denizlispor,TUR,1,1256.45654297,1995-11-20,1995-11-26
None,Denizlispor,TUR,1,1261.43322754,1995-11-27,1995-12-03
None,Denizlispor,TUR,1,1260.17053223,1995-12-04,1995-12-09
None,Denizlispor,TUR,1,1252.80224609,1995-12-10,1995-12-17
None,Denizlispor,TUR,1,1243.63745117,1995-12-18,1995-12-23
None,Denizlispor,TUR,1,1236.93115234,1995-12-24,1996-01-28
None,Denizlispor,TUR,1,1242.7199707,1996-01-29,1996-02-04
None,Denizlispor,TUR,1,1239.10498047,1996-02-05,1996-02-11
None,Denizlispor,TUR,1,1252.57116699,1996-02-12,1996-02-18
None,Denizlispor,TUR,1,1260.81201172,1996-02-19,1996-02-25
None,Denizlispor,TUR,1,1250.70556641,1996-02-26,1996-03-03
None,Denizlispor,TUR,1,1249.10095215,1996-03-04,1996-03-10
None,Denizlispor,TUR,1,1238.26171875,1996-03-11,1996-03-17
None,Denizlispor,TUR,1,1236.91430664,1996-03-18,1996-03-24
None,Denizlispor,TUR,1,1241.29467773,1996-03-25,1996-03-31
None,Denizlispor,TUR,1,1229.27526855,1996-04-01,1996-04-07
None,Denizlispor,TUR,1,1218.0592041,1996-04-08,1996-04-14
None,Denizlispor,TUR,1,1214.11572266,1996-04-15,1996-04-21
None,Denizlispor,TUR,1,1213.70922852,1996-04-22,1996-04-28
None,Denizlispor,TUR,1,1210.67626953,1996-04-29,1996-05-05
None,Denizlispor,TUR,1,1243.49938965,1996-05-06,1996-05-12
None,Denizlispor,TUR,1,1240.9185791,1996-05-13,1996-05-19
None,Denizlispor,TUR,1,1239.21398926,1996-05-20,1996-08-06
None,Denizlispor,TUR,1,1236.75634766,1996-08-07,1996-08-07
None,Denizlispor,TUR,1,1239.27563477,1996-08-08,1996-08-11
None,Denizlispor,TUR,1,1232.10217285,1996-08-12,1996-08-18
None,Denizlispor,TUR,1,1220.20410156,1996-08-19,1996-08-20
None,Denizlispor,TUR,1,1241.39318848,1996-08-21,1996-08-21
None,Denizlispor,TUR,1,1241.11730957,1996-08-22,1996-08-25
None,Denizlispor,TUR,1,1237.41821289,1996-08-26,1996-09-08
None,Denizlispor,TUR,1,1235.16296387,1996-09-09,1996-09-10
None,Denizlispor,TUR,1,1237.96362305,1996-09-11,1996-09-11
None,Denizlispor,TUR,1,1242.00378418,1996-09-12,1996-09-12
None,Denizlispor,TUR,1,1242.54211426,1996-09-13,1996-09-15
None,Denizlispor,TUR,1,1242.16333008,1996-09-16,1996-09-22
None,Denizlispor,TUR,1,1237.30126953,1996-09-23,1996-09-24
None,Denizlispor,TUR,1,1246.12768555,1996-09-25,1996-09-25
None,Denizlispor,TUR,1,1243.53527832,1996-09-26,1996-09-26
None,Denizlispor,TUR,1,1244.15429688,1996-09-27,1996-09-29
None,Denizlispor,TUR,1,1251.2557373,1996-09-30,1996-10-06
None,Denizlispor,TUR,1,1249.31323242,1996-10-07,1996-10-13
None,Denizlispor,TUR,1,1242.64916992,1996-10-14,1996-10-15
None,Denizlispor,TUR,1,1245.12744141,1996-10-16,1996-10-16
None,Denizlispor,TUR,1,1239.23327637,1996-10-17,1996-10-17
None,Denizlispor,TUR,1,1245.21606445,1996-10-18,1996-10-20
None,Denizlispor,TUR,1,1253.88305664,1996-10-21,1996-10-27
None,Denizlispor,TUR,1,1235.60595703,1996-10-28,1996-10-29
None,Denizlispor,TUR,1,1237.53820801,1996-10-30,1996-10-30
None,Denizlispor,TUR,1,1246.59741211,1996-10-31,1996-10-31
None,Denizlispor,TUR,1,1239.40148926,1996-11-01,1996-11-03
None,Denizlispor,TUR,1,1234.56604004,1996-11-04,1996-11-17
None,Denizlispor,TUR,1,1227.92565918,1996-11-18,1996-11-19
None,Denizlispor,TUR,1,1225.9744873,1996-11-20,1996-11-24
None,Denizlispor,TUR,1,1242.54724121,1996-11-25,1996-11-28
None,Denizlispor,TUR,1,1246.82348633,1996-11-29,1996-12-01
None,Denizlispor,TUR,1,1244.64758301,1996-12-02,1996-12-03
None,Denizlispor,TUR,1,1243.09240723,1996-12-04,1996-12-04
None,Denizlispor,TUR,1,1242.12719727,1996-12-05,1996-12-08
None,Denizlispor,TUR,1,1240.0534668,1996-12-09,1996-12-22
None,Denizlispor,TUR,1,1237.82910156,1996-12-23,1997-01-19
None,Denizlispor,TUR,1,1227.61657715,1997-01-20,1997-01-26
None,Denizlispor,TUR,1,1216.9630127,1997-01-27,1997-02-02
None,Denizlispor,TUR,1,1218.06506348,1997-02-03,1997-02-09
None,Denizlispor,TUR,1,1209.6986084,1997-02-10,1997-02-16
None,Denizlispor,TUR,1,1203.89050293,1997-02-17,1997-02-23
None,Denizlispor,TUR,1,1218.8137207,1997-02-24,1997-03-02
None,Denizlispor,TUR,1,1214.91650391,1997-03-03,1997-03-09
None,Denizlispor,TUR,1,1212.23083496,1997-03-10,1997-03-16
None,Denizlispor,TUR,1,1211.53601074,1997-03-17,1997-03-23
None,Denizlispor,TUR,1,1215.73742676,1997-03-24,1997-04-06
None,Denizlispor,TUR,1,1210.30334473,1997-04-07,1997-04-13
None,Denizlispor,TUR,1,1192.91784668,1997-04-14,1997-04-20
None,Denizlispor,TUR,1,1200.2611084,1997-04-21,1997-05-04
None,Denizlispor,TUR,1,1191.29064941,1997-05-05,1997-05-11
None,Denizlispor,TUR,1,1190.65734863,1997-05-12,1997-05-18
None,Denizlispor,TUR,1,1194.1932373,1997-05-19,1997-05-25
None,Denizlispor,TUR,1,1192.54919434,1997-05-26,1997-07-01
None,Denizlispor,TUR,1,1271.14013672,1999-07-01,1999-07-28
None,Denizlispor,TUR,1,1267.19396973,1999-07-29,1999-08-04
None,Denizlispor,TUR,1,1263.79150391,1999-08-05,1999-08-08
None,Denizlispor,TUR,1,1274.46337891,1999-08-09,1999-08-11
None,Denizlispor,TUR,1,1285.73034668,1999-08-12,1999-08-12
None,Denizlispor,TUR,1,1285.59851074,1999-08-13,1999-08-15
None,Denizlispor,TUR,1,1273.83898926,1999-08-16,1999-08-25
None,Denizlispor,TUR,1,1274.39672852,1999-08-26,1999-08-26
None,Denizlispor,TUR,1,1275.00024414,1999-08-27,1999-09-12
None,Denizlispor,TUR,1,1282.65563965,1999-09-13,1999-09-15
None,Denizlispor,TUR,1,1281.6451416,1999-09-16,1999-09-16
None,Denizlispor,TUR,1,1281.84997559,1999-09-17,1999-09-19
None,Denizlispor,TUR,1,1295.18151855,1999-09-20,1999-09-21
None,Denizlispor,TUR,1,1294.17736816,1999-09-22,1999-09-26
None,Denizlispor,TUR,1,1298.95825195,1999-09-27,1999-09-28
None,Denizlispor,TUR,1,1297.35144043,1999-09-29,1999-09-30
None,Denizlispor,TUR,1,1283.13146973,1999-10-01,1999-10-17
None,Denizlispor,TUR,1,1295.6418457,1999-10-18,1999-10-20
None,Denizlispor,TUR,1,1286.13293457,1999-10-21,1999-10-24
None,Denizlispor,TUR,1,1293.1385498,1999-10-25,1999-10-26
None,Denizlispor,TUR,1,1307.18115234,1999-10-27,1999-10-31
None,Denizlispor,TUR,1,1310.89733887,1999-11-01,1999-11-03
None,Denizlispor,TUR,1,1316.62463379,1999-11-04,1999-11-19
None,Denizlispor,TUR,1,1324.75170898,1999-11-20,1999-11-23
None,Denizlispor,TUR,1,1328.07263184,1999-11-24,1999-11-28
None,Denizlispor,TUR,1,1333.98706055,1999-11-29,1999-12-05
None,Denizlispor,TUR,1,1330.51879883,1999-12-06,1999-12-09
None,Denizlispor,TUR,1,1335.60388184,1999-12-10,1999-12-10
None,Denizlispor,TUR,1,1328.66442871,1999-12-11,1999-12-18
None,Denizlispor,TUR,1,1325.57116699,1999-12-19,1999-12-25
None,Denizlispor,TUR,1,1328.90673828,1999-12-26,2000-01-08
None,Denizlispor,TUR,1,1313.8170166,2000-01-09,2000-01-16
None,Denizlispor,TUR,1,1327.96923828,2000-01-17,2000-01-21
None,Denizlispor,TUR,1,1331.39990234,2000-01-22,2000-01-30
None,Denizlispor,TUR,1,1336.15441895,2000-01-31,2000-02-05
None,Denizlispor,TUR,1,1328.7088623,2000-02-06,2000-02-11
None,Denizlispor,TUR,1,1321.7286377,2000-02-12,2000-02-19
None,Denizlispor,TUR,1,1312.33959961,2000-02-20,2000-02-27
None,Denizlispor,TUR,1,1320.61206055,2000-02-28,2000-03-02
None,Denizlispor,TUR,1,1329.08837891,2000-03-03,2000-03-04
None,Denizlispor,TUR,1,1324.1998291,2000-03-05,2000-03-09
None,Denizlispor,TUR,1,1323.5,2000-03-10,2000-03-11
None,Denizlispor,TUR,1,1318.55639648,2000-03-12,2000-03-16
None,Denizlispor,TUR,1,1332.18908691,2000-03-17,2000-03-19
None,Denizlispor,TUR,1,1340.83862305,2000-03-20,2000-03-23
None,Denizlispor,TUR,1,1341.47888184,2000-03-24,2000-03-24
None,Denizlispor,TUR,1,1346.9230957,2000-03-25,2000-03-31
None,Denizlispor,TUR,1,1337.15661621,2000-04-01,2000-04-06
None,Denizlispor,TUR,1,1343.68908691,2000-04-07,2000-04-09
None,Denizlispor,TUR,1,1336.05297852,2000-04-10,2000-04-15
None,Denizlispor,TUR,1,1344.69165039,2000-04-16,2000-04-20
None,Denizlispor,TUR,1,1348.62548828,2000-04-21,2000-04-23
None,Denizlispor,TUR,1,1357.75158691,2000-04-24,2000-04-29
None,Denizlispor,TUR,1,1369.09289551,2000-04-30,2000-05-06
None,Denizlispor,TUR,1,1359.52880859,2000-05-07,2000-05-13
None,Denizlispor,TUR,1,1364.56896973,2000-05-14,2000-05-17
None,Denizlispor,TUR,1,1366.26867676,2000-05-18,2000-05-20
None,Denizlispor,TUR,1,1364.02416992,2000-05-21,2000-07-26
None,Denizlispor,TUR,1,1366.15942383,2000-07-27,2000-08-02
None,Denizlispor,TUR,1,1369.97070312,2000-08-03,2000-08-08
None,Denizlispor,TUR,1,1379.47045898,2000-08-09,2000-08-09
None,Denizlispor,TUR,1,1381.48925781,2000-08-10,2000-08-13
None,Denizlispor,TUR,1,1379.66040039,2000-08-14,2000-08-19
None,Denizlispor,TUR,1,1369.98669434,2000-08-20,2000-08-22
None,Denizlispor,TUR,1,1373.39526367,2000-08-23,2000-08-24
None,Denizlispor,TUR,1,1374.15563965,2000-08-25,2000-08-26
None,Denizlispor,TUR,1,1381.28015137,2000-08-27,2000-09-09
None,Denizlispor,TUR,1,1372.34655762,2000-09-10,2000-09-12
None,Denizlispor,TUR,1,1374.70092773,2000-09-13,2000-09-13
None,Denizlispor,TUR,1,1372.63781738,2000-09-14,2000-09-14
None,Denizlispor,TUR,1,1380.96826172,2000-09-15,2000-09-16
None,Denizlispor,TUR,1,1378.41723633,2000-09-17,2000-09-19
None,Denizlispor,TUR,1,1387.89709473,2000-09-20,2000-09-20
None,Denizlispor,TUR,1,1378.81079102,2000-09-21,2000-09-24
None,Denizlispor,TUR,1,1375.63305664,2000-09-25,2000-09-26
None,Denizlispor,TUR,1,1370.70898438,2000-09-27,2000-09-27
None,Denizlispor,TUR,1,1372.90124512,2000-09-28,2000-09-28
None,Denizlispor,TUR,1,1361.05908203,2000-09-29,2000-09-29
None,Denizlispor,TUR,1,1372.38684082,2000-09-30,2000-10-13
None,Denizlispor,TUR,1,1383.58728027,2000-10-14,2000-10-17
None,Denizlispor,TUR,1,1384.64550781,2000-10-18,2000-10-18
None,Denizlispor,TUR,1,1384.59155273,2000-10-19,2000-10-21
None,Denizlispor,TUR,1,1390.0480957,2000-10-22,2000-10-24
None,Denizlispor,TUR,1,1385.02148438,2000-10-25,2000-10-25
None,Denizlispor,TUR,1,1381.12561035,2000-10-26,2000-10-27
None,Denizlispor,TUR,1,1377.17724609,2000-10-28,2000-11-04
None,Denizlispor,TUR,1,1357.77575684,2000-11-05,2000-11-07
None,Denizlispor,TUR,1,1354.77111816,2000-11-08,2000-11-08
None,Denizlispor,TUR,1,1352.99157715,2000-11-09,2000-11-12
None,Denizlispor,TUR,1,1346.19250488,2000-11-13,2000-11-19
None,Denizlispor,TUR,1,1347.37866211,2000-11-20,2000-11-21
None,Denizlispor,TUR,1,1350.43225098,2000-11-22,2000-11-26
None,Denizlispor,TUR,1,1357.09289551,2000-11-27,2000-12-03
None,Denizlispor,TUR,1,1357.10852051,2000-12-04,2000-12-06
None,Denizlispor,TUR,1,1359.06213379,2000-12-07,2000-12-08
None,Denizlispor,TUR,1,1372.0949707,2000-12-09,2000-12-16
None,Denizlispor,TUR,1,1379.71875,2000-12-17,2000-12-23
None,Denizlispor,TUR,1,1396.24804688,2000-12-24,2001-02-03
None,Denizlispor,TUR,1,1403.63989258,2001-02-04,2001-02-11
None,Denizlispor,TUR,1,1403.65490723,2001-02-12,2001-02-14
None,Denizlispor,TUR,1,1408.24633789,2001-02-15,2001-02-17
None,Denizlispor,TUR,1,1404.66516113,2001-02-18,2001-02-20
None,Denizlispor,TUR,1,1402.85913086,2001-02-21,2001-02-25
None,Denizlispor,TUR,1,1396.81079102,2001-02-26,2001-03-04
None,Denizlispor,TUR,1,1390.67590332,2001-03-05,2001-03-07
None,Denizlispor,TUR,1,1395.2689209,2001-03-08,2001-03-10
None,Denizlispor,TUR,1,1391.05529785,2001-03-11,2001-03-13
None,Denizlispor,TUR,1,1385.98718262,2001-03-14,2001-03-18
None,Denizlispor,TUR,1,1391.76989746,2001-03-19,2001-03-30
None,Denizlispor,TUR,1,1384.73937988,2001-03-31,2001-04-03
None,Denizlispor,TUR,1,1386.20544434,2001-04-04,2001-04-07
None,Denizlispor,TUR,1,1397.54724121,2001-04-08,2001-04-14
None,Denizlispor,TUR,1,1412.9564209,2001-04-15,2001-04-18
None,Denizlispor,TUR,1,1409.4239502,2001-04-19,2001-04-21
None,Denizlispor,TUR,1,1418.72558594,2001-04-22,2001-04-29
None,Denizlispor,TUR,1,1434.01037598,2001-04-30,2001-05-06
None,Denizlispor,TUR,1,1426.7364502,2001-05-07,2001-05-12
None,Denizlispor,TUR,1,1413.65209961,2001-05-13,2001-05-20
None,Denizlispor,TUR,1,1410.19934082,2001-05-21,2001-05-25
None,Denizlispor,TUR,1,1412.2520752,2001-05-26,2001-07-25
None,Denizlispor,TUR,1,1412.31860352,2001-07-26,2001-08-01
None,Denizlispor,TUR,1,1412.38452148,2001-08-02,2001-08-08
None,Denizlispor,TUR,1,1414.91052246,2001-08-09,2001-08-09
None,Denizlispor,TUR,1,1414.74816895,2001-08-10,2001-08-12
None,Denizlispor,TUR,1,1428.8626709,2001-08-13,2001-08-18
None,Denizlispor,TUR,1,1427.48974609,2001-08-19,2001-08-22
None,Denizlispor,TUR,1,1435.36889648,2001-08-23,2001-08-23
None,Denizlispor,TUR,1,1438.11218262,2001-08-24,2001-08-26
None,Denizlispor,TUR,1,1443.71289062,2001-08-27,2001-09-09
None,Denizlispor,TUR,1,1432.11962891,2001-09-10,2001-09-11
None,Denizlispor,TUR,1,1436.22424316,2001-09-12,2001-09-15
None,Denizlispor,TUR,1,1428.48852539,2001-09-16,2001-09-18
None,Denizlispor,TUR,1,1423.64221191,2001-09-19,2001-09-19
None,Denizlispor,TUR,1,1419.42590332,2001-09-20,2001-09-20
None,Denizlispor,TUR,1,1415.39538574,2001-09-21,2001-09-22
None,Denizlispor,TUR,1,1420.66638184,2001-09-23,2001-09-25
None,Denizlispor,TUR,1,1412.36853027,2001-09-26,2001-09-26
None,Denizlispor,TUR,1,1418.51269531,2001-09-27,2001-09-27
None,Denizlispor,TUR,1,1416.88891602,2001-09-28,2001-09-29
None,Denizlispor,TUR,1,1414.64245605,2001-09-30,2001-10-10
None,Denizlispor,TUR,1,1413.81152344,2001-10-11,2001-10-13
None,Denizlispor,TUR,1,1424.046875,2001-10-14,2001-10-16
None,Denizlispor,TUR,1,1421.84448242,2001-10-17,2001-10-17
None,Denizlispor,TUR,1,1420.54333496,2001-10-18,2001-10-21
None,Denizlispor,TUR,1,1420.67492676,2001-10-22,2001-10-23
None,Denizlispor,TUR,1,1417.89160156,2001-10-24,2001-10-24
None,Denizlispor,TUR,1,1416.13916016,2001-10-25,2001-10-28
None,Denizlispor,TUR,1,1417.51708984,2001-10-29,2001-10-30
None,Denizlispor,TUR,1,1420.7010498,2001-10-31,2001-10-31
None,Denizlispor,TUR,1,1420.24291992,2001-11-01,2001-11-04
None,Denizlispor,TUR,1,1424.43322754,2001-11-05,2001-11-18
None,Denizlispor,TUR,1,1421.84313965,2001-11-19,2001-11-20
None,Denizlispor,TUR,1,1421.73706055,2001-11-21,2001-11-24
None,Denizlispor,TUR,1,1406.68322754,2001-11-25,2001-12-01
None,Denizlispor,TUR,1,1416.56530762,2001-12-02,2001-12-05
None,Denizlispor,TUR,1,1420.14831543,2001-12-06,2001-12-08
None,Denizlispor,TUR,1,1422.43518066,2001-12-09,2001-12-15
None,Denizlispor,TUR,1,1413.50512695,2001-12-16,2001-12-22
None,Denizlispor,TUR,1,1408.15869141,2001-12-23,2002-01-20
None,Denizlispor,TUR,1,1418.0982666,2002-01-21,2002-01-23
None,Denizlispor,TUR,1,1423.03723145,2002-01-24,2002-01-27
None,Denizlispor,TUR,1,1436.58044434,2002-01-28,2002-02-02
None,Denizlispor,TUR,1,1427.2980957,2002-02-03,2002-02-09
None,Denizlispor,TUR,1,1430.78930664,2002-02-10,2002-02-16
None,Denizlispor,TUR,1,1430.54125977,2002-02-17,2002-02-20
None,Denizlispor,TUR,1,1434.18701172,2002-02-21,2002-02-24
None,Denizlispor,TUR,1,1428.06445312,2002-02-25,2002-02-26
None,Denizlispor,TUR,1,1428.34375,2002-02-27,2002-03-02
None,Denizlispor,TUR,1,1420.43493652,2002-03-03,2002-03-10
None,Denizlispor,TUR,1,1424.76196289,2002-03-11,2002-03-13
None,Denizlispor,TUR,1,1428.4440918,2002-03-14,2002-03-15
None,Denizlispor,TUR,1,1435.24060059,2002-03-16,2002-03-19
None,Denizlispor,TUR,1,1431.53100586,2002-03-20,2002-03-23
None,Denizlispor,TUR,1,1437.26464844,2002-03-24,2002-03-31
None,Denizlispor,TUR,1,1439.95825195,2002-04-01,2002-04-06
None,Denizlispor,TUR,1,1443.87805176,2002-04-07,2002-04-13
None,Denizlispor,TUR,1,1452.99291992,2002-04-14,2002-04-21
None,Denizlispor,TUR,1,1448.61157227,2002-04-22,2002-04-27
None,Denizlispor,TUR,1,1452.29089355,2002-04-28,2002-05-04
None,Denizlispor,TUR,1,1461.44018555,2002-05-05,2002-08-11
None,Denizlispor,TUR,1,1464.82275391,2002-08-12,2002-08-13
None,Denizlispor,TUR,1,1463.66027832,2002-08-14,2002-08-16
None,Denizlispor,TUR,1,1457.51867676,2002-08-17,2002-08-25
None,Denizlispor,TUR,1,1461.08740234,2002-08-26,2002-08-27
None,Denizlispor,TUR,1,1455.30761719,2002-08-28,2002-09-01
None,Denizlispor,TUR,1,1452.81005859,2002-09-02,2002-09-14
None,Denizlispor,TUR,1,1456.09680176,2002-09-15,2002-09-18
None,Denizlispor,TUR,1,1463.56506348,2002-09-19,2002-09-19
None,Denizlispor,TUR,1,1468.97399902,2002-09-20,2002-09-22
None,Denizlispor,TUR,1,1455.2668457,2002-09-23,2002-09-24
None,Denizlispor,TUR,1,1449.82775879,2002-09-25,2002-09-28
None,Denizlispor,TUR,1,1453.56555176,2002-09-29,2002-10-01
None,Denizlispor,TUR,1,1450.76940918,2002-10-02,2002-10-03
None,Denizlispor,TUR,1,1461.5612793,2002-10-04,2002-10-06
None,Denizlispor,TUR,1,1464.35424805,2002-10-07,2002-10-20
None,Denizlispor,TUR,1,1456.95251465,2002-10-21,2002-10-23
None,Denizlispor,TUR,1,1452.39904785,2002-10-24,2002-10-26
None,Denizlispor,TUR,1,1453.6550293,2002-10-27,2002-10-29
None,Denizlispor,TUR,1,1446.60021973,2002-10-30,2002-10-31
None,Denizlispor,TUR,1,1447.92028809,2002-11-01,2002-11-06
None,Denizlispor,TUR,1,1443.32678223,2002-11-07,2002-11-10
None,Denizlispor,TUR,1,1435.23376465,2002-11-11,2002-11-13
None,Denizlispor,TUR,1,1434.12316895,2002-11-14,2002-11-14
None,Denizlispor,TUR,1,1470.02294922,2002-11-15,2002-11-17
None,Denizlispor,TUR,1,1473.50878906,2002-11-18,2002-11-23
None,Denizlispor,TUR,1,1472.51635742,2002-11-24,2002-11-28
None,Denizlispor,TUR,1,1479.03137207,2002-11-29,2002-12-01
None,Denizlispor,TUR,1,1473.27478027,2002-12-02,2002-12-07
None,Denizlispor,TUR,1,1467.48681641,2002-12-08,2002-12-12
None,Denizlispor,TUR,1,1504.51269531,2002-12-13,2003-01-28
None,Denizlispor,TUR,1,1509.00976562,2003-01-29,2003-02-02
None,Denizlispor,TUR,1,1514.7130127,2003-02-03,2003-02-15
None,Denizlispor,TUR,1,1507.12634277,2003-02-16,2003-02-20
None,Denizlispor,TUR,1,1498.3626709,2003-02-21,2003-02-27
None,Denizlispor,TUR,1,1505.79858398,2003-02-28,2003-03-02
None,Denizlispor,TUR,1,1514.02111816,2003-03-03,2003-03-08
None,Denizlispor,TUR,1,1507.11682129,2003-03-09,2003-03-13
None,Denizlispor,TUR,1,1506.19897461,2003-03-14,2003-03-15
None,Denizlispor,TUR,1,1495.36572266,2003-03-16,2003-03-19
None,Denizlispor,TUR,1,1510.0168457,2003-03-20,2003-03-20
None,Denizlispor,TUR,1,1506.71643066,2003-03-21,2003-03-23
None,Denizlispor,TUR,1,1494.47668457,2003-03-24,2003-04-05
None,Denizlispor,TUR,1,1491.21362305,2003-04-06,2003-04-12
None,Denizlispor,TUR,1,1478.36535645,2003-04-13,2003-04-16
None,Denizlispor,TUR,1,1478.37866211,2003-04-17,2003-04-20
None,Denizlispor,TUR,1,1466.45202637,2003-04-21,2003-04-26
None,Denizlispor,TUR,1,1452.99169922,2003-04-27,2003-05-03
None,Denizlispor,TUR,1,1446.25341797,2003-05-04,2003-05-11
None,Denizlispor,TUR,1,1452.70373535,2003-05-12,2003-05-17
None,Denizlispor,TUR,1,1460.30065918,2003-05-18,2003-05-25
None,Denizlispor,TUR,1,1457.90698242,2003-05-26,2003-05-31
None,Denizlispor,TUR,1,1461.00378418,2003-06-01,2003-08-10
None,Denizlispor,TUR,1,1472.42333984,2003-08-11,2003-08-13
None,Denizlispor,TUR,1,1477.19726562,2003-08-14,2003-08-16
None,Denizlispor,TUR,1,1472.30944824,2003-08-17,2003-08-24
None,Denizlispor,TUR,1,1464.39123535,2003-08-25,2003-08-27
None,Denizlispor,TUR,1,1467.22314453,2003-08-28,2003-08-29
None,Denizlispor,TUR,1,1463.02868652,2003-08-30,2003-09-14
None,Denizlispor,TUR,1,1466.10009766,2003-09-15,2003-09-16
None,Denizlispor,TUR,1,1460.12731934,2003-09-17,2003-09-17
None,Denizlispor,TUR,1,1459.1673584,2003-09-18,2003-09-21
None,Denizlispor,TUR,1,1467.140625,2003-09-22,2003-09-24
None,Denizlispor,TUR,1,1475.34387207,2003-09-25,2003-09-28
None,Denizlispor,TUR,1,1481.04394531,2003-09-29,2003-09-30
None,Denizlispor,TUR,1,1477.69543457,2003-10-01,2003-10-01
None,Denizlispor,TUR,1,1486.7791748,2003-10-02,2003-10-04
None,Denizlispor,TUR,1,1504.76049805,2003-10-05,2003-10-15
None,Denizlispor,TUR,1,1512.93383789,2003-10-16,2003-10-19
None,Denizlispor,TUR,1,1501.45739746,2003-10-20,2003-10-21
None,Denizlispor,TUR,1,1504.71447754,2003-10-22,2003-10-22
None,Denizlispor,TUR,1,1501.18200684,2003-10-23,2003-10-25
None,Denizlispor,TUR,1,1510.24658203,2003-10-26,2003-11-01
None,Denizlispor,TUR,1,1496.90515137,2003-11-02,2003-11-04
None,Denizlispor,TUR,1,1498.95483398,2003-11-05,2003-11-05
None,Denizlispor,TUR,1,1494.45153809,2003-11-06,2003-11-06
None,Denizlispor,TUR,1,1502.40075684,2003-11-07,2003-11-09
None,Denizlispor,TUR,1,1514.84521484,2003-11-10,2003-11-22
None,Denizlispor,TUR,1,1525.69482422,2003-11-23,2003-11-26
None,Denizlispor,TUR,1,1527.45153809,2003-11-27,2003-11-27
None,Denizlispor,TUR,1,1546.91821289,2003-11-28,2003-11-30
None,Denizlispor,TUR,1,1564.15576172,2003-12-01,2003-12-02
None,Denizlispor,TUR,1,1571.19274902,2003-12-03,2003-12-07
None,Denizlispor,TUR,1,1574.1517334,2003-12-08,2003-12-09
None,Denizlispor,TUR,1,1567.81091309,2003-12-10,2003-12-10
None,Denizlispor,TUR,1,1569.97253418,2003-12-11,2003-12-13
None,Denizlispor,TUR,1,1563.30432129,2003-12-14,2003-12-21
None,Denizlispor,TUR,1,1556.64123535,2003-12-22,2004-01-24
None,Denizlispor,TUR,1,1543.08544922,2004-01-25,2004-02-01
None,Denizlispor,TUR,1,1549.59301758,2004-02-02,2004-02-07
None,Denizlispor,TUR,1,1554.24633789,2004-02-08,2004-02-15
None,Denizlispor,TUR,1,1550.90063477,2004-02-16,2004-02-22
None,Denizlispor,TUR,1,1539.11999512,2004-02-23,2004-02-26
None,Denizlispor,TUR,1,1545.74987793,2004-02-27,2004-02-29
None,Denizlispor,TUR,1,1553.05419922,2004-03-01,2004-03-03
None,Denizlispor,TUR,1,1549.40820312,2004-03-04,2004-03-07
None,Denizlispor,TUR,1,1558.89294434,2004-03-08,2004-03-11
None,Denizlispor,TUR,1,1561.50561523,2004-03-12,2004-03-13
None,Denizlispor,TUR,1,1566.69006348,2004-03-14,2004-03-21
None,Denizlispor,TUR,1,1560.99316406,2004-03-22,2004-03-25
None,Denizlispor,TUR,1,1557.63781738,2004-03-26,2004-03-27
None,Denizlispor,TUR,1,1562.04345703,2004-03-28,2004-04-03
None,Denizlispor,TUR,1,1570.74279785,2004-04-04,2004-04-11
None,Denizlispor,TUR,1,1579.95922852,2004-04-12,2004-04-16
None,Denizlispor,TUR,1,1575.08764648,2004-04-17,2004-04-25
None,Denizlispor,TUR,1,1565.58654785,2004-04-26,2004-05-01
None,Denizlispor,TUR,1,1565.84326172,2004-05-02,2004-05-09
None,Denizlispor,TUR,1,1551.86962891,2004-05-10,2004-05-15
None,Denizlispor,TUR,1,1533.04882812,2004-05-16,2004-07-28
None,Denizlispor,TUR,1,1532.9543457,2004-07-29,2004-08-04
None,Denizlispor,TUR,1,1534.50708008,2004-08-05,2004-08-07
None,Denizlispor,TUR,1,1541.68273926,2004-08-08,2004-08-10
None,Denizlispor,TUR,1,1547.4206543,2004-08-11,2004-08-12
None,Denizlispor,TUR,1,1547.6986084,2004-08-13,2004-08-15
None,Denizlispor,TUR,1,1553.73632812,2004-08-16,2004-08-21
None,Denizlispor,TUR,1,1565.36914062,2004-08-22,2004-08-25
None,Denizlispor,TUR,1,1554.94799805,2004-08-26,2004-08-26
None,Denizlispor,TUR,1,1555.46801758,2004-08-27,2004-08-28
None,Denizlispor,TUR,1,1545.45117188,2004-08-29,2004-09-11
None,Denizlispor,TUR,1,1534.35375977,2004-09-12,2004-09-15
None,Denizlispor,TUR,1,1537.12792969,2004-09-16,2004-09-16
None,Denizlispor,TUR,1,1535.87072754,2004-09-17,2004-09-17
None,Denizlispor,TUR,1,1543.29345703,2004-09-18,2004-09-26
None,Denizlispor,TUR,1,1550.97314453,2004-09-27,2004-09-28
None,Denizlispor,TUR,1,1548.4510498,2004-09-29,2004-09-30
None,Denizlispor,TUR,1,1540.84863281,2004-10-01,2004-10-02
None,Denizlispor,TUR,1,1536.64746094,2004-10-03,2004-10-17
None,Denizlispor,TUR,1,1541.24658203,2004-10-18,2004-10-19
None,Denizlispor,TUR,1,1536.42773438,2004-10-20,2004-10-24
None,Denizlispor,TUR,1,1525.1217041,2004-10-25,2004-10-30
None,Denizlispor,TUR,1,1532.87561035,2004-10-31,2004-11-03
None,Denizlispor,TUR,1,1531.38647461,2004-11-04,2004-11-04
None,Denizlispor,TUR,1,1537.7109375,2004-11-05,2004-11-06
None,Denizlispor,TUR,1,1536.8704834,2004-11-07,2004-11-21
None,Denizlispor,TUR,1,1539.55847168,2004-11-22,2004-11-23
None,Denizlispor,TUR,1,1544.61901855,2004-11-24,2004-11-25
None,Denizlispor,TUR,1,1541.53051758,2004-11-26,2004-11-28
None,Denizlispor,TUR,1,1532.37182617,2004-11-29,2004-12-01
None,Denizlispor,TUR,1,1530.11376953,2004-12-02,2004-12-04
None,Denizlispor,TUR,1,1527.73583984,2004-12-05,2004-12-08
None,Denizlispor,TUR,1,1535.26989746,2004-12-09,2004-12-12
None,Denizlispor,TUR,1,1549.50756836,2004-12-13,2004-12-16
None,Denizlispor,TUR,1,1547.04748535,2004-12-17,2004-12-17
None,Denizlispor,TUR,1,1548.55749512,2004-12-18,2005-01-30
None,Denizlispor,TUR,1,1540.04406738,2005-01-31,2005-02-06
None,Denizlispor,TUR,1,1546.83837891,2005-02-07,2005-02-12
None,Denizlispor,TUR,1,1541.12121582,2005-02-13,2005-02-17
None,Denizlispor,TUR,1,1535.97045898,2005-02-18,2005-02-19
None,Denizlispor,TUR,1,1530.6697998,2005-02-20,2005-02-24
None,Denizlispor,TUR,1,1527.76525879,2005-02-25,2005-02-27
None,Denizlispor,TUR,1,1521.53466797,2005-02-28,2005-03-06
None,Denizlispor,TUR,1,1516.51281738,2005-03-07,2005-03-12
None,Denizlispor,TUR,1,1517.36901855,2005-03-13,2005-03-18
None,Denizlispor,TUR,1,1532.73156738,2005-03-19,2005-04-03
None,Denizlispor,TUR,1,1534.31018066,2005-04-04,2005-04-10
None,Denizlispor,TUR,1,1543.40551758,2005-04-11,2005-04-16
None,Denizlispor,TUR,1,1526.05517578,2005-04-17,2005-04-24
None,Denizlispor,TUR,1,1520.8861084,2005-04-25,2005-04-30
None,Denizlispor,TUR,1,1511.60327148,2005-05-01,2005-05-08
None,Denizlispor,TUR,1,1515.83325195,2005-05-09,2005-05-14
None,Denizlispor,TUR,1,1516.8182373,2005-05-15,2005-05-22
None,Denizlispor,TUR,1,1515.61767578,2005-05-23,2005-05-29
None,Denizlispor,TUR,1,1509.54821777,2005-05-30,2005-07-26
None,Denizlispor,TUR,1,1504.2442627,2005-07-27,2005-08-03
None,Denizlispor,TUR,1,1497.32226562,2005-08-04,2005-08-07
None,Denizlispor,TUR,1,1493.94055176,2005-08-08,2005-08-11
None,Denizlispor,TUR,1,1493.98522949,2005-08-12,2005-08-14
None,Denizlispor,TUR,1,1489.67407227,2005-08-15,2005-08-20
None,Denizlispor,TUR,1,1472.0501709,2005-08-21,2005-08-25
None,Denizlispor,TUR,1,1472.20080566,2005-08-26,2005-08-27
None,Denizlispor,TUR,1,1466.56091309,2005-08-28,2005-09-11
None,Denizlispor,TUR,1,1462.87524414,2005-09-12,2005-09-13
None,Denizlispor,TUR,1,1461.64489746,2005-09-14,2005-09-15
None,Denizlispor,TUR,1,1452.08508301,2005-09-16,2005-09-17
None,Denizlispor,TUR,1,1461.4005127,2005-09-18,2005-09-24
None,Denizlispor,TUR,1,1451.79064941,2005-09-25,2005-09-28
None,Denizlispor,TUR,1,1459.54260254,2005-09-29,2005-09-29
None,Denizlispor,TUR,1,1461.27685547,2005-09-30,2005-10-01
None,Denizlispor,TUR,1,1453.70898438,2005-10-02,2005-10-16
None,Denizlispor,TUR,1,1449.92895508,2005-10-17,2005-10-19
None,Denizlispor,TUR,1,1448.45458984,2005-10-20,2005-10-20
None,Denizlispor,TUR,1,1448.67028809,2005-10-21,2005-10-22
None,Denizlispor,TUR,1,1455.4987793,2005-10-23,2005-10-28
None,Denizlispor,TUR,1,1448.64099121,2005-10-29,2005-11-01
None,Denizlispor,TUR,1,1444.91210938,2005-11-02,2005-11-03
None,Denizlispor,TUR,1,1442.79516602,2005-11-04,2005-11-05
None,Denizlispor,TUR,1,1433.00744629,2005-11-06,2005-11-19
None,Denizlispor,TUR,1,1442.07922363,2005-11-20,2005-11-23
None,Denizlispor,TUR,1,1436.21594238,2005-11-24,2005-11-27
None,Denizlispor,TUR,1,1425.77087402,2005-11-28,2005-12-01
None,Denizlispor,TUR,1,1424.94348145,2005-12-02,2005-12-04
None,Denizlispor,TUR,1,1417.23999023,2005-12-05,2005-12-06
None,Denizlispor,TUR,1,1415.35449219,2005-12-07,2005-12-10
None,Denizlispor,TUR,1,1423.93066406,2005-12-11,2005-12-14
None,Denizlispor,TUR,1,1430.05224609,2005-12-15,2005-12-17
None,Denizlispor,TUR,1,1426.58227539,2005-12-18,2006-01-22
None,Denizlispor,TUR,1,1440.75524902,2006-01-23,2006-02-04
None,Denizlispor,TUR,1,1443.31982422,2006-02-05,2006-02-12
None,Denizlispor,TUR,1,1456.07055664,2006-02-13,2006-02-19
None,Denizlispor,TUR,1,1456.80834961,2006-02-20,2006-02-26
None,Denizlispor,TUR,1,1462.34521484,2006-02-27,2006-03-05
None,Denizlispor,TUR,1,1454.85510254,2006-03-06,2006-03-12
None,Denizlispor,TUR,1,1465.9909668,2006-03-13,2006-03-18
None,Denizlispor,TUR,1,1455.43127441,2006-03-19,2006-03-25
None,Denizlispor,TUR,1,1450.90991211,2006-03-26,2006-03-29
None,Denizlispor,TUR,1,1453.21447754,2006-03-30,2006-04-02
None,Denizlispor,TUR,1,1445.74645996,2006-04-03,2006-04-09
None,Denizlispor,TUR,1,1442.72521973,2006-04-10,2006-04-15
None,Denizlispor,TUR,1,1431.65087891,2006-04-16,2006-04-23
None,Denizlispor,TUR,1,1436.42443848,2006-04-24,2006-04-29
None,Denizlispor,TUR,1,1440.89550781,2006-04-30,2006-05-06
None,Denizlispor,TUR,1,1450.68395996,2006-05-07,2006-05-14
None,Denizlispor,TUR,1,1455.50390625,2006-05-15,2006-07-26
None,Denizlispor,TUR,1,1455.51025391,2006-07-27,2006-08-01
None,Denizlispor,TUR,1,1455.51293945,2006-08-02,2006-08-06
None,Denizlispor,TUR,1,1456.95056152,2006-08-07,2006-08-09
None,Denizlispor,TUR,1,1455.58447266,2006-08-10,2006-08-10
None,Denizlispor,TUR,1,1457.88525391,2006-08-11,2006-08-13
None,Denizlispor,TUR,1,1448.09887695,2006-08-14,2006-08-20
None,Denizlispor,TUR,1,1439.2253418,2006-08-21,2006-08-23
None,Denizlispor,TUR,1,1436.85266113,2006-08-24,2006-08-24
None,Denizlispor,TUR,1,1439.00708008,2006-08-25,2006-08-27
None,Denizlispor,TUR,1,1434.90722656,2006-08-28,2006-09-09
None,Denizlispor,TUR,1,1439.78442383,2006-09-10,2006-09-12
None,Denizlispor,TUR,1,1439.04663086,2006-09-13,2006-09-14
None,Denizlispor,TUR,1,1444.24462891,2006-09-15,2006-09-16
None,Denizlispor,TUR,1,1445.26074219,2006-09-17,2006-09-24
None,Denizlispor,TUR,1,1450.06884766,2006-09-25,2006-09-27
None,Denizlispor,TUR,1,1448.96252441,2006-09-28,2006-09-28
None,Denizlispor,TUR,1,1450.20947266,2006-09-29,2006-09-30
None,Denizlispor,TUR,1,1442.22363281,2006-10-01,2006-10-15
None,Denizlispor,TUR,1,1451.17810059,2006-10-16,2006-10-18
None,Denizlispor,TUR,1,1447.64221191,2006-10-19,2006-10-19
None,Denizlispor,TUR,1,1440.64160156,2006-10-20,2006-10-21
None,Denizlispor,TUR,1,1448.58898926,2006-10-22,2006-10-29
None,Denizlispor,TUR,1,1444.60522461,2006-10-30,2006-10-31
None,Denizlispor,TUR,1,1443.16235352,2006-11-01,2006-11-02
None,Denizlispor,TUR,1,1441.52636719,2006-11-03,2006-11-04
None,Denizlispor,TUR,1,1453.78186035,2006-11-05,2006-11-10
None,Denizlispor,TUR,1,1457.59936523,2006-11-11,2006-11-19
None,Denizlispor,TUR,1,1449.48962402,2006-11-20,2006-11-22
None,Denizlispor,TUR,1,1446.82128906,2006-11-23,2006-11-23
None,Denizlispor,TUR,1,1452.7545166,2006-11-24,2006-11-25
None,Denizlispor,TUR,1,1451.44091797,2006-11-26,2006-11-29
None,Denizlispor,TUR,1,1454.56530762,2006-11-30,2006-11-30
None,Denizlispor,TUR,1,1452.95129395,2006-12-01,2006-12-02
None,Denizlispor,TUR,1,1447.31555176,2006-12-03,2006-12-05
None,Denizlispor,TUR,1,1452.92602539,2006-12-06,2006-12-10
None,Denizlispor,TUR,1,1450.6138916,2006-12-11,2006-12-13
None,Denizlispor,TUR,1,1448.08557129,2006-12-14,2006-12-14
None,Denizlispor,TUR,1,1446.50488281,2006-12-15,2007-01-27
None,Denizlispor,TUR,1,1431.30993652,2007-01-28,2007-02-03
None,Denizlispor,TUR,1,1420.14440918,2007-02-04,2007-02-10
None,Denizlispor,TUR,1,1415.94506836,2007-02-11,2007-02-14
None,Denizlispor,TUR,1,1413.8092041,2007-02-15,2007-02-18
None,Denizlispor,TUR,1,1406.09350586,2007-02-19,2007-02-22
None,Denizlispor,TUR,1,1405.61157227,2007-02-23,2007-02-23
None,Denizlispor,TUR,1,1412.76843262,2007-02-24,2007-03-03
None,Denizlispor,TUR,1,1419.55151367,2007-03-04,2007-03-11
None,Denizlispor,TUR,1,1409.2310791,2007-03-12,2007-03-17
None,Denizlispor,TUR,1,1417.92346191,2007-03-18,2007-04-01
None,Denizlispor,TUR,1,1420.05847168,2007-04-02,2007-04-08
None,Denizlispor,TUR,1,1424.47619629,2007-04-09,2007-04-15
None,Denizlispor,TUR,1,1426.74133301,2007-04-16,2007-04-22
None,Denizlispor,TUR,1,1435.81665039,2007-04-23,2007-04-29
None,Denizlispor,TUR,1,1442.65930176,2007-04-30,2007-05-05
None,Denizlispor,TUR,1,1438.99621582,2007-05-06,2007-05-13
None,Denizlispor,TUR,1,1442.17663574,2007-05-14,2007-05-20
None,Denizlispor,TUR,1,1449.68969727,2007-05-21,2007-05-26
None,Denizlispor,TUR,1,1450.58789062,2007-05-27,2007-08-01
None,Denizlispor,TUR,1,1450.84179688,2007-08-02,2007-08-08
None,Denizlispor,TUR,1,1452.37878418,2007-08-09,2007-08-12
None,Denizlispor,TUR,1,1449.39575195,2007-08-13,2007-08-15
None,Denizlispor,TUR,1,1454.13378906,2007-08-16,2007-08-16
None,Denizlispor,TUR,1,1457.51550293,2007-08-17,2007-08-19
None,Denizlispor,TUR,1,1450.61401367,2007-08-20,2007-08-26
None,Denizlispor,TUR,1,1456.1184082,2007-08-27,2007-08-29
None,Denizlispor,TUR,1,1470.00415039,2007-08-30,2007-08-30
None,Denizlispor,TUR,1,1476.56262207,2007-08-31,2007-09-01
None,Denizlispor,TUR,1,1478.54882812,2007-09-02,2007-09-15
None,Denizlispor,TUR,1,1466.87023926,2007-09-16,2007-09-18
None,Denizlispor,TUR,1,1464.00183105,2007-09-19,2007-09-19
None,Denizlispor,TUR,1,1469.41772461,2007-09-20,2007-09-20
None,Denizlispor,TUR,1,1466.7545166,2007-09-21,2007-09-22
None,Denizlispor,TUR,1,1463.54187012,2007-09-23,2007-09-30
None,Denizlispor,TUR,1,1475.10339355,2007-10-01,2007-10-02
None,Denizlispor,TUR,1,1475.83972168,2007-10-03,2007-10-03
None,Denizlispor,TUR,1,1472.87451172,2007-10-04,2007-10-04
None,Denizlispor,TUR,1,1477.95654297,2007-10-05,2007-10-06
None,Denizlispor,TUR,1,1479.94055176,2007-10-07,2007-10-20
None,Denizlispor,TUR,1,1490.0435791,2007-10-21,2007-10-23
None,Denizlispor,TUR,1,1491.96179199,2007-10-24,2007-10-24
None,Denizlispor,TUR,1,1498.01428223,2007-10-25,2007-10-25
None,Denizlispor,TUR,1,1495.78442383,2007-10-26,2007-10-28
None,Denizlispor,TUR,1,1489.96569824,2007-10-29,2007-11-04
None,Denizlispor,TUR,1,1499.91479492,2007-11-05,2007-11-06
None,Denizlispor,TUR,1,1497.3684082,2007-11-07,2007-11-07
None,Denizlispor,TUR,1,1501.57873535,2007-11-08,2007-11-08
None,Denizlispor,TUR,1,1494.5057373,2007-11-09,2007-11-09
None,Denizlispor,TUR,1,1505.0480957,2007-11-10,2007-11-24
None,Denizlispor,TUR,1,1517.51220703,2007-11-25,2007-11-27
None,Denizlispor,TUR,1,1515.69567871,2007-11-28,2007-11-28
None,Denizlispor,TUR,1,1519.43688965,2007-11-29,2007-11-29
None,Denizlispor,TUR,1,1524.95568848,2007-11-30,2007-12-01
None,Denizlispor,TUR,1,1519.5970459,2007-12-02,2007-12-09
None,Denizlispor,TUR,1,1511.81896973,2007-12-10,2007-12-11
None,Denizlispor,TUR,1,1510.16711426,2007-12-12,2007-12-12
None,Denizlispor,TUR,1,1512.82556152,2007-12-13,2007-12-16
None,Denizlispor,TUR,1,1517.59033203,2007-12-17,2007-12-19
None,Denizlispor,TUR,1,1514.08569336,2007-12-20,2007-12-23
None,Denizlispor,TUR,1,1503.19567871,2007-12-24,2008-01-13
None,Denizlispor,TUR,1,1504.33728027,2008-01-14,2008-01-20
None,Denizlispor,TUR,1,1500.92675781,2008-01-21,2008-01-27
None,Denizlispor,TUR,1,1492.94165039,2008-01-28,2008-02-10
None,Denizlispor,TUR,1,1498.3338623,2008-02-11,2008-02-13
None,Denizlispor,TUR,1,1497.92675781,2008-02-14,2008-02-17
None,Denizlispor,TUR,1,1488.10522461,2008-02-18,2008-02-20
None,Denizlispor,TUR,1,1489.65429688,2008-02-21,2008-02-21
None,Denizlispor,TUR,1,1483.30273438,2008-02-22,2008-02-22
None,Denizlispor,TUR,1,1477.02514648,2008-02-23,2008-03-02
None,Denizlispor,TUR,1,1482.22705078,2008-03-03,2008-03-04
None,Denizlispor,TUR,1,1483.92529297,2008-03-05,2008-03-08
None,Denizlispor,TUR,1,1490.15856934,2008-03-09,2008-03-16
None,Denizlispor,TUR,1,1495.59375,2008-03-17,2008-03-23
None,Denizlispor,TUR,1,1492.68164062,2008-03-24,2008-03-29
None,Denizlispor,TUR,1,1498.15332031,2008-03-30,2008-04-02
None,Denizlispor,TUR,1,1500.5144043,2008-04-03,2008-04-04
None,Denizlispor,TUR,1,1492.94213867,2008-04-05,2008-04-08
None,Denizlispor,TUR,1,1489.27685547,2008-04-09,2008-04-12
None,Denizlispor,TUR,1,1478.03173828,2008-04-13,2008-04-19
None,Denizlispor,TUR,1,1475.10205078,2008-04-20,2008-04-26
None,Denizlispor,TUR,1,1468.02648926,2008-04-27,2008-05-03
None,Denizlispor,TUR,1,1481.84973145,2008-05-04,2008-05-10
None,Denizlispor,TUR,1,1490.68200684,2008-05-11,2008-07-30
None,Denizlispor,TUR,1,1491.43029785,2008-07-31,2008-08-06
None,Denizlispor,TUR,1,1492.32861328,2008-08-07,2008-08-13
None,Denizlispor,TUR,1,1489.71691895,2008-08-14,2008-08-14
None,Denizlispor,TUR,1,1490.50756836,2008-08-15,2008-08-23
None,Denizlispor,TUR,1,1486.14929199,2008-08-24,2008-08-27
None,Denizlispor,TUR,1,1483.43457031,2008-08-28,2008-08-28
None,Denizlispor,TUR,1,1484.25341797,2008-08-29,2008-08-31
None,Denizlispor,TUR,1,1488.4498291,2008-09-01,2008-09-13
None,Denizlispor,TUR,1,1488.77282715,2008-09-14,2008-09-17
None,Denizlispor,TUR,1,1486.43505859,2008-09-18,2008-09-18
None,Denizlispor,TUR,1,1484.19836426,2008-09-19,2008-09-19
None,Denizlispor,TUR,1,1476.2902832,2008-09-20,2008-09-28
None,Denizlispor,TUR,1,1470.19873047,2008-09-29,2008-09-30
None,Denizlispor,TUR,1,1469.04016113,2008-10-01,2008-10-02
None,Denizlispor,TUR,1,1456.63452148,2008-10-03,2008-10-05
None,Denizlispor,TUR,1,1461.68444824,2008-10-06,2008-10-18
None,Denizlispor,TUR,1,1453.74267578,2008-10-19,2008-10-21
None,Denizlispor,TUR,1,1450.77355957,2008-10-22,2008-10-23
None,Denizlispor,TUR,1,1453.75805664,2008-10-24,2008-10-25
None,Denizlispor,TUR,1,1451.34875488,2008-10-26,2008-11-02
None,Denizlispor,TUR,1,1446.42712402,2008-11-03,2008-11-05
None,Denizlispor,TUR,1,1450.22839355,2008-11-06,2008-11-06
None,Denizlispor,TUR,1,1458.73254395,2008-11-07,2008-11-09
None,Denizlispor,TUR,1,1467.83422852,2008-11-10,2008-11-15
None,Denizlispor,TUR,1,1458.66381836,2008-11-16,2008-11-23
None,Denizlispor,TUR,1,1465.07055664,2008-11-24,2008-11-25
None,Denizlispor,TUR,1,1461.41564941,2008-11-26,2008-11-27
None,Denizlispor,TUR,1,1455.39282227,2008-11-28,2008-11-29
None,Denizlispor,TUR,1,1447.5378418,2008-11-30,2008-12-03
None,Denizlispor,TUR,1,1452.87915039,2008-12-04,2008-12-05
None,Denizlispor,TUR,1,1448.45959473,2008-12-06,2008-12-10
None,Denizlispor,TUR,1,1446.37097168,2008-12-11,2008-12-14
None,Denizlispor,TUR,1,1440.34753418,2008-12-15,2008-12-21
None,Denizlispor,TUR,1,1438.06884766,2008-12-22,2009-01-24
None,Denizlispor,TUR,1,1435.10058594,2009-01-25,2009-01-31
None,Denizlispor,TUR,1,1429.46508789,2009-02-01,2009-02-08
None,Denizlispor,TUR,1,1422.26928711,2009-02-09,2009-02-15
None,Denizlispor,TUR,1,1428.34692383,2009-02-16,2009-02-18
None,Denizlispor,TUR,1,1429.9642334,2009-02-19,2009-02-21
None,Denizlispor,TUR,1,1449.35900879,2009-02-22,2009-02-26
None,Denizlispor,TUR,1,1455.68005371,2009-02-27,2009-02-28
None,Denizlispor,TUR,1,1465.54309082,2009-03-01,2009-03-07
None,Denizlispor,TUR,1,1478.11328125,2009-03-08,2009-03-12
None,Denizlispor,TUR,1,1480.14587402,2009-03-13,2009-03-15
None,Denizlispor,TUR,1,1475.32543945,2009-03-16,2009-03-19
None,Denizlispor,TUR,1,1469.16833496,2009-03-20,2009-03-22
None,Denizlispor,TUR,1,1471.12658691,2009-03-23,2009-04-04
None,Denizlispor,TUR,1,1462.64538574,2009-04-05,2009-04-12
None,Denizlispor,TUR,1,1455.80969238,2009-04-13,2009-04-19
None,Denizlispor,TUR,1,1460.46069336,2009-04-20,2009-04-26
None,Denizlispor,TUR,1,1453.11706543,2009-04-27,2009-05-03
None,Denizlispor,TUR,1,1458.52624512,2009-05-04,2009-05-09
None,Denizlispor,TUR,1,1455.78491211,2009-05-10,2009-05-17
None,Denizlispor,TUR,1,1464.82250977,2009-05-18,2009-05-24
None,Denizlispor,TUR,1,1453.10388184,2009-05-25,2009-05-30
None,Denizlispor,TUR,1,1448.17468262,2009-05-31,2009-07-16
None,Denizlispor,TUR,1,1447.87060547,2009-07-17,2009-07-23
None,Denizlispor,TUR,1,1448.29931641,2009-07-24,2009-07-28
None,Denizlispor,TUR,1,1438.33288574,2009-07-29,2009-07-30
None,Denizlispor,TUR,1,1442.17077637,2009-07-31,2009-08-04
None,Denizlispor,TUR,1,1444.47924805,2009-08-05,2009-08-06
None,Denizlispor,TUR,1,1446.6887207,2009-08-07,2009-08-09
None,Denizlispor,TUR,1,1439.62316895,2009-08-10,2009-08-15
None,Denizlispor,TUR,1,1435.52807617,2009-08-16,2009-08-20
None,Denizlispor,TUR,1,1430.42443848,2009-08-21,2009-08-25
None,Denizlispor,TUR,1,1429.84240723,2009-08-26,2009-08-27
None,Denizlispor,TUR,1,1431.39904785,2009-08-28,2009-08-29
None,Denizlispor,TUR,1,1423.95922852,2009-08-30,2009-09-12
None,Denizlispor,TUR,1,1421.67272949,2009-09-13,2009-09-15
None,Denizlispor,TUR,1,1420.56103516,2009-09-16,2009-09-16
None,Denizlispor,TUR,1,1421.63037109,2009-09-17,2009-09-17
None,Denizlispor,TUR,1,1424.04968262,2009-09-18,2009-09-27
None,Denizlispor,TUR,1,1421.84204102,2009-09-28,2009-09-30
None,Denizlispor,TUR,1,1419.4296875,2009-10-01,2009-10-01
None,Denizlispor,TUR,1,1417.85888672,2009-10-02,2009-10-03
None,Denizlispor,TUR,1,1415.2310791,2009-10-04,2009-10-17
None,Denizlispor,TUR,1,1408.84082031,2009-10-18,2009-10-21
None,Denizlispor,TUR,1,1411.73730469,2009-10-22,2009-10-22
None,Denizlispor,TUR,1,1418.90722656,2009-10-23,2009-10-25
None,Denizlispor,TUR,1,1407.70898438,2009-10-26,2009-11-01
None,Denizlispor,TUR,1,1398.9239502,2009-11-02,2009-11-03
None,Denizlispor,TUR,1,1393.39709473,2009-11-04,2009-11-05
None,Denizlispor,TUR,1,1401.50378418,2009-11-06,2009-11-08
None,Denizlispor,TUR,1,1394.41503906,2009-11-09,2009-11-22
None,Denizlispor,TUR,1,1393.57092285,2009-11-23,2009-11-25
None,Denizlispor,TUR,1,1400.93615723,2009-11-26,2009-11-29
None,Denizlispor,TUR,1,1395.91113281,2009-11-30,2009-12-02
None,Denizlispor,TUR,1,1400.69396973,2009-12-03,2009-12-03
None,Denizlispor,TUR,1,1403.62121582,2009-12-04,2009-12-06
None,Denizlispor,TUR,1,1397.12695312,2009-12-07,2009-12-08
None,Denizlispor,TUR,1,1392.52600098,2009-12-09,2009-12-13
None,Denizlispor,TUR,1,1387.31689453,2009-12-14,2009-12-16
None,Denizlispor,TUR,1,1382.25805664,2009-12-17,2009-12-17
None,Denizlispor,TUR,1,1382.86474609,2009-12-18,2009-12-19
None,Denizlispor,TUR,1,1378.94189453,2009-12-20,2010-01-22
None,Denizlispor,TUR,1,1376.84777832,2010-01-23,2010-01-31
None,Denizlispor,TUR,1,1373.73706055,2010-02-01,2010-02-07
None,Denizlispor,TUR,1,1368.74768066,2010-02-08,2010-02-14
None,Denizlispor,TUR,1,1380.60876465,2010-02-15,2010-02-18
None,Denizlispor,TUR,1,1381.21362305,2010-02-19,2010-02-21
None,Denizlispor,TUR,1,1396.3536377,2010-02-22,2010-02-25
None,Denizlispor,TUR,1,1389.56530762,2010-02-26,2010-03-07
None,Denizlispor,TUR,1,1391.84912109,2010-03-08,2010-03-15
None,Denizlispor,TUR,1,1388.01220703,2010-03-16,2010-03-22
None,Denizlispor,TUR,1,1385.9609375,2010-03-23,2010-03-28
None,Denizlispor,TUR,1,1385.21533203,2010-03-29,2010-04-03
None,Denizlispor,TUR,1,1379.6072998,2010-04-04,2010-04-11
None,Denizlispor,TUR,1,1388.8269043,2010-04-12,2010-04-18
None,Denizlispor,TUR,1,1383.60009766,2010-04-19,2010-04-24
None,Denizlispor,TUR,1,1383.62890625,2010-04-25,2010-05-02
None,Denizlispor,TUR,1,1395.44970703,2010-05-03,2010-05-10
None,Denizlispor,TUR,1,1392.65380859,2010-05-11,2010-05-15
None,Denizlispor,TUR,1,1392.35119629,2010-05-16,2010-07-02
None,Denizlispor,TUR,1,1338.40234375,2019-07-01,2019-07-25
None,Denizlispor,TUR,1,1336.2277832,2019-07-26,2019-08-01
None,Denizlispor,TUR,1,1343.28918457,2019-08-02,2019-08-07
None,Denizlispor,TUR,1,1340.27954102,2019-08-08,2019-08-08
None,Denizlispor,TUR,1,1339.02893066,2019-08-09,2019-08-13
None,Denizlispor,TUR,1,1336.36730957,2019-08-14,2019-08-15
None,Denizlispor,TUR,1,1338.8527832,2019-08-16,2019-08-16
None,Denizlispor,TUR,1,1357.04064941,2019-08-17,2019-08-22
None,Denizlispor,TUR,1,1364.16638184,2019-08-23,2019-08-25
None,Denizlispor,TUR,1,1380.10302734,2019-08-26,2019-08-29
None,Denizlispor,TUR,1,1376.36560059,2019-08-30,2019-08-31
None,Denizlispor,TUR,1,1378.91088867,2019-09-01,2019-09-15
None,Denizlispor,TUR,1,1370.66943359,2019-09-16,2019-09-18
None,Denizlispor,TUR,1,1372.73754883,2019-09-19,2019-09-19
None,Denizlispor,TUR,1,1362.01184082,2019-09-20,2019-09-21
None,Denizlispor,TUR,1,1364.37719727,2019-09-22,2019-09-28
None,Denizlispor,TUR,1,1355.01782227,2019-09-29,2019-10-01
None,Denizlispor,TUR,1,1353.15637207,2019-10-02,2019-10-03
None,Denizlispor,TUR,1,1351.46154785,2019-10-04,2019-10-04
None,Denizlispor,TUR,1,1342.35339355,2019-10-05,2019-10-20
None,Denizlispor,TUR,1,1336.859375,2019-10-21,2019-10-22
None,Denizlispor,TUR,1,1335.2208252,2019-10-23,2019-10-24
None,Denizlispor,TUR,1,1329.25195312,2019-10-25,2019-10-27
None,Denizlispor,TUR,1,1343.5970459,2019-10-28,2019-11-03
None,Denizlispor,TUR,1,1333.07263184,2019-11-04,2019-11-06
None,Denizlispor,TUR,1,1331.38134766,2019-11-07,2019-11-07
None,Denizlispor,TUR,1,1333.60900879,2019-11-08,2019-11-10
None,Denizlispor,TUR,1,1331.22351074,2019-11-11,2019-11-23
None,Denizlispor,TUR,1,1342.40246582,2019-11-24,2019-11-26
None,Denizlispor,TUR,1,1343.20141602,2019-11-27,2019-11-28
None,Denizlispor,TUR,1,1338.00415039,2019-11-29,2019-12-01
None,Denizlispor,TUR,1,1348.06298828,2019-12-02,2019-12-08
None,Denizlispor,TUR,1,1352.29943848,2019-12-09,2019-12-11
None,Denizlispor,TUR,1,1350.97021484,2019-12-12,2019-12-12
None,Denizlispor,TUR,1,1352.71313477,2019-12-13,2019-12-16
None,Denizlispor,TUR,1,1366.30627441,2019-12-17,2019-12-23
None,Denizlispor,TUR,1,1350.296875,2019-12-24,2019-12-28
None,Denizlispor,TUR,1,1350.97314453,2019-12-29,2020-01-19
None,Denizlispor,TUR,1,1348.31103516,2020-01-20,2020-01-26
None,Denizlispor,TUR,1,1330.15539551,2020-01-27,2020-02-03
None,Denizlispor,TUR,1,1331.03552246,2020-02-04,2020-02-08
None,Denizlispor,TUR,1,1334.14782715,2020-02-09,2020-02-15
None,Denizlispor,TUR,1,1323.5291748,2020-02-16,2020-02-20
None,Denizlispor,TUR,1,1320.33837891,2020-02-21,2020-02-24
None,Denizlispor,TUR,1,1311.37817383,2020-02-25,2020-02-27
None,Denizlispor,TUR,1,1321.21496582,2020-02-28,2020-03-01
None,Denizlispor,TUR,1,1333.39904785,2020-03-02,2020-03-07
None,Denizlispor,TUR,1,1339.36962891,2020-03-08,2020-03-12
None,Denizlispor,TUR,1,1341.42553711,2020-03-13,2020-03-14
None,Denizlispor,TUR,1,1348.27319336,2020-03-15,2020-06-15
None,Denizlispor,TUR,1,1344.89160156,2020-06-16,2020-06-20
None,Denizlispor,TUR,1,1334.42297363,2020-06-21,2020-06-28
None,Denizlispor,TUR,1,1337.13439941,2020-06-29,2020-07-03
None,Denizlispor,TUR,1,1328.48095703,2020-07-04,2020-07-07
None,Denizlispor,TUR,1,1326.51940918,2020-07-08,2020-07-13
None,Denizlispor,TUR,1,1338.97900391,2020-07-14,2020-07-19
None,Denizlispor,TUR,1,1335.5279541,2020-07-20,2020-07-25
None,Denizlispor,TUR,1,1325.54101562,2020-07-26,2020-08-05
None,Denizlispor,TUR,1,1313.9440918,2020-08-06,2020-08-25
None,Denizlispor,TUR,1,1310.86425781,2020-08-26,2020-09-14
None,Denizlispor,TUR,1,1310.86425781,2020-09-15,2020-12-31


