Rank,Club,Country,Level,Elo,From,To
None,Eskisehirspor,TUR,1,1173.50268555,1966-07-02,1966-08-24
None,Eskisehirspor,TUR,1,1163.84277344,1966-08-25,1966-09-07
None,Eskisehirspor,TUR,1,1160.89355469,1966-09-08,1966-09-10
None,Eskisehirspor,TUR,1,1163.26977539,1966-09-11,1966-09-18
None,Eskisehirspor,TUR,1,1172.9453125,1966-09-19,1966-09-25
None,Eskisehirspor,TUR,1,1176.4362793,1966-09-26,1966-09-28
None,Eskisehirspor,TUR,1,1173.56982422,1966-09-29,1966-10-05
None,Eskisehirspor,TUR,1,1166.45166016,1966-10-06,1966-10-09
None,Eskisehirspor,TUR,1,1172.44799805,1966-10-10,1966-10-23
None,Eskisehirspor,TUR,1,1173.38659668,1966-10-24,1966-10-30
None,Eskisehirspor,TUR,1,1164.20568848,1966-10-31,1966-11-06
None,Eskisehirspor,TUR,1,1160.93237305,1966-11-07,1966-11-13
None,Eskisehirspor,TUR,1,1169.35339355,1966-11-14,1966-11-19
None,Eskisehirspor,TUR,1,1175.12670898,1966-11-20,1966-11-27
None,Eskisehirspor,TUR,1,1180.97119141,1966-11-28,1966-12-03
None,Eskisehirspor,TUR,1,1182.23120117,1966-12-04,1966-12-11
None,Eskisehirspor,TUR,1,1179.78161621,1966-12-12,1966-12-17
None,Eskisehirspor,TUR,1,1170.79919434,1966-12-18,1966-12-25
None,Eskisehirspor,TUR,1,1174.37890625,1966-12-26,1966-12-31
None,Eskisehirspor,TUR,1,1169.22375488,1967-01-01,1967-01-08
None,Eskisehirspor,TUR,1,1179.17907715,1967-01-09,1967-02-12
None,Eskisehirspor,TUR,1,1184.12841797,1967-02-13,1967-02-19
None,Eskisehirspor,TUR,1,1178.69360352,1967-02-20,1967-02-26
None,Eskisehirspor,TUR,1,1185.32958984,1967-02-27,1967-03-04
None,Eskisehirspor,TUR,1,1178.64086914,1967-03-05,1967-03-12
None,Eskisehirspor,TUR,1,1186.73498535,1967-03-13,1967-03-18
None,Eskisehirspor,TUR,1,1184.96789551,1967-03-19,1967-03-26
None,Eskisehirspor,TUR,1,1187.41674805,1967-03-27,1967-04-01
None,Eskisehirspor,TUR,1,1178.25268555,1967-04-02,1967-04-09
None,Eskisehirspor,TUR,1,1186.6685791,1967-04-10,1967-04-15
None,Eskisehirspor,TUR,1,1172.99267578,1967-04-16,1967-04-23
None,Eskisehirspor,TUR,1,1169.9675293,1967-04-24,1967-04-29
None,Eskisehirspor,TUR,1,1165.20849609,1967-04-30,1967-05-06
None,Eskisehirspor,TUR,1,1163.60168457,1967-05-07,1967-05-21
None,Eskisehirspor,TUR,1,1170.31408691,1967-05-22,1967-05-28
None,Eskisehirspor,TUR,1,1176.77807617,1967-05-29,1967-06-04
None,Eskisehirspor,TUR,1,1166.73791504,1967-06-05,1967-09-13
None,Eskisehirspor,TUR,1,1160.30627441,1967-09-14,1967-09-19
None,Eskisehirspor,TUR,1,1156.00415039,1967-09-20,1967-09-20
None,Eskisehirspor,TUR,1,1154.44433594,1967-09-21,1967-09-24
None,Eskisehirspor,TUR,1,1172.3927002,1967-09-25,1967-09-30
None,Eskisehirspor,TUR,1,1162.92382812,1967-10-01,1967-10-08
None,Eskisehirspor,TUR,1,1160.32092285,1967-10-09,1967-10-11
None,Eskisehirspor,TUR,1,1160.83093262,1967-10-12,1967-10-14
None,Eskisehirspor,TUR,1,1163.9263916,1967-10-15,1967-10-22
None,Eskisehirspor,TUR,1,1171.88464355,1967-10-23,1967-10-29
None,Eskisehirspor,TUR,1,1177.55834961,1967-10-30,1967-11-05
None,Eskisehirspor,TUR,1,1168.01867676,1967-11-06,1967-11-12
None,Eskisehirspor,TUR,1,1182.99230957,1967-11-13,1967-11-19
None,Eskisehirspor,TUR,1,1180.98693848,1967-11-20,1967-12-02
None,Eskisehirspor,TUR,1,1191.04577637,1967-12-03,1967-12-10
None,Eskisehirspor,TUR,1,1199.9276123,1967-12-11,1967-12-17
None,Eskisehirspor,TUR,1,1201.40234375,1967-12-18,1967-12-24
None,Eskisehirspor,TUR,1,1200.8470459,1967-12-25,1967-12-31
None,Eskisehirspor,TUR,1,1212.73852539,1968-01-01,1968-01-06
None,Eskisehirspor,TUR,1,1205.74108887,1968-01-07,1968-01-14
None,Eskisehirspor,TUR,1,1195.6138916,1968-01-15,1968-02-11
None,Eskisehirspor,TUR,1,1204.39770508,1968-02-12,1968-02-18
None,Eskisehirspor,TUR,1,1199.18127441,1968-02-19,1968-02-25
None,Eskisehirspor,TUR,1,1212.16003418,1968-02-26,1968-03-03
None,Eskisehirspor,TUR,1,1206.09289551,1968-03-04,1968-03-10
None,Eskisehirspor,TUR,1,1210.33044434,1968-03-11,1968-03-16
None,Eskisehirspor,TUR,1,1204.87133789,1968-03-17,1968-03-24
None,Eskisehirspor,TUR,1,1197.45092773,1968-03-25,1968-03-31
None,Eskisehirspor,TUR,1,1192.75256348,1968-04-01,1968-04-07
None,Eskisehirspor,TUR,1,1203.12255859,1968-04-08,1968-04-13
None,Eskisehirspor,TUR,1,1197.17089844,1968-04-14,1968-04-21
None,Eskisehirspor,TUR,1,1201.52770996,1968-04-22,1968-04-27
None,Eskisehirspor,TUR,1,1191.54638672,1968-04-28,1968-05-05
None,Eskisehirspor,TUR,1,1188.44006348,1968-05-06,1968-05-11
None,Eskisehirspor,TUR,1,1193.04138184,1968-05-12,1968-05-18
None,Eskisehirspor,TUR,1,1195.28747559,1968-05-19,1968-05-26
None,Eskisehirspor,TUR,1,1183.73510742,1968-05-27,1968-09-18
None,Eskisehirspor,TUR,1,1195.75854492,1968-09-19,1968-09-21
None,Eskisehirspor,TUR,1,1211.67651367,1968-09-22,1968-09-25
None,Eskisehirspor,TUR,1,1221.85742188,1968-09-26,1968-09-29
None,Eskisehirspor,TUR,1,1231.11938477,1968-09-30,1968-10-02
None,Eskisehirspor,TUR,1,1239.05871582,1968-10-03,1968-10-06
None,Eskisehirspor,TUR,1,1245.01879883,1968-10-07,1968-10-13
None,Eskisehirspor,TUR,1,1232.97021484,1968-10-14,1968-10-28
None,Eskisehirspor,TUR,1,1226.3260498,1968-10-29,1968-11-03
None,Eskisehirspor,TUR,1,1235.21142578,1968-11-04,1968-11-13
None,Eskisehirspor,TUR,1,1233.98730469,1968-11-14,1968-11-17
None,Eskisehirspor,TUR,1,1236.84057617,1968-11-18,1968-11-24
None,Eskisehirspor,TUR,1,1234.23388672,1968-11-25,1968-11-28
None,Eskisehirspor,TUR,1,1232.49365234,1968-11-29,1968-12-01
None,Eskisehirspor,TUR,1,1242.53027344,1968-12-02,1968-12-15
None,Eskisehirspor,TUR,1,1246.34069824,1968-12-16,1968-12-21
None,Eskisehirspor,TUR,1,1249.39611816,1968-12-22,1968-12-29
None,Eskisehirspor,TUR,1,1255.31982422,1968-12-30,1969-01-05
None,Eskisehirspor,TUR,1,1255.67578125,1969-01-06,1969-01-12
None,Eskisehirspor,TUR,1,1260.56970215,1969-01-13,1969-02-16
None,Eskisehirspor,TUR,1,1266.28710938,1969-02-17,1969-02-23
None,Eskisehirspor,TUR,1,1271.69067383,1969-02-24,1969-03-09
None,Eskisehirspor,TUR,1,1279.65344238,1969-03-10,1969-03-16
None,Eskisehirspor,TUR,1,1284.67443848,1969-03-17,1969-03-23
None,Eskisehirspor,TUR,1,1287.64526367,1969-03-24,1969-03-30
None,Eskisehirspor,TUR,1,1296.49914551,1969-03-31,1969-04-06
None,Eskisehirspor,TUR,1,1291.66687012,1969-04-07,1969-04-09
None,Eskisehirspor,TUR,1,1305.21704102,1969-04-10,1969-04-13
None,Eskisehirspor,TUR,1,1314.34777832,1969-04-14,1969-04-20
None,Eskisehirspor,TUR,1,1317.33459473,1969-04-21,1969-04-27
None,Eskisehirspor,TUR,1,1315.76147461,1969-04-28,1969-05-04
None,Eskisehirspor,TUR,1,1319.62744141,1969-05-05,1969-05-11
None,Eskisehirspor,TUR,1,1312.09594727,1969-05-12,1969-05-18
None,Eskisehirspor,TUR,1,1318.95361328,1969-05-19,1969-05-25
None,Eskisehirspor,TUR,1,1308.07836914,1969-05-26,1969-09-17
None,Eskisehirspor,TUR,1,1320.21655273,1969-09-18,1969-09-21
None,Eskisehirspor,TUR,1,1307.86218262,1969-09-22,1969-09-28
None,Eskisehirspor,TUR,1,1315.15527344,1969-09-29,1969-10-01
None,Eskisehirspor,TUR,1,1324.12670898,1969-10-02,1969-10-05
None,Eskisehirspor,TUR,1,1317.33679199,1969-10-06,1969-10-19
None,Eskisehirspor,TUR,1,1321.95263672,1969-10-20,1969-10-26
None,Eskisehirspor,TUR,1,1317.39538574,1969-10-27,1969-11-02
None,Eskisehirspor,TUR,1,1322.50927734,1969-11-03,1969-11-09
None,Eskisehirspor,TUR,1,1335.70202637,1969-11-10,1969-11-12
None,Eskisehirspor,TUR,1,1354.35424805,1969-11-13,1969-11-23
None,Eskisehirspor,TUR,1,1358.91540527,1969-11-24,1969-11-26
None,Eskisehirspor,TUR,1,1382.05322266,1969-11-27,1969-11-29
None,Eskisehirspor,TUR,1,1381.84423828,1969-11-30,1969-12-06
None,Eskisehirspor,TUR,1,1374.06921387,1969-12-07,1969-12-14
None,Eskisehirspor,TUR,1,1380.33605957,1969-12-15,1969-12-21
None,Eskisehirspor,TUR,1,1371.14855957,1969-12-22,1969-12-28
None,Eskisehirspor,TUR,1,1380.10437012,1969-12-29,1970-01-03
None,Eskisehirspor,TUR,1,1382.69470215,1970-01-04,1970-01-11
None,Eskisehirspor,TUR,1,1389.09313965,1970-01-12,1970-02-22
None,Eskisehirspor,TUR,1,1394.16235352,1970-02-23,1970-03-01
None,Eskisehirspor,TUR,1,1380.36352539,1970-03-02,1970-03-04
None,Eskisehirspor,TUR,1,1377.97631836,1970-03-05,1970-03-08
None,Eskisehirspor,TUR,1,1373.97680664,1970-03-09,1970-03-15
None,Eskisehirspor,TUR,1,1365.14025879,1970-03-16,1970-03-18
None,Eskisehirspor,TUR,1,1362.51977539,1970-03-19,1970-03-22
None,Eskisehirspor,TUR,1,1370.47705078,1970-03-23,1970-03-28
None,Eskisehirspor,TUR,1,1370.09338379,1970-03-29,1970-04-05
None,Eskisehirspor,TUR,1,1374.44616699,1970-04-06,1970-04-11
None,Eskisehirspor,TUR,1,1374.44311523,1970-04-12,1970-04-19
None,Eskisehirspor,TUR,1,1368.2331543,1970-04-20,1970-04-26
None,Eskisehirspor,TUR,1,1375.2130127,1970-04-27,1970-05-03
None,Eskisehirspor,TUR,1,1380.91442871,1970-05-04,1970-05-10
None,Eskisehirspor,TUR,1,1374.83984375,1970-05-11,1970-05-16
None,Eskisehirspor,TUR,1,1378.0534668,1970-05-17,1970-05-24
None,Eskisehirspor,TUR,1,1384.08483887,1970-05-25,1970-05-30
None,Eskisehirspor,TUR,1,1387.28027344,1970-05-31,1970-09-16
None,Eskisehirspor,TUR,1,1378.97265625,1970-09-17,1970-09-20
None,Eskisehirspor,TUR,1,1367.43530273,1970-09-21,1970-09-23
None,Eskisehirspor,TUR,1,1367.4263916,1970-09-24,1970-09-27
None,Eskisehirspor,TUR,1,1363.23046875,1970-09-28,1970-09-30
None,Eskisehirspor,TUR,1,1363.50061035,1970-10-01,1970-10-04
None,Eskisehirspor,TUR,1,1365.17907715,1970-10-05,1970-10-11
None,Eskisehirspor,TUR,1,1368.73449707,1970-10-12,1970-10-21
None,Eskisehirspor,TUR,1,1366.04907227,1970-10-22,1970-10-24
None,Eskisehirspor,TUR,1,1356.90710449,1970-10-25,1970-11-01
None,Eskisehirspor,TUR,1,1359.98706055,1970-11-02,1970-11-04
None,Eskisehirspor,TUR,1,1358.55480957,1970-11-05,1970-11-08
None,Eskisehirspor,TUR,1,1363.65490723,1970-11-09,1970-11-14
None,Eskisehirspor,TUR,1,1362.66381836,1970-11-15,1970-11-21
None,Eskisehirspor,TUR,1,1366.24951172,1970-11-22,1970-11-29
None,Eskisehirspor,TUR,1,1370.80712891,1970-11-30,1970-12-05
None,Eskisehirspor,TUR,1,1371.6661377,1970-12-06,1970-12-20
None,Eskisehirspor,TUR,1,1369.49316406,1970-12-21,1970-12-27
None,Eskisehirspor,TUR,1,1374.43212891,1970-12-28,1971-01-03
None,Eskisehirspor,TUR,1,1385.72692871,1971-01-04,1971-01-09
None,Eskisehirspor,TUR,1,1384.56640625,1971-01-10,1971-02-14
None,Eskisehirspor,TUR,1,1378.61242676,1971-02-15,1971-02-21
None,Eskisehirspor,TUR,1,1380.44909668,1971-02-22,1971-02-28
None,Eskisehirspor,TUR,1,1385.89477539,1971-03-01,1971-03-07
None,Eskisehirspor,TUR,1,1376.15686035,1971-03-08,1971-03-14
None,Eskisehirspor,TUR,1,1369.52709961,1971-03-15,1971-03-21
None,Eskisehirspor,TUR,1,1367.21813965,1971-03-22,1971-03-27
None,Eskisehirspor,TUR,1,1360.5760498,1971-03-28,1971-04-04
None,Eskisehirspor,TUR,1,1363.14587402,1971-04-05,1971-04-11
None,Eskisehirspor,TUR,1,1353.0871582,1971-04-12,1971-05-01
None,Eskisehirspor,TUR,1,1356.23742676,1971-05-02,1971-05-09
None,Eskisehirspor,TUR,1,1360.75878906,1971-05-10,1971-05-16
None,Eskisehirspor,TUR,1,1365.52734375,1971-05-17,1971-05-23
None,Eskisehirspor,TUR,1,1357.9432373,1971-05-24,1971-05-30
None,Eskisehirspor,TUR,1,1352.9095459,1971-05-31,1971-06-06
None,Eskisehirspor,TUR,1,1356.3145752,1971-06-07,1971-08-22
None,Eskisehirspor,TUR,1,1361.08300781,1971-08-23,1971-08-29
None,Eskisehirspor,TUR,1,1365.65600586,1971-08-30,1971-09-05
None,Eskisehirspor,TUR,1,1375.01806641,1971-09-06,1971-09-14
None,Eskisehirspor,TUR,1,1373.23742676,1971-09-15,1971-09-15
None,Eskisehirspor,TUR,1,1369.9342041,1971-09-16,1971-09-29
None,Eskisehirspor,TUR,1,1368.05883789,1971-09-30,1971-10-03
None,Eskisehirspor,TUR,1,1370.79650879,1971-10-04,1971-10-10
None,Eskisehirspor,TUR,1,1358.12988281,1971-10-11,1971-10-20
None,Eskisehirspor,TUR,1,1353.01538086,1971-10-21,1971-10-24
None,Eskisehirspor,TUR,1,1353.75683594,1971-10-25,1971-11-03
None,Eskisehirspor,TUR,1,1353.22790527,1971-11-04,1971-11-07
None,Eskisehirspor,TUR,1,1355.54870605,1971-11-08,1971-11-20
None,Eskisehirspor,TUR,1,1356.68395996,1971-11-21,1971-11-28
None,Eskisehirspor,TUR,1,1347.79162598,1971-11-29,1971-12-12
None,Eskisehirspor,TUR,1,1354.92321777,1971-12-13,1971-12-19
None,Eskisehirspor,TUR,1,1361.85864258,1971-12-20,1971-12-26
None,Eskisehirspor,TUR,1,1359.85424805,1971-12-27,1972-01-02
None,Eskisehirspor,TUR,1,1351.50476074,1972-01-03,1972-01-09
None,Eskisehirspor,TUR,1,1346.74487305,1972-01-10,1972-01-16
None,Eskisehirspor,TUR,1,1346.18151855,1972-01-17,1972-02-20
None,Eskisehirspor,TUR,1,1344.57666016,1972-02-21,1972-02-27
None,Eskisehirspor,TUR,1,1351.38330078,1972-02-28,1972-03-05
None,Eskisehirspor,TUR,1,1345.08618164,1972-03-06,1972-03-12
None,Eskisehirspor,TUR,1,1350.81811523,1972-03-13,1972-03-18
None,Eskisehirspor,TUR,1,1362.24133301,1972-03-19,1972-03-26
None,Eskisehirspor,TUR,1,1367.93395996,1972-03-27,1972-04-02
None,Eskisehirspor,TUR,1,1372.36071777,1972-04-03,1972-04-09
None,Eskisehirspor,TUR,1,1370.94592285,1972-04-10,1972-04-16
None,Eskisehirspor,TUR,1,1356.71557617,1972-04-17,1972-04-23
None,Eskisehirspor,TUR,1,1362.07507324,1972-04-24,1972-04-30
None,Eskisehirspor,TUR,1,1377.66516113,1972-05-01,1972-05-06
None,Eskisehirspor,TUR,1,1368.35534668,1972-05-07,1972-05-14
None,Eskisehirspor,TUR,1,1373.65771484,1972-05-15,1972-05-21
None,Eskisehirspor,TUR,1,1380.125,1972-05-22,1972-05-28
None,Eskisehirspor,TUR,1,1381.15319824,1972-05-29,1972-09-10
None,Eskisehirspor,TUR,1,1373.84802246,1972-09-11,1972-09-13
None,Eskisehirspor,TUR,1,1364.34667969,1972-09-14,1972-09-14
None,Eskisehirspor,TUR,1,1362.0480957,1972-09-15,1972-09-17
None,Eskisehirspor,TUR,1,1365.21057129,1972-09-18,1972-09-24
None,Eskisehirspor,TUR,1,1367.3458252,1972-09-25,1972-09-27
None,Eskisehirspor,TUR,1,1365.60449219,1972-09-28,1972-10-01
None,Eskisehirspor,TUR,1,1363.70532227,1972-10-02,1972-10-08
None,Eskisehirspor,TUR,1,1369.2142334,1972-10-09,1972-10-15
None,Eskisehirspor,TUR,1,1371.24182129,1972-10-16,1972-10-29
None,Eskisehirspor,TUR,1,1372.92382812,1972-10-30,1972-11-05
None,Eskisehirspor,TUR,1,1379.75036621,1972-11-06,1972-11-12
None,Eskisehirspor,TUR,1,1382.48083496,1972-11-13,1972-11-19
None,Eskisehirspor,TUR,1,1385.75463867,1972-11-20,1972-11-25
None,Eskisehirspor,TUR,1,1379.30664062,1972-11-26,1972-12-03
None,Eskisehirspor,TUR,1,1373.10522461,1972-12-04,1972-12-17
None,Eskisehirspor,TUR,1,1372.3449707,1972-12-18,1972-12-24
None,Eskisehirspor,TUR,1,1367.12841797,1972-12-25,1972-12-31
None,Eskisehirspor,TUR,1,1365.83874512,1973-01-01,1973-02-04
None,Eskisehirspor,TUR,1,1352.39746094,1973-02-05,1973-02-11
None,Eskisehirspor,TUR,1,1361.08972168,1973-02-12,1973-02-18
None,Eskisehirspor,TUR,1,1355.17321777,1973-02-19,1973-03-04
None,Eskisehirspor,TUR,1,1356.97033691,1973-03-05,1973-03-10
None,Eskisehirspor,TUR,1,1352.88037109,1973-03-11,1973-03-18
None,Eskisehirspor,TUR,1,1360.53540039,1973-03-19,1973-03-25
None,Eskisehirspor,TUR,1,1364.21081543,1973-03-26,1973-04-01
None,Eskisehirspor,TUR,1,1366.73339844,1973-04-02,1973-04-08
None,Eskisehirspor,TUR,1,1358.64477539,1973-04-09,1973-04-15
None,Eskisehirspor,TUR,1,1356.05151367,1973-04-16,1973-04-22
None,Eskisehirspor,TUR,1,1366.87817383,1973-04-23,1973-04-29
None,Eskisehirspor,TUR,1,1367.88378906,1973-04-30,1973-05-12
None,Eskisehirspor,TUR,1,1360.79187012,1973-05-13,1973-05-19
None,Eskisehirspor,TUR,1,1362.48620605,1973-05-20,1973-05-27
None,Eskisehirspor,TUR,1,1347.13476562,1973-05-28,1973-09-09
None,Eskisehirspor,TUR,1,1340.39135742,1973-09-10,1973-09-16
None,Eskisehirspor,TUR,1,1343.05407715,1973-09-17,1973-09-19
None,Eskisehirspor,TUR,1,1370.92822266,1973-09-20,1973-09-20
None,Eskisehirspor,TUR,1,1369.92138672,1973-09-21,1973-09-23
None,Eskisehirspor,TUR,1,1369.46435547,1973-09-24,1973-09-30
None,Eskisehirspor,TUR,1,1363.49584961,1973-10-01,1973-10-03
None,Eskisehirspor,TUR,1,1357.09106445,1973-10-04,1973-10-07
None,Eskisehirspor,TUR,1,1368.3770752,1973-10-08,1973-10-21
None,Eskisehirspor,TUR,1,1362.4440918,1973-10-22,1973-10-24
None,Eskisehirspor,TUR,1,1350.2791748,1973-10-25,1973-10-28
None,Eskisehirspor,TUR,1,1341.76037598,1973-10-29,1973-11-04
None,Eskisehirspor,TUR,1,1334.49243164,1973-11-05,1973-11-07
None,Eskisehirspor,TUR,1,1336.8125,1973-11-08,1973-11-11
None,Eskisehirspor,TUR,1,1340.7154541,1973-11-12,1973-11-25
None,Eskisehirspor,TUR,1,1347.73046875,1973-11-26,1973-12-02
None,Eskisehirspor,TUR,1,1359.44140625,1973-12-03,1973-12-16
None,Eskisehirspor,TUR,1,1362.00610352,1973-12-17,1973-12-23
None,Eskisehirspor,TUR,1,1361.9342041,1973-12-24,1973-12-30
None,Eskisehirspor,TUR,1,1357.02038574,1973-12-31,1974-01-06
None,Eskisehirspor,TUR,1,1352.15869141,1974-01-07,1974-02-10
None,Eskisehirspor,TUR,1,1355.76843262,1974-02-11,1974-02-17
None,Eskisehirspor,TUR,1,1355.2076416,1974-02-18,1974-02-24
None,Eskisehirspor,TUR,1,1348.18530273,1974-02-25,1974-03-03
None,Eskisehirspor,TUR,1,1351.57287598,1974-03-04,1974-03-09
None,Eskisehirspor,TUR,1,1346.13977051,1974-03-10,1974-03-17
None,Eskisehirspor,TUR,1,1340.94091797,1974-03-18,1974-03-24
None,Eskisehirspor,TUR,1,1343.73596191,1974-03-25,1974-03-31
None,Eskisehirspor,TUR,1,1347.82263184,1974-04-01,1974-04-07
None,Eskisehirspor,TUR,1,1349.10107422,1974-04-08,1974-04-14
None,Eskisehirspor,TUR,1,1358.95678711,1974-04-15,1974-04-21
None,Eskisehirspor,TUR,1,1361.62084961,1974-04-22,1974-04-28
None,Eskisehirspor,TUR,1,1353.69909668,1974-04-29,1974-05-12
None,Eskisehirspor,TUR,1,1356.38232422,1974-05-13,1974-05-18
None,Eskisehirspor,TUR,1,1359.98388672,1974-05-19,1974-05-26
None,Eskisehirspor,TUR,1,1367.25219727,1974-05-27,1974-09-08
None,Eskisehirspor,TUR,1,1367.93457031,1974-09-09,1974-09-15
None,Eskisehirspor,TUR,1,1365.04003906,1974-09-16,1974-09-18
None,Eskisehirspor,TUR,1,1378.36047363,1974-09-19,1974-09-22
None,Eskisehirspor,TUR,1,1370.04211426,1974-09-23,1974-10-02
None,Eskisehirspor,TUR,1,1358.17773438,1974-10-03,1974-10-06
None,Eskisehirspor,TUR,1,1347.70068359,1974-10-07,1974-10-13
None,Eskisehirspor,TUR,1,1335.9251709,1974-10-14,1974-10-20
None,Eskisehirspor,TUR,1,1337.74597168,1974-10-21,1974-10-23
None,Eskisehirspor,TUR,1,1344.93408203,1974-10-24,1974-10-27
None,Eskisehirspor,TUR,1,1344.43225098,1974-10-28,1974-11-03
None,Eskisehirspor,TUR,1,1347.80993652,1974-11-04,1974-11-06
None,Eskisehirspor,TUR,1,1352.91210938,1974-11-07,1974-11-24
None,Eskisehirspor,TUR,1,1345.19421387,1974-11-25,1974-12-08
None,Eskisehirspor,TUR,1,1349.0970459,1974-12-09,1974-12-15
None,Eskisehirspor,TUR,1,1352.45446777,1974-12-16,1974-12-22
None,Eskisehirspor,TUR,1,1365.09484863,1974-12-23,1974-12-29
None,Eskisehirspor,TUR,1,1359.5020752,1974-12-30,1975-01-05
None,Eskisehirspor,TUR,1,1365.37109375,1975-01-06,1975-01-12
None,Eskisehirspor,TUR,1,1359.94482422,1975-01-13,1975-02-02
None,Eskisehirspor,TUR,1,1362.703125,1975-02-03,1975-02-10
None,Eskisehirspor,TUR,1,1368.54797363,1975-02-11,1975-02-16
None,Eskisehirspor,TUR,1,1371.10913086,1975-02-17,1975-02-23
None,Eskisehirspor,TUR,1,1364.21118164,1975-02-24,1975-03-02
None,Eskisehirspor,TUR,1,1368.03674316,1975-03-03,1975-03-05
None,Eskisehirspor,TUR,1,1367.44055176,1975-03-06,1975-03-08
None,Eskisehirspor,TUR,1,1362.11425781,1975-03-09,1975-03-16
None,Eskisehirspor,TUR,1,1365.80603027,1975-03-17,1975-03-19
None,Eskisehirspor,TUR,1,1365.55224609,1975-03-20,1975-03-23
None,Eskisehirspor,TUR,1,1359.14880371,1975-03-24,1975-04-13
None,Eskisehirspor,TUR,1,1358.58483887,1975-04-14,1975-04-20
None,Eskisehirspor,TUR,1,1364.47741699,1975-04-21,1975-05-04
None,Eskisehirspor,TUR,1,1365.88037109,1975-05-05,1975-05-11
None,Eskisehirspor,TUR,1,1364.79553223,1975-05-12,1975-05-18
None,Eskisehirspor,TUR,1,1368.70373535,1975-05-19,1975-05-25
None,Eskisehirspor,TUR,1,1377.71105957,1975-05-26,1975-06-01
None,Eskisehirspor,TUR,1,1376.16894531,1975-06-02,1975-09-07
None,Eskisehirspor,TUR,1,1371.19311523,1975-09-08,1975-09-14
None,Eskisehirspor,TUR,1,1382.04711914,1975-09-15,1975-09-17
None,Eskisehirspor,TUR,1,1374.55871582,1975-09-18,1975-09-18
None,Eskisehirspor,TUR,1,1363.9342041,1975-09-19,1975-09-21
None,Eskisehirspor,TUR,1,1356.75622559,1975-09-22,1975-09-28
None,Eskisehirspor,TUR,1,1349.28820801,1975-09-29,1975-10-01
None,Eskisehirspor,TUR,1,1353.2902832,1975-10-02,1975-10-05
None,Eskisehirspor,TUR,1,1342.89465332,1975-10-06,1975-10-19
None,Eskisehirspor,TUR,1,1334.14123535,1975-10-20,1975-10-22
None,Eskisehirspor,TUR,1,1332.23754883,1975-10-23,1975-11-02
None,Eskisehirspor,TUR,1,1322.74084473,1975-11-03,1975-11-05
None,Eskisehirspor,TUR,1,1322.40380859,1975-11-06,1975-11-09
None,Eskisehirspor,TUR,1,1316.68994141,1975-11-10,1975-11-16
None,Eskisehirspor,TUR,1,1305.43371582,1975-11-17,1975-11-30
None,Eskisehirspor,TUR,1,1303.1763916,1975-12-01,1975-12-07
None,Eskisehirspor,TUR,1,1310.94873047,1975-12-08,1975-12-14
None,Eskisehirspor,TUR,1,1311.65930176,1975-12-15,1975-12-28
None,Eskisehirspor,TUR,1,1308.14855957,1975-12-29,1976-01-04
None,Eskisehirspor,TUR,1,1317.79187012,1976-01-05,1976-01-11
None,Eskisehirspor,TUR,1,1313.86401367,1976-01-12,1976-02-15
None,Eskisehirspor,TUR,1,1309.10473633,1976-02-16,1976-02-22
None,Eskisehirspor,TUR,1,1304.82421875,1976-02-23,1976-02-29
None,Eskisehirspor,TUR,1,1296.85974121,1976-03-01,1976-03-07
None,Eskisehirspor,TUR,1,1302.1348877,1976-03-08,1976-03-14
None,Eskisehirspor,TUR,1,1297.05358887,1976-03-15,1976-03-21
None,Eskisehirspor,TUR,1,1294.66479492,1976-03-22,1976-03-28
None,Eskisehirspor,TUR,1,1299.72595215,1976-03-29,1976-04-04
None,Eskisehirspor,TUR,1,1293.30883789,1976-04-05,1976-04-11
None,Eskisehirspor,TUR,1,1299.96020508,1976-04-12,1976-04-17
None,Eskisehirspor,TUR,1,1306.12841797,1976-04-18,1976-04-25
None,Eskisehirspor,TUR,1,1299.24462891,1976-04-26,1976-05-09
None,Eskisehirspor,TUR,1,1305.19519043,1976-05-10,1976-05-16
None,Eskisehirspor,TUR,1,1299.67407227,1976-05-17,1976-05-23
None,Eskisehirspor,TUR,1,1303.62597656,1976-05-24,1976-05-30
None,Eskisehirspor,TUR,1,1306.33398438,1976-05-31,1976-09-05
None,Eskisehirspor,TUR,1,1318.95117188,1976-09-06,1976-09-12
None,Eskisehirspor,TUR,1,1326.53588867,1976-09-13,1976-09-15
None,Eskisehirspor,TUR,1,1326.35473633,1976-09-16,1976-09-26
None,Eskisehirspor,TUR,1,1328.1385498,1976-09-27,1976-09-29
None,Eskisehirspor,TUR,1,1321.97436523,1976-09-30,1976-10-03
None,Eskisehirspor,TUR,1,1325.46179199,1976-10-04,1976-10-10
None,Eskisehirspor,TUR,1,1329.67736816,1976-10-11,1976-10-17
None,Eskisehirspor,TUR,1,1322.76000977,1976-10-18,1976-10-20
None,Eskisehirspor,TUR,1,1322.82702637,1976-10-21,1976-10-24
None,Eskisehirspor,TUR,1,1316.89660645,1976-10-25,1976-11-03
None,Eskisehirspor,TUR,1,1314.41113281,1976-11-04,1976-11-07
None,Eskisehirspor,TUR,1,1317.0994873,1976-11-08,1976-11-21
None,Eskisehirspor,TUR,1,1311.27368164,1976-11-22,1976-11-27
None,Eskisehirspor,TUR,1,1306.02893066,1976-11-28,1976-12-05
None,Eskisehirspor,TUR,1,1313.44616699,1976-12-06,1976-12-19
None,Eskisehirspor,TUR,1,1316.19726562,1976-12-20,1976-12-26
None,Eskisehirspor,TUR,1,1320.96972656,1976-12-27,1977-01-02
None,Eskisehirspor,TUR,1,1330.80175781,1977-01-03,1977-01-23
None,Eskisehirspor,TUR,1,1335.37036133,1977-01-24,1977-02-13
None,Eskisehirspor,TUR,1,1321.06958008,1977-02-14,1977-02-20
None,Eskisehirspor,TUR,1,1326.50695801,1977-02-21,1977-02-27
None,Eskisehirspor,TUR,1,1312.79406738,1977-02-28,1977-03-06
None,Eskisehirspor,TUR,1,1314.62133789,1977-03-07,1977-03-13
None,Eskisehirspor,TUR,1,1315.81604004,1977-03-14,1977-03-20
None,Eskisehirspor,TUR,1,1310.11791992,1977-03-21,1977-03-27
None,Eskisehirspor,TUR,1,1305.20336914,1977-03-28,1977-04-03
None,Eskisehirspor,TUR,1,1298.32507324,1977-04-04,1977-04-24
None,Eskisehirspor,TUR,1,1300.2947998,1977-04-25,1977-05-01
None,Eskisehirspor,TUR,1,1289.4934082,1977-05-02,1977-05-08
None,Eskisehirspor,TUR,1,1285.32434082,1977-05-09,1977-05-15
None,Eskisehirspor,TUR,1,1279.53527832,1977-05-16,1977-05-22
None,Eskisehirspor,TUR,1,1276.72399902,1977-05-23,1977-05-28
None,Eskisehirspor,TUR,1,1272.21411133,1977-05-29,1977-06-03
None,Eskisehirspor,TUR,1,1275.19567871,1977-06-04,1977-08-28
None,Eskisehirspor,TUR,1,1268.9576416,1977-08-29,1977-09-04
None,Eskisehirspor,TUR,1,1267.27197266,1977-09-05,1977-09-10
None,Eskisehirspor,TUR,1,1273.19921875,1977-09-11,1977-09-13
None,Eskisehirspor,TUR,1,1281.68811035,1977-09-14,1977-09-14
None,Eskisehirspor,TUR,1,1279.70715332,1977-09-15,1977-09-25
None,Eskisehirspor,TUR,1,1283.04418945,1977-09-26,1977-09-28
None,Eskisehirspor,TUR,1,1256.5769043,1977-09-29,1977-10-02
None,Eskisehirspor,TUR,1,1261.17932129,1977-10-03,1977-10-09
None,Eskisehirspor,TUR,1,1254.59106445,1977-10-10,1977-10-16
None,Eskisehirspor,TUR,1,1261.72277832,1977-10-17,1977-11-06
None,Eskisehirspor,TUR,1,1253.85009766,1977-11-07,1977-11-20
None,Eskisehirspor,TUR,1,1260.5715332,1977-11-21,1977-12-04
None,Eskisehirspor,TUR,1,1264.06225586,1977-12-05,1977-12-10
None,Eskisehirspor,TUR,1,1267.72143555,1977-12-11,1977-12-18
None,Eskisehirspor,TUR,1,1253.91003418,1977-12-19,1977-12-24
None,Eskisehirspor,TUR,1,1251.00805664,1977-12-25,1978-01-01
None,Eskisehirspor,TUR,1,1256.20715332,1978-01-02,1978-01-08
None,Eskisehirspor,TUR,1,1258.30407715,1978-01-09,1978-02-19
None,Eskisehirspor,TUR,1,1253.32092285,1978-02-20,1978-02-26
None,Eskisehirspor,TUR,1,1250.0748291,1978-02-27,1978-03-05
None,Eskisehirspor,TUR,1,1245.86425781,1978-03-06,1978-03-12
None,Eskisehirspor,TUR,1,1241.71374512,1978-03-13,1978-03-18
None,Eskisehirspor,TUR,1,1237.64111328,1978-03-19,1978-03-26
None,Eskisehirspor,TUR,1,1232.86401367,1978-03-27,1978-04-02
None,Eskisehirspor,TUR,1,1237.52844238,1978-04-03,1978-04-09
None,Eskisehirspor,TUR,1,1232.05273438,1978-04-10,1978-04-16
None,Eskisehirspor,TUR,1,1227.09606934,1978-04-17,1978-04-23
None,Eskisehirspor,TUR,1,1221.71032715,1978-04-24,1978-04-30
None,Eskisehirspor,TUR,1,1218.08581543,1978-05-01,1978-05-07
None,Eskisehirspor,TUR,1,1225.29248047,1978-05-08,1978-05-14
None,Eskisehirspor,TUR,1,1226.46313477,1978-05-15,1978-05-21
None,Eskisehirspor,TUR,1,1220.55529785,1978-05-22,1978-05-28
None,Eskisehirspor,TUR,1,1215.32312012,1978-05-29,1978-08-27
None,Eskisehirspor,TUR,1,1220.52746582,1978-08-28,1978-09-03
None,Eskisehirspor,TUR,1,1226.10546875,1978-09-04,1978-09-10
None,Eskisehirspor,TUR,1,1226.86425781,1978-09-11,1978-09-13
None,Eskisehirspor,TUR,1,1226.17578125,1978-09-14,1978-09-17
None,Eskisehirspor,TUR,1,1231.4017334,1978-09-18,1978-09-27
None,Eskisehirspor,TUR,1,1229.5144043,1978-09-28,1978-10-01
None,Eskisehirspor,TUR,1,1224.16296387,1978-10-02,1978-10-08
None,Eskisehirspor,TUR,1,1218.35925293,1978-10-09,1978-10-15
None,Eskisehirspor,TUR,1,1217.55151367,1978-10-16,1978-10-22
None,Eskisehirspor,TUR,1,1222.30078125,1978-10-23,1978-10-29
None,Eskisehirspor,TUR,1,1219.02246094,1978-10-30,1978-11-05
None,Eskisehirspor,TUR,1,1226.04956055,1978-11-06,1978-11-12
None,Eskisehirspor,TUR,1,1220.44702148,1978-11-13,1978-11-19
None,Eskisehirspor,TUR,1,1225.18054199,1978-11-20,1978-12-03
None,Eskisehirspor,TUR,1,1228.85852051,1978-12-04,1978-12-10
None,Eskisehirspor,TUR,1,1231.92614746,1978-12-11,1978-12-17
None,Eskisehirspor,TUR,1,1229.87121582,1978-12-18,1979-02-11
None,Eskisehirspor,TUR,1,1224.57641602,1979-02-12,1979-02-18
None,Eskisehirspor,TUR,1,1232.30834961,1979-02-19,1979-02-25
None,Eskisehirspor,TUR,1,1228.81176758,1979-02-26,1979-03-04
None,Eskisehirspor,TUR,1,1235.95263672,1979-03-05,1979-03-11
None,Eskisehirspor,TUR,1,1229.77893066,1979-03-12,1979-03-25
None,Eskisehirspor,TUR,1,1233.40405273,1979-03-26,1979-04-08
None,Eskisehirspor,TUR,1,1228.84985352,1979-04-09,1979-04-15
None,Eskisehirspor,TUR,1,1233.28222656,1979-04-16,1979-04-22
None,Eskisehirspor,TUR,1,1238.36083984,1979-04-23,1979-04-29
None,Eskisehirspor,TUR,1,1243.25366211,1979-04-30,1979-05-06
None,Eskisehirspor,TUR,1,1249.63305664,1979-05-07,1979-05-13
None,Eskisehirspor,TUR,1,1244.88342285,1979-05-14,1979-05-20
None,Eskisehirspor,TUR,1,1239.22241211,1979-05-21,1979-05-27
None,Eskisehirspor,TUR,1,1231.73754883,1979-05-28,1979-06-03
None,Eskisehirspor,TUR,1,1243.12158203,1979-06-04,1979-08-26
None,Eskisehirspor,TUR,1,1246.1973877,1979-08-27,1979-09-02
None,Eskisehirspor,TUR,1,1240.74536133,1979-09-03,1979-09-09
None,Eskisehirspor,TUR,1,1244.02319336,1979-09-10,1979-09-16
None,Eskisehirspor,TUR,1,1248.16699219,1979-09-17,1979-09-19
None,Eskisehirspor,TUR,1,1254.60412598,1979-09-20,1979-09-23
None,Eskisehirspor,TUR,1,1258.68054199,1979-09-24,1979-10-03
None,Eskisehirspor,TUR,1,1245.85192871,1979-10-04,1979-10-07
None,Eskisehirspor,TUR,1,1240.91223145,1979-10-08,1979-10-13
None,Eskisehirspor,TUR,1,1238.89855957,1979-10-14,1979-10-21
None,Eskisehirspor,TUR,1,1234.2824707,1979-10-22,1979-11-04
None,Eskisehirspor,TUR,1,1238.77783203,1979-11-05,1979-11-11
None,Eskisehirspor,TUR,1,1234.95776367,1979-11-12,1979-11-25
None,Eskisehirspor,TUR,1,1235.00268555,1979-11-26,1979-12-02
None,Eskisehirspor,TUR,1,1231.96972656,1979-12-03,1979-12-09
None,Eskisehirspor,TUR,1,1236.03344727,1979-12-10,1979-12-30
None,Eskisehirspor,TUR,1,1238.44470215,1979-12-31,1980-01-06
None,Eskisehirspor,TUR,1,1242.33068848,1980-01-07,1980-02-10
None,Eskisehirspor,TUR,1,1236.96386719,1980-02-11,1980-02-17
None,Eskisehirspor,TUR,1,1242.05151367,1980-02-18,1980-02-24
None,Eskisehirspor,TUR,1,1244.97705078,1980-02-25,1980-03-02
None,Eskisehirspor,TUR,1,1249.56518555,1980-03-03,1980-03-09
None,Eskisehirspor,TUR,1,1245.67700195,1980-03-10,1980-03-16
None,Eskisehirspor,TUR,1,1258.2578125,1980-03-17,1980-03-23
None,Eskisehirspor,TUR,1,1266.00427246,1980-03-24,1980-03-29
None,Eskisehirspor,TUR,1,1262.10559082,1980-03-30,1980-04-06
None,Eskisehirspor,TUR,1,1256.68994141,1980-04-07,1980-04-12
None,Eskisehirspor,TUR,1,1260.69042969,1980-04-13,1980-04-27
None,Eskisehirspor,TUR,1,1255.09716797,1980-04-28,1980-05-04
None,Eskisehirspor,TUR,1,1252.52282715,1980-05-05,1980-05-11
None,Eskisehirspor,TUR,1,1250.40979004,1980-05-12,1980-05-19
None,Eskisehirspor,TUR,1,1242.11047363,1980-05-20,1980-05-25
None,Eskisehirspor,TUR,1,1245.29724121,1980-05-26,1980-08-20
None,Eskisehirspor,TUR,1,1245.57214355,1980-08-21,1980-08-24
None,Eskisehirspor,TUR,1,1239.7479248,1980-08-25,1980-08-31
None,Eskisehirspor,TUR,1,1243.86315918,1980-09-01,1980-09-03
None,Eskisehirspor,TUR,1,1242.32226562,1980-09-04,1980-09-07
None,Eskisehirspor,TUR,1,1238.63989258,1980-09-08,1980-09-17
None,Eskisehirspor,TUR,1,1234.20605469,1980-09-18,1980-09-27
None,Eskisehirspor,TUR,1,1229.82495117,1980-09-28,1980-10-01
None,Eskisehirspor,TUR,1,1219.45739746,1980-10-02,1980-10-19
None,Eskisehirspor,TUR,1,1205.07531738,1980-10-20,1980-10-26
None,Eskisehirspor,TUR,1,1203.0078125,1980-10-27,1980-11-02
None,Eskisehirspor,TUR,1,1193.44042969,1980-11-03,1980-11-09
None,Eskisehirspor,TUR,1,1196.90966797,1980-11-10,1980-11-16
None,Eskisehirspor,TUR,1,1203.14880371,1980-11-17,1980-11-23
None,Eskisehirspor,TUR,1,1207.62060547,1980-11-24,1980-12-07
None,Eskisehirspor,TUR,1,1203.85754395,1980-12-08,1980-12-14
None,Eskisehirspor,TUR,1,1208.31738281,1980-12-15,1980-12-21
None,Eskisehirspor,TUR,1,1203.32922363,1980-12-22,1980-12-28
None,Eskisehirspor,TUR,1,1206.92932129,1980-12-29,1981-01-03
None,Eskisehirspor,TUR,1,1219.57714844,1981-01-04,1981-02-01
None,Eskisehirspor,TUR,1,1225.62365723,1981-02-02,1981-02-08
None,Eskisehirspor,TUR,1,1217.81970215,1981-02-09,1981-02-16
None,Eskisehirspor,TUR,1,1214.27148438,1981-02-17,1981-02-22
None,Eskisehirspor,TUR,1,1217.94458008,1981-02-23,1981-03-01
None,Eskisehirspor,TUR,1,1222.37072754,1981-03-02,1981-03-08
None,Eskisehirspor,TUR,1,1217.44311523,1981-03-09,1981-03-15
None,Eskisehirspor,TUR,1,1221.01940918,1981-03-16,1981-03-29
None,Eskisehirspor,TUR,1,1220.10595703,1981-03-30,1981-04-04
None,Eskisehirspor,TUR,1,1217.09326172,1981-04-05,1981-04-19
None,Eskisehirspor,TUR,1,1220.60229492,1981-04-20,1981-04-26
None,Eskisehirspor,TUR,1,1224.43835449,1981-04-27,1981-05-03
None,Eskisehirspor,TUR,1,1219.59985352,1981-05-04,1981-05-10
None,Eskisehirspor,TUR,1,1223.7902832,1981-05-11,1981-05-17
None,Eskisehirspor,TUR,1,1239.38952637,1981-05-18,1981-05-24
None,Eskisehirspor,TUR,1,1243.94165039,1981-05-25,1981-09-05
None,Eskisehirspor,TUR,1,1224.58105469,1981-09-06,1981-09-13
None,Eskisehirspor,TUR,1,1219.95324707,1981-09-14,1981-09-16
None,Eskisehirspor,TUR,1,1217.51843262,1981-09-17,1981-09-19
None,Eskisehirspor,TUR,1,1221.0255127,1981-09-20,1981-09-27
None,Eskisehirspor,TUR,1,1209.72912598,1981-09-28,1981-09-30
None,Eskisehirspor,TUR,1,1207.46618652,1981-10-01,1981-10-11
None,Eskisehirspor,TUR,1,1187.62841797,1981-10-12,1981-10-18
None,Eskisehirspor,TUR,1,1181.69519043,1981-10-19,1981-10-24
None,Eskisehirspor,TUR,1,1178.81530762,1981-10-25,1981-11-01
None,Eskisehirspor,TUR,1,1182.140625,1981-11-02,1981-11-08
None,Eskisehirspor,TUR,1,1177.0579834,1981-11-09,1981-11-15
None,Eskisehirspor,TUR,1,1172.88232422,1981-11-16,1981-11-22
None,Eskisehirspor,TUR,1,1153.36071777,1981-11-23,1981-11-29
None,Eskisehirspor,TUR,1,1157.28295898,1981-11-30,1981-12-06
None,Eskisehirspor,TUR,1,1164.71069336,1981-12-07,1981-12-20
None,Eskisehirspor,TUR,1,1170.28161621,1981-12-21,1981-12-27
None,Eskisehirspor,TUR,1,1165.55322266,1981-12-28,1982-01-03
None,Eskisehirspor,TUR,1,1159.44116211,1982-01-04,1982-02-21
None,Eskisehirspor,TUR,1,1164.98364258,1982-02-22,1982-02-28
None,Eskisehirspor,TUR,1,1161.85131836,1982-03-01,1982-03-07
None,Eskisehirspor,TUR,1,1170.20812988,1982-03-08,1982-03-14
None,Eskisehirspor,TUR,1,1190.87145996,1982-03-15,1982-03-21
None,Eskisehirspor,TUR,1,1186.75830078,1982-03-22,1982-03-28
None,Eskisehirspor,TUR,1,1180.09460449,1982-03-29,1982-04-04
None,Eskisehirspor,TUR,1,1187.11730957,1982-04-05,1982-04-11
None,Eskisehirspor,TUR,1,1185.32421875,1982-04-12,1982-04-19
None,Eskisehirspor,TUR,1,1194.67883301,1982-04-20,1982-04-25
None,Eskisehirspor,TUR,1,1200.4453125,1982-04-26,1982-05-02
None,Eskisehirspor,TUR,1,1205.7833252,1982-05-03,1982-05-09
None,Eskisehirspor,TUR,1,1210.34326172,1982-05-10,1982-05-16
None,Eskisehirspor,TUR,1,1219.20275879,1982-05-17,1982-05-23
None,Eskisehirspor,TUR,1,1218.54016113,1982-05-24,1982-06-06
None,Eskisehirspor,TUR,1,1222.32495117,1982-06-07,1982-06-13
None,Eskisehirspor,TUR,1,1211.90759277,1982-06-14,1982-07-06
None,Eskisehirspor,TUR,1,1133.28125,1984-07-01,1984-08-26
None,Eskisehirspor,TUR,1,1138.0123291,1984-08-27,1984-09-02
None,Eskisehirspor,TUR,1,1151.31311035,1984-09-03,1984-09-09
None,Eskisehirspor,TUR,1,1164.58581543,1984-09-10,1984-09-16
None,Eskisehirspor,TUR,1,1175.82226562,1984-09-17,1984-09-18
None,Eskisehirspor,TUR,1,1173.74438477,1984-09-19,1984-09-19
None,Eskisehirspor,TUR,1,1176.23168945,1984-09-20,1984-09-23
None,Eskisehirspor,TUR,1,1176.37609863,1984-09-24,1984-09-30
None,Eskisehirspor,TUR,1,1169.2800293,1984-10-01,1984-10-03
None,Eskisehirspor,TUR,1,1160.90637207,1984-10-04,1984-10-07
None,Eskisehirspor,TUR,1,1163.80249023,1984-10-08,1984-10-14
None,Eskisehirspor,TUR,1,1159.01330566,1984-10-15,1984-10-21
None,Eskisehirspor,TUR,1,1144.39672852,1984-10-22,1984-11-04
None,Eskisehirspor,TUR,1,1148.28308105,1984-11-05,1984-11-18
None,Eskisehirspor,TUR,1,1152.29919434,1984-11-19,1984-11-25
None,Eskisehirspor,TUR,1,1145.11645508,1984-11-26,1984-12-01
None,Eskisehirspor,TUR,1,1141.07080078,1984-12-02,1984-12-09
None,Eskisehirspor,TUR,1,1146.46398926,1984-12-10,1984-12-16
None,Eskisehirspor,TUR,1,1150.88085938,1984-12-17,1984-12-23
None,Eskisehirspor,TUR,1,1153.14477539,1984-12-24,1984-12-30
None,Eskisehirspor,TUR,1,1157.50488281,1984-12-31,1985-01-20
None,Eskisehirspor,TUR,1,1149.5723877,1985-01-21,1985-01-27
None,Eskisehirspor,TUR,1,1144.91125488,1985-01-28,1985-02-02
None,Eskisehirspor,TUR,1,1141.29736328,1985-02-03,1985-02-10
None,Eskisehirspor,TUR,1,1147.45202637,1985-02-11,1985-02-16
None,Eskisehirspor,TUR,1,1145.60949707,1985-02-17,1985-03-03
None,Eskisehirspor,TUR,1,1155.51049805,1985-03-04,1985-03-10
None,Eskisehirspor,TUR,1,1161.42712402,1985-03-11,1985-03-17
None,Eskisehirspor,TUR,1,1155.73242188,1985-03-18,1985-03-24
None,Eskisehirspor,TUR,1,1151.90795898,1985-03-25,1985-04-07
None,Eskisehirspor,TUR,1,1147.98181152,1985-04-08,1985-04-14
None,Eskisehirspor,TUR,1,1141.08581543,1985-04-15,1985-04-21
None,Eskisehirspor,TUR,1,1147.9675293,1985-04-22,1985-05-05
None,Eskisehirspor,TUR,1,1141.50671387,1985-05-06,1985-05-12
None,Eskisehirspor,TUR,1,1146.52185059,1985-05-13,1985-05-19
None,Eskisehirspor,TUR,1,1135.47888184,1985-05-20,1985-05-25
None,Eskisehirspor,TUR,1,1142.68408203,1985-05-26,1985-06-02
None,Eskisehirspor,TUR,1,1139.56359863,1985-06-03,1985-09-01
None,Eskisehirspor,TUR,1,1148.94775391,1985-09-02,1985-09-08
None,Eskisehirspor,TUR,1,1143.10876465,1985-09-09,1985-09-15
None,Eskisehirspor,TUR,1,1147.66418457,1985-09-16,1985-09-18
None,Eskisehirspor,TUR,1,1168.73144531,1985-09-19,1985-09-22
None,Eskisehirspor,TUR,1,1172.10559082,1985-09-23,1985-09-29
None,Eskisehirspor,TUR,1,1180.8918457,1985-09-30,1985-10-02
None,Eskisehirspor,TUR,1,1198.47583008,1985-10-03,1985-10-06
None,Eskisehirspor,TUR,1,1216.73913574,1985-10-07,1985-10-13
None,Eskisehirspor,TUR,1,1220.85107422,1985-10-14,1985-10-19
None,Eskisehirspor,TUR,1,1219.07202148,1985-10-20,1985-10-23
None,Eskisehirspor,TUR,1,1211.11608887,1985-10-24,1985-10-27
None,Eskisehirspor,TUR,1,1199.33300781,1985-10-28,1985-11-03
None,Eskisehirspor,TUR,1,1210.25842285,1985-11-04,1985-11-05
None,Eskisehirspor,TUR,1,1209.57141113,1985-11-06,1985-11-07
None,Eskisehirspor,TUR,1,1209.79431152,1985-11-08,1985-11-09
None,Eskisehirspor,TUR,1,1208.46325684,1985-11-10,1985-11-17
None,Eskisehirspor,TUR,1,1218.42150879,1985-11-18,1985-12-01
None,Eskisehirspor,TUR,1,1223.96166992,1985-12-02,1985-12-08
None,Eskisehirspor,TUR,1,1219.29003906,1985-12-09,1985-12-15
None,Eskisehirspor,TUR,1,1206.88293457,1985-12-16,1985-12-21
None,Eskisehirspor,TUR,1,1204.87011719,1985-12-22,1985-12-29
None,Eskisehirspor,TUR,1,1210.25170898,1985-12-30,1986-01-05
None,Eskisehirspor,TUR,1,1222.82250977,1986-01-06,1986-01-26
None,Eskisehirspor,TUR,1,1214.41577148,1986-01-27,1986-02-02
None,Eskisehirspor,TUR,1,1211.11303711,1986-02-03,1986-02-09
None,Eskisehirspor,TUR,1,1206.93859863,1986-02-10,1986-02-16
None,Eskisehirspor,TUR,1,1202.47705078,1986-02-17,1986-02-23
None,Eskisehirspor,TUR,1,1195.04162598,1986-02-24,1986-03-02
None,Eskisehirspor,TUR,1,1202.15734863,1986-03-03,1986-03-09
None,Eskisehirspor,TUR,1,1197.60498047,1986-03-10,1986-03-16
None,Eskisehirspor,TUR,1,1209.75109863,1986-03-17,1986-03-23
None,Eskisehirspor,TUR,1,1205.02453613,1986-03-24,1986-03-30
None,Eskisehirspor,TUR,1,1208.45666504,1986-03-31,1986-04-06
None,Eskisehirspor,TUR,1,1206.35974121,1986-04-07,1986-04-13
None,Eskisehirspor,TUR,1,1209.87426758,1986-04-14,1986-04-27
None,Eskisehirspor,TUR,1,1198.76013184,1986-04-28,1986-05-04
None,Eskisehirspor,TUR,1,1197.53417969,1986-05-05,1986-05-11
None,Eskisehirspor,TUR,1,1192.52868652,1986-05-12,1986-05-18
None,Eskisehirspor,TUR,1,1184.2454834,1986-05-19,1986-05-25
None,Eskisehirspor,TUR,1,1176.36987305,1986-05-26,1986-06-01
None,Eskisehirspor,TUR,1,1166.66674805,1986-06-02,1986-08-24
None,Eskisehirspor,TUR,1,1162.06689453,1986-08-25,1986-08-31
None,Eskisehirspor,TUR,1,1163.10180664,1986-09-01,1986-09-07
None,Eskisehirspor,TUR,1,1174.40087891,1986-09-08,1986-09-14
None,Eskisehirspor,TUR,1,1171.43029785,1986-09-15,1986-09-17
None,Eskisehirspor,TUR,1,1171.2253418,1986-09-18,1986-09-21
None,Eskisehirspor,TUR,1,1163.90136719,1986-09-22,1986-09-28
None,Eskisehirspor,TUR,1,1164.66687012,1986-09-29,1986-10-01
None,Eskisehirspor,TUR,1,1166.52587891,1986-10-02,1986-10-05
None,Eskisehirspor,TUR,1,1170.50842285,1986-10-06,1986-10-12
None,Eskisehirspor,TUR,1,1178.20031738,1986-10-13,1986-10-18
None,Eskisehirspor,TUR,1,1191.80578613,1986-10-19,1986-10-25
None,Eskisehirspor,TUR,1,1190.18469238,1986-10-26,1986-11-01
None,Eskisehirspor,TUR,1,1198.11535645,1986-11-02,1986-11-08
None,Eskisehirspor,TUR,1,1187.13781738,1986-11-09,1986-11-16
None,Eskisehirspor,TUR,1,1182.13696289,1986-11-17,1986-11-23
None,Eskisehirspor,TUR,1,1190.60632324,1986-11-24,1986-11-30
None,Eskisehirspor,TUR,1,1184.40258789,1986-12-01,1986-12-14
None,Eskisehirspor,TUR,1,1195.26123047,1986-12-15,1986-12-21
None,Eskisehirspor,TUR,1,1209.2376709,1986-12-22,1986-12-28
None,Eskisehirspor,TUR,1,1211.06872559,1986-12-29,1987-01-25
None,Eskisehirspor,TUR,1,1207.12121582,1987-01-26,1987-02-01
None,Eskisehirspor,TUR,1,1202.1081543,1987-02-02,1987-02-08
None,Eskisehirspor,TUR,1,1198.28735352,1987-02-09,1987-02-15
None,Eskisehirspor,TUR,1,1202.66540527,1987-02-16,1987-02-22
None,Eskisehirspor,TUR,1,1197.75097656,1987-02-23,1987-03-01
None,Eskisehirspor,TUR,1,1211.88891602,1987-03-02,1987-03-04
None,Eskisehirspor,TUR,1,1209.49450684,1987-03-05,1987-03-15
None,Eskisehirspor,TUR,1,1204.46630859,1987-03-16,1987-03-18
None,Eskisehirspor,TUR,1,1204.33483887,1987-03-19,1987-03-22
None,Eskisehirspor,TUR,1,1198.61523438,1987-03-23,1987-03-29
None,Eskisehirspor,TUR,1,1195.61877441,1987-03-30,1987-04-05
None,Eskisehirspor,TUR,1,1191.27648926,1987-04-06,1987-04-12
None,Eskisehirspor,TUR,1,1186.21032715,1987-04-13,1987-04-19
None,Eskisehirspor,TUR,1,1190.41015625,1987-04-20,1987-04-25
None,Eskisehirspor,TUR,1,1195.01049805,1987-04-26,1987-05-03
None,Eskisehirspor,TUR,1,1189.23120117,1987-05-04,1987-05-10
None,Eskisehirspor,TUR,1,1196.44250488,1987-05-11,1987-05-24
None,Eskisehirspor,TUR,1,1191.54040527,1987-05-25,1987-05-31
None,Eskisehirspor,TUR,1,1196.48779297,1987-06-01,1987-06-07
None,Eskisehirspor,TUR,1,1194.87890625,1987-06-08,1987-08-16
None,Eskisehirspor,TUR,1,1189.15563965,1987-08-17,1987-08-30
None,Eskisehirspor,TUR,1,1193.2532959,1987-08-31,1987-09-13
None,Eskisehirspor,TUR,1,1201.89208984,1987-09-14,1987-09-16
None,Eskisehirspor,TUR,1,1200.34179688,1987-09-17,1987-09-20
None,Eskisehirspor,TUR,1,1226.52832031,1987-09-21,1987-09-26
None,Eskisehirspor,TUR,1,1220.5489502,1987-09-27,1987-09-30
None,Eskisehirspor,TUR,1,1217.92468262,1987-10-01,1987-10-04
None,Eskisehirspor,TUR,1,1221.89086914,1987-10-05,1987-10-10
None,Eskisehirspor,TUR,1,1232.84057617,1987-10-11,1987-10-18
None,Eskisehirspor,TUR,1,1227.01013184,1987-10-19,1987-10-25
None,Eskisehirspor,TUR,1,1222.9609375,1987-10-26,1987-11-01
None,Eskisehirspor,TUR,1,1208.12475586,1987-11-02,1987-11-08
None,Eskisehirspor,TUR,1,1220.65710449,1987-11-09,1987-11-15
None,Eskisehirspor,TUR,1,1215.29040527,1987-11-16,1987-11-22
None,Eskisehirspor,TUR,1,1216.26452637,1987-11-23,1987-11-28
None,Eskisehirspor,TUR,1,1220.62121582,1987-11-29,1987-12-06
None,Eskisehirspor,TUR,1,1212.72216797,1987-12-07,1987-12-12
None,Eskisehirspor,TUR,1,1214.25146484,1987-12-13,1987-12-20
None,Eskisehirspor,TUR,1,1201.8215332,1987-12-21,1987-12-27
None,Eskisehirspor,TUR,1,1204.19873047,1987-12-28,1988-01-03
None,Eskisehirspor,TUR,1,1201.35754395,1988-01-04,1988-01-24
None,Eskisehirspor,TUR,1,1209.00378418,1988-01-25,1988-01-31
None,Eskisehirspor,TUR,1,1205.39672852,1988-02-01,1988-02-07
None,Eskisehirspor,TUR,1,1211.08605957,1988-02-08,1988-02-14
None,Eskisehirspor,TUR,1,1216.83483887,1988-02-15,1988-02-21
None,Eskisehirspor,TUR,1,1214.99450684,1988-02-22,1988-02-28
None,Eskisehirspor,TUR,1,1216.38012695,1988-02-29,1988-03-06
None,Eskisehirspor,TUR,1,1212.34204102,1988-03-07,1988-03-13
None,Eskisehirspor,TUR,1,1214.28662109,1988-03-14,1988-03-20
None,Eskisehirspor,TUR,1,1205.44970703,1988-03-21,1988-03-27
None,Eskisehirspor,TUR,1,1201.09265137,1988-03-28,1988-04-03
None,Eskisehirspor,TUR,1,1210.71276855,1988-04-04,1988-04-10
None,Eskisehirspor,TUR,1,1199.50793457,1988-04-11,1988-04-17
None,Eskisehirspor,TUR,1,1204.140625,1988-04-18,1988-04-24
None,Eskisehirspor,TUR,1,1195.56066895,1988-04-25,1988-05-01
None,Eskisehirspor,TUR,1,1201.46948242,1988-05-02,1988-05-08
None,Eskisehirspor,TUR,1,1207.02954102,1988-05-09,1988-05-15
None,Eskisehirspor,TUR,1,1201.06555176,1988-05-16,1988-05-22
None,Eskisehirspor,TUR,1,1177.45751953,1988-05-23,1988-05-28
None,Eskisehirspor,TUR,1,1169.07910156,1988-05-29,1988-08-20
None,Eskisehirspor,TUR,1,1165.04321289,1988-08-21,1988-08-28
None,Eskisehirspor,TUR,1,1154.34558105,1988-08-29,1988-09-04
None,Eskisehirspor,TUR,1,1152.21936035,1988-09-05,1988-09-07
None,Eskisehirspor,TUR,1,1166.22583008,1988-09-08,1988-09-17
None,Eskisehirspor,TUR,1,1164.43994141,1988-09-18,1988-09-24
None,Eskisehirspor,TUR,1,1179.99975586,1988-09-25,1988-10-02
None,Eskisehirspor,TUR,1,1186.66796875,1988-10-03,1988-10-05
None,Eskisehirspor,TUR,1,1204.57226562,1988-10-06,1988-10-09
None,Eskisehirspor,TUR,1,1196.63354492,1988-10-10,1988-10-16
None,Eskisehirspor,TUR,1,1200.10644531,1988-10-17,1988-10-22
None,Eskisehirspor,TUR,1,1196.29992676,1988-10-23,1988-10-26
None,Eskisehirspor,TUR,1,1185.79858398,1988-10-27,1988-10-29
None,Eskisehirspor,TUR,1,1191.44543457,1988-10-30,1988-11-06
None,Eskisehirspor,TUR,1,1184.80114746,1988-11-07,1988-11-09
None,Eskisehirspor,TUR,1,1210.4621582,1988-11-10,1988-11-13
None,Eskisehirspor,TUR,1,1201.92419434,1988-11-14,1988-11-20
None,Eskisehirspor,TUR,1,1205.39599609,1988-11-21,1988-11-26
None,Eskisehirspor,TUR,1,1202.50793457,1988-11-27,1988-12-04
None,Eskisehirspor,TUR,1,1203.88366699,1988-12-05,1988-12-11
None,Eskisehirspor,TUR,1,1214.26257324,1988-12-12,1988-12-18
None,Eskisehirspor,TUR,1,1205.16821289,1988-12-19,1988-12-25
None,Eskisehirspor,TUR,1,1209.82373047,1988-12-26,1989-01-22
None,Eskisehirspor,TUR,1,1210.00585938,1989-01-23,1989-01-29
None,Eskisehirspor,TUR,1,1223.17932129,1989-01-30,1989-02-05
None,Eskisehirspor,TUR,1,1218.88085938,1989-02-06,1989-02-19
None,Eskisehirspor,TUR,1,1211.24902344,1989-02-20,1989-02-26
None,Eskisehirspor,TUR,1,1207.4375,1989-02-27,1989-03-01
None,Eskisehirspor,TUR,1,1222.28051758,1989-03-02,1989-03-05
None,Eskisehirspor,TUR,1,1218.84265137,1989-03-06,1989-03-12
None,Eskisehirspor,TUR,1,1216.609375,1989-03-13,1989-03-15
None,Eskisehirspor,TUR,1,1218.20947266,1989-03-16,1989-03-19
None,Eskisehirspor,TUR,1,1207.11950684,1989-03-20,1989-03-25
None,Eskisehirspor,TUR,1,1194.93408203,1989-03-26,1989-04-02
None,Eskisehirspor,TUR,1,1191.5802002,1989-04-03,1989-04-05
None,Eskisehirspor,TUR,1,1190.61291504,1989-04-06,1989-04-16
None,Eskisehirspor,TUR,1,1173.00268555,1989-04-17,1989-04-19
None,Eskisehirspor,TUR,1,1172.89453125,1989-04-20,1989-04-22
None,Eskisehirspor,TUR,1,1171.0625,1989-04-23,1989-04-30
None,Eskisehirspor,TUR,1,1176.28417969,1989-05-01,1989-05-14
None,Eskisehirspor,TUR,1,1189.34667969,1989-05-15,1989-05-21
None,Eskisehirspor,TUR,1,1194.25939941,1989-05-22,1989-06-04
None,Eskisehirspor,TUR,1,1199.47619629,1989-06-05,1989-06-11
None,Eskisehirspor,TUR,1,1198.60656738,1989-06-12,1989-07-02
None,Eskisehirspor,TUR,1,1251.33996582,1995-07-01,1995-08-08
None,Eskisehirspor,TUR,1,1248.68737793,1995-08-09,1995-08-09
None,Eskisehirspor,TUR,1,1238.0234375,1995-08-10,1995-08-11
None,Eskisehirspor,TUR,1,1253.61486816,1995-08-12,1995-08-19
None,Eskisehirspor,TUR,1,1249.33642578,1995-08-20,1995-08-22
None,Eskisehirspor,TUR,1,1247.98425293,1995-08-23,1995-08-23
None,Eskisehirspor,TUR,1,1249.86608887,1995-08-24,1995-08-27
None,Eskisehirspor,TUR,1,1244.4354248,1995-08-28,1995-09-10
None,Eskisehirspor,TUR,1,1249.15625,1995-09-11,1995-09-12
None,Eskisehirspor,TUR,1,1245.25195312,1995-09-13,1995-09-14
None,Eskisehirspor,TUR,1,1248.85473633,1995-09-15,1995-09-17
None,Eskisehirspor,TUR,1,1253.95068359,1995-09-18,1995-09-24
None,Eskisehirspor,TUR,1,1246.70117188,1995-09-25,1995-09-27
None,Eskisehirspor,TUR,1,1245.17602539,1995-09-28,1995-09-28
None,Eskisehirspor,TUR,1,1247.08032227,1995-09-29,1995-10-01
None,Eskisehirspor,TUR,1,1234.47009277,1995-10-02,1995-10-15
None,Eskisehirspor,TUR,1,1231.29138184,1995-10-16,1995-10-19
None,Eskisehirspor,TUR,1,1228.10302734,1995-10-20,1995-10-22
None,Eskisehirspor,TUR,1,1224.72058105,1995-10-23,1995-10-29
None,Eskisehirspor,TUR,1,1222.52514648,1995-10-30,1995-11-02
None,Eskisehirspor,TUR,1,1220.02587891,1995-11-03,1995-11-04
None,Eskisehirspor,TUR,1,1216.01696777,1995-11-05,1995-11-19
None,Eskisehirspor,TUR,1,1211.67456055,1995-11-20,1995-11-26
None,Eskisehirspor,TUR,1,1223.14538574,1995-11-27,1995-12-03
None,Eskisehirspor,TUR,1,1220.65979004,1995-12-04,1995-12-10
None,Eskisehirspor,TUR,1,1207.14550781,1995-12-11,1995-12-17
None,Eskisehirspor,TUR,1,1202.50720215,1995-12-18,1995-12-23
None,Eskisehirspor,TUR,1,1199.00854492,1995-12-24,1996-01-28
None,Eskisehirspor,TUR,1,1188.44042969,1996-01-29,1996-02-04
None,Eskisehirspor,TUR,1,1186.56396484,1996-02-05,1996-02-11
None,Eskisehirspor,TUR,1,1172.11950684,1996-02-12,1996-02-18
None,Eskisehirspor,TUR,1,1164.26464844,1996-02-19,1996-02-25
None,Eskisehirspor,TUR,1,1176.80847168,1996-02-26,1996-03-03
None,Eskisehirspor,TUR,1,1189.140625,1996-03-04,1996-03-10
None,Eskisehirspor,TUR,1,1195.28210449,1996-03-11,1996-03-17
None,Eskisehirspor,TUR,1,1183.41870117,1996-03-18,1996-03-23
None,Eskisehirspor,TUR,1,1182.53308105,1996-03-24,1996-03-31
None,Eskisehirspor,TUR,1,1194.55249023,1996-04-01,1996-04-07
None,Eskisehirspor,TUR,1,1192.77941895,1996-04-08,1996-04-14
None,Eskisehirspor,TUR,1,1182.98510742,1996-04-15,1996-04-21
None,Eskisehirspor,TUR,1,1195.06640625,1996-04-22,1996-04-28
None,Eskisehirspor,TUR,1,1207.55871582,1996-04-29,1996-05-05
None,Eskisehirspor,TUR,1,1203.828125,1996-05-06,1996-05-12
None,Eskisehirspor,TUR,1,1217.63806152,1996-05-13,1996-05-19
None,Eskisehirspor,TUR,1,1215.59875488,1996-05-20,1996-07-02
None,Eskisehirspor,TUR,1,1396.3927002,2008-07-01,2008-07-30
None,Eskisehirspor,TUR,1,1397.14086914,2008-07-31,2008-08-06
None,Eskisehirspor,TUR,1,1398.03918457,2008-08-07,2008-08-13
None,Eskisehirspor,TUR,1,1395.42749023,2008-08-14,2008-08-14
None,Eskisehirspor,TUR,1,1396.21826172,2008-08-15,2008-08-23
None,Eskisehirspor,TUR,1,1399.24304199,2008-08-24,2008-08-27
None,Eskisehirspor,TUR,1,1396.52844238,2008-08-28,2008-08-28
None,Eskisehirspor,TUR,1,1397.34729004,2008-08-29,2008-08-31
None,Eskisehirspor,TUR,1,1396.07287598,2008-09-01,2008-09-14
None,Eskisehirspor,TUR,1,1388.92126465,2008-09-15,2008-09-17
None,Eskisehirspor,TUR,1,1386.58349609,2008-09-18,2008-09-18
None,Eskisehirspor,TUR,1,1384.34667969,2008-09-19,2008-09-20
None,Eskisehirspor,TUR,1,1388.13537598,2008-09-21,2008-09-28
None,Eskisehirspor,TUR,1,1384.96496582,2008-09-29,2008-09-30
None,Eskisehirspor,TUR,1,1383.80639648,2008-10-01,2008-10-02
None,Eskisehirspor,TUR,1,1371.40075684,2008-10-03,2008-10-05
None,Eskisehirspor,TUR,1,1377.28967285,2008-10-06,2008-10-18
None,Eskisehirspor,TUR,1,1389.66711426,2008-10-19,2008-10-21
None,Eskisehirspor,TUR,1,1386.69799805,2008-10-22,2008-10-23
None,Eskisehirspor,TUR,1,1389.68249512,2008-10-24,2008-10-26
None,Eskisehirspor,TUR,1,1407.9588623,2008-10-27,2008-11-01
None,Eskisehirspor,TUR,1,1412.43530273,2008-11-02,2008-11-05
None,Eskisehirspor,TUR,1,1416.23657227,2008-11-06,2008-11-06
None,Eskisehirspor,TUR,1,1424.74072266,2008-11-07,2008-11-09
None,Eskisehirspor,TUR,1,1419.1796875,2008-11-10,2008-11-16
None,Eskisehirspor,TUR,1,1405.01428223,2008-11-17,2008-11-23
None,Eskisehirspor,TUR,1,1401.98071289,2008-11-24,2008-11-25
None,Eskisehirspor,TUR,1,1398.32580566,2008-11-26,2008-11-27
None,Eskisehirspor,TUR,1,1392.30310059,2008-11-28,2008-11-29
None,Eskisehirspor,TUR,1,1400.15808105,2008-11-30,2008-12-03
None,Eskisehirspor,TUR,1,1405.49938965,2008-12-04,2008-12-06
None,Eskisehirspor,TUR,1,1407.06884766,2008-12-07,2008-12-10
None,Eskisehirspor,TUR,1,1404.98022461,2008-12-11,2008-12-14
None,Eskisehirspor,TUR,1,1402.99890137,2008-12-15,2008-12-20
None,Eskisehirspor,TUR,1,1400.07055664,2008-12-21,2009-01-24
None,Eskisehirspor,TUR,1,1400.43237305,2009-01-25,2009-02-01
None,Eskisehirspor,TUR,1,1415.70117188,2009-02-02,2009-02-07
None,Eskisehirspor,TUR,1,1415.96594238,2009-02-08,2009-02-14
None,Eskisehirspor,TUR,1,1414.75732422,2009-02-15,2009-02-18
None,Eskisehirspor,TUR,1,1416.37475586,2009-02-19,2009-02-22
None,Eskisehirspor,TUR,1,1414.00366211,2009-02-23,2009-02-26
None,Eskisehirspor,TUR,1,1420.32470703,2009-02-27,2009-02-28
None,Eskisehirspor,TUR,1,1430.14709473,2009-03-01,2009-03-08
None,Eskisehirspor,TUR,1,1422.60400391,2009-03-09,2009-03-12
None,Eskisehirspor,TUR,1,1424.63659668,2009-03-13,2009-03-15
None,Eskisehirspor,TUR,1,1415.82263184,2009-03-16,2009-03-19
None,Eskisehirspor,TUR,1,1409.66564941,2009-03-20,2009-03-22
None,Eskisehirspor,TUR,1,1424.33972168,2009-03-23,2009-04-05
None,Eskisehirspor,TUR,1,1422.06640625,2009-04-06,2009-04-12
None,Eskisehirspor,TUR,1,1432.9987793,2009-04-13,2009-04-19
None,Eskisehirspor,TUR,1,1426.30725098,2009-04-20,2009-04-26
None,Eskisehirspor,TUR,1,1419.55493164,2009-04-27,2009-05-03
None,Eskisehirspor,TUR,1,1414.14562988,2009-05-04,2009-05-09
None,Eskisehirspor,TUR,1,1423.23474121,2009-05-10,2009-05-17
None,Eskisehirspor,TUR,1,1433.34716797,2009-05-18,2009-05-24
None,Eskisehirspor,TUR,1,1422.74365234,2009-05-25,2009-05-29
None,Eskisehirspor,TUR,1,1426.44689941,2009-05-30,2009-07-16
None,Eskisehirspor,TUR,1,1426.14294434,2009-07-17,2009-07-23
None,Eskisehirspor,TUR,1,1426.5715332,2009-07-24,2009-07-28
None,Eskisehirspor,TUR,1,1416.60510254,2009-07-29,2009-07-30
None,Eskisehirspor,TUR,1,1420.44299316,2009-07-31,2009-08-04
None,Eskisehirspor,TUR,1,1422.75158691,2009-08-05,2009-08-06
None,Eskisehirspor,TUR,1,1424.9609375,2009-08-07,2009-08-09
None,Eskisehirspor,TUR,1,1426.2052002,2009-08-10,2009-08-16
None,Eskisehirspor,TUR,1,1435.19372559,2009-08-17,2009-08-20
None,Eskisehirspor,TUR,1,1430.09008789,2009-08-21,2009-08-22
None,Eskisehirspor,TUR,1,1432.78515625,2009-08-23,2009-08-25
None,Eskisehirspor,TUR,1,1432.203125,2009-08-26,2009-08-27
None,Eskisehirspor,TUR,1,1433.75976562,2009-08-28,2009-08-29
None,Eskisehirspor,TUR,1,1439.83349609,2009-08-30,2009-09-13
None,Eskisehirspor,TUR,1,1442.2545166,2009-09-14,2009-09-15
None,Eskisehirspor,TUR,1,1441.14294434,2009-09-16,2009-09-17
None,Eskisehirspor,TUR,1,1443.56225586,2009-09-18,2009-09-19
None,Eskisehirspor,TUR,1,1450.62060547,2009-09-20,2009-09-27
None,Eskisehirspor,TUR,1,1457.61828613,2009-09-28,2009-09-30
None,Eskisehirspor,TUR,1,1455.20593262,2009-10-01,2009-10-01
None,Eskisehirspor,TUR,1,1453.63513184,2009-10-02,2009-10-04
None,Eskisehirspor,TUR,1,1445.82568359,2009-10-05,2009-10-21
None,Eskisehirspor,TUR,1,1448.7220459,2009-10-22,2009-10-22
None,Eskisehirspor,TUR,1,1455.89208984,2009-10-23,2009-10-24
None,Eskisehirspor,TUR,1,1450.31994629,2009-10-25,2009-11-01
None,Eskisehirspor,TUR,1,1450.09875488,2009-11-02,2009-11-03
None,Eskisehirspor,TUR,1,1444.57189941,2009-11-04,2009-11-05
None,Eskisehirspor,TUR,1,1452.67858887,2009-11-06,2009-11-08
None,Eskisehirspor,TUR,1,1459.76733398,2009-11-09,2009-11-22
None,Eskisehirspor,TUR,1,1457.32336426,2009-11-23,2009-11-25
None,Eskisehirspor,TUR,1,1464.68847656,2009-11-26,2009-11-29
None,Eskisehirspor,TUR,1,1460.65319824,2009-11-30,2009-12-02
None,Eskisehirspor,TUR,1,1465.43603516,2009-12-03,2009-12-03
None,Eskisehirspor,TUR,1,1468.36315918,2009-12-04,2009-12-05
None,Eskisehirspor,TUR,1,1479.8236084,2009-12-06,2009-12-08
None,Eskisehirspor,TUR,1,1475.22265625,2009-12-09,2009-12-13
None,Eskisehirspor,TUR,1,1469.82958984,2009-12-14,2009-12-16
None,Eskisehirspor,TUR,1,1464.77087402,2009-12-17,2009-12-17
None,Eskisehirspor,TUR,1,1465.37744141,2009-12-18,2009-12-19
None,Eskisehirspor,TUR,1,1461.67626953,2009-12-20,2010-01-23
None,Eskisehirspor,TUR,1,1466.7791748,2010-01-24,2010-01-31
None,Eskisehirspor,TUR,1,1461.59118652,2010-02-01,2010-02-06
None,Eskisehirspor,TUR,1,1468.23925781,2010-02-07,2010-02-14
None,Eskisehirspor,TUR,1,1478.15454102,2010-02-15,2010-02-18
None,Eskisehirspor,TUR,1,1478.75939941,2010-02-19,2010-02-20
None,Eskisehirspor,TUR,1,1476.0949707,2010-02-21,2010-02-25
None,Eskisehirspor,TUR,1,1469.3067627,2010-02-26,2010-02-28
None,Eskisehirspor,TUR,1,1471.58056641,2010-03-01,2010-03-08
None,Eskisehirspor,TUR,1,1482.60400391,2010-03-09,2010-03-14
None,Eskisehirspor,TUR,1,1494.4230957,2010-03-15,2010-03-27
None,Eskisehirspor,TUR,1,1491.25732422,2010-03-28,2010-04-04
None,Eskisehirspor,TUR,1,1498.17443848,2010-04-05,2010-04-11
None,Eskisehirspor,TUR,1,1488.95483398,2010-04-12,2010-04-18
None,Eskisehirspor,TUR,1,1478.77062988,2010-04-19,2010-04-26
None,Eskisehirspor,TUR,1,1487.81005859,2010-04-27,2010-05-01
None,Eskisehirspor,TUR,1,1483.90563965,2010-05-02,2010-05-09
None,Eskisehirspor,TUR,1,1481.43054199,2010-05-10,2010-05-15
None,Eskisehirspor,TUR,1,1490.58740234,2010-05-16,2010-07-15
None,Eskisehirspor,TUR,1,1490.59753418,2010-07-16,2010-07-22
None,Eskisehirspor,TUR,1,1490.60205078,2010-07-23,2010-07-28
None,Eskisehirspor,TUR,1,1491.65893555,2010-07-29,2010-07-29
None,Eskisehirspor,TUR,1,1489.64379883,2010-07-30,2010-08-04
None,Eskisehirspor,TUR,1,1480.91943359,2010-08-05,2010-08-05
None,Eskisehirspor,TUR,1,1488.60375977,2010-08-06,2010-08-14
None,Eskisehirspor,TUR,1,1485.78564453,2010-08-15,2010-08-17
None,Eskisehirspor,TUR,1,1486.12341309,2010-08-18,2010-08-19
None,Eskisehirspor,TUR,1,1479.59057617,2010-08-20,2010-08-20
None,Eskisehirspor,TUR,1,1471.08276367,2010-08-21,2010-08-26
None,Eskisehirspor,TUR,1,1464.36035156,2010-08-27,2010-08-29
None,Eskisehirspor,TUR,1,1454.41796875,2010-08-30,2010-09-10
None,Eskisehirspor,TUR,1,1451.74414062,2010-09-11,2010-09-14
None,Eskisehirspor,TUR,1,1446.19055176,2010-09-15,2010-09-16
None,Eskisehirspor,TUR,1,1447.23950195,2010-09-17,2010-09-18
None,Eskisehirspor,TUR,1,1449.24645996,2010-09-19,2010-09-25
None,Eskisehirspor,TUR,1,1438.67822266,2010-09-26,2010-09-29
None,Eskisehirspor,TUR,1,1435.54455566,2010-09-30,2010-09-30
None,Eskisehirspor,TUR,1,1439.51367188,2010-10-01,2010-10-01
None,Eskisehirspor,TUR,1,1440.14538574,2010-10-02,2010-10-16
None,Eskisehirspor,TUR,1,1447.48840332,2010-10-17,2010-10-20
None,Eskisehirspor,TUR,1,1446.95031738,2010-10-21,2010-10-21
None,Eskisehirspor,TUR,1,1443.95703125,2010-10-22,2010-10-22
None,Eskisehirspor,TUR,1,1453.19641113,2010-10-23,2010-10-30
None,Eskisehirspor,TUR,1,1451.31311035,2010-10-31,2010-11-02
None,Eskisehirspor,TUR,1,1449.00842285,2010-11-03,2010-11-04
None,Eskisehirspor,TUR,1,1452.56274414,2010-11-05,2010-11-06
None,Eskisehirspor,TUR,1,1448.49975586,2010-11-07,2010-11-13
None,Eskisehirspor,TUR,1,1447.71142578,2010-11-14,2010-11-21
None,Eskisehirspor,TUR,1,1453.53137207,2010-11-22,2010-11-24
None,Eskisehirspor,TUR,1,1450.86669922,2010-11-25,2010-11-26
None,Eskisehirspor,TUR,1,1456.14807129,2010-11-27,2010-12-02
None,Eskisehirspor,TUR,1,1458.69726562,2010-12-03,2010-12-06
None,Eskisehirspor,TUR,1,1462.55126953,2010-12-07,2010-12-07
None,Eskisehirspor,TUR,1,1461.29699707,2010-12-08,2010-12-10
None,Eskisehirspor,TUR,1,1476.14208984,2010-12-11,2010-12-15
None,Eskisehirspor,TUR,1,1479.05419922,2010-12-16,2010-12-19
None,Eskisehirspor,TUR,1,1488.61157227,2010-12-20,2011-01-22
None,Eskisehirspor,TUR,1,1496.84179688,2011-01-23,2011-01-31
None,Eskisehirspor,TUR,1,1500.5234375,2011-02-01,2011-02-06
None,Eskisehirspor,TUR,1,1492.46508789,2011-02-07,2011-02-13
None,Eskisehirspor,TUR,1,1494.29345703,2011-02-14,2011-02-17
None,Eskisehirspor,TUR,1,1489.52966309,2011-02-18,2011-02-18
None,Eskisehirspor,TUR,1,1493.8425293,2011-02-19,2011-02-24
None,Eskisehirspor,TUR,1,1492.2590332,2011-02-25,2011-02-26
None,Eskisehirspor,TUR,1,1485.96350098,2011-02-27,2011-03-06
None,Eskisehirspor,TUR,1,1489.65307617,2011-03-07,2011-03-12
None,Eskisehirspor,TUR,1,1503.43164062,2011-03-13,2011-03-20
None,Eskisehirspor,TUR,1,1508.06030273,2011-03-21,2011-04-02
None,Eskisehirspor,TUR,1,1507.89343262,2011-04-03,2011-04-09
None,Eskisehirspor,TUR,1,1499.90576172,2011-04-10,2011-04-17
None,Eskisehirspor,TUR,1,1500.44836426,2011-04-18,2011-04-22
None,Eskisehirspor,TUR,1,1502.67712402,2011-04-23,2011-05-01
None,Eskisehirspor,TUR,1,1489.69384766,2011-05-02,2011-05-06
None,Eskisehirspor,TUR,1,1479.36169434,2011-05-07,2011-05-16
None,Eskisehirspor,TUR,1,1472.92858887,2011-05-17,2011-05-22
None,Eskisehirspor,TUR,1,1480.56396484,2011-05-23,2011-07-14
None,Eskisehirspor,TUR,1,1480.68286133,2011-07-15,2011-07-21
None,Eskisehirspor,TUR,1,1482.90014648,2011-07-22,2011-07-27
None,Eskisehirspor,TUR,1,1480.07141113,2011-07-28,2011-07-28
None,Eskisehirspor,TUR,1,1474.34619141,2011-07-29,2011-08-03
None,Eskisehirspor,TUR,1,1473.70678711,2011-08-04,2011-08-04
None,Eskisehirspor,TUR,1,1473.2232666,2011-08-05,2011-08-18
None,Eskisehirspor,TUR,1,1475.4642334,2011-08-19,2011-08-25
None,Eskisehirspor,TUR,1,1473.80981445,2011-08-26,2011-09-10
None,Eskisehirspor,TUR,1,1483.22680664,2011-09-11,2011-09-14
None,Eskisehirspor,TUR,1,1489.69934082,2011-09-15,2011-09-15
None,Eskisehirspor,TUR,1,1494.07458496,2011-09-16,2011-09-18
None,Eskisehirspor,TUR,1,1509.33654785,2011-09-19,2011-09-21
None,Eskisehirspor,TUR,1,1505.97705078,2011-09-22,2011-09-26
None,Eskisehirspor,TUR,1,1496.2208252,2011-09-27,2011-09-27
None,Eskisehirspor,TUR,1,1496.57177734,2011-09-28,2011-09-29
None,Eskisehirspor,TUR,1,1494.85009766,2011-09-30,2011-10-02
None,Eskisehirspor,TUR,1,1486.80725098,2011-10-03,2011-10-15
None,Eskisehirspor,TUR,1,1477.1138916,2011-10-16,2011-10-18
None,Eskisehirspor,TUR,1,1473.38378906,2011-10-19,2011-10-20
None,Eskisehirspor,TUR,1,1472.08947754,2011-10-21,2011-10-22
None,Eskisehirspor,TUR,1,1456.9473877,2011-10-23,2011-10-26
None,Eskisehirspor,TUR,1,1458.80371094,2011-10-27,2011-10-29
None,Eskisehirspor,TUR,1,1462.99475098,2011-10-30,2011-11-02
None,Eskisehirspor,TUR,1,1463.05517578,2011-11-03,2011-11-03
None,Eskisehirspor,TUR,1,1467.63208008,2011-11-04,2011-11-05
None,Eskisehirspor,TUR,1,1475.60070801,2011-11-06,2011-11-19
None,Eskisehirspor,TUR,1,1473.06860352,2011-11-20,2011-11-22
None,Eskisehirspor,TUR,1,1472.98999023,2011-11-23,2011-11-27
None,Eskisehirspor,TUR,1,1477.48583984,2011-11-28,2011-12-01
None,Eskisehirspor,TUR,1,1480.70410156,2011-12-02,2011-12-04
None,Eskisehirspor,TUR,1,1491.74731445,2011-12-05,2011-12-07
None,Eskisehirspor,TUR,1,1499.82299805,2011-12-08,2011-12-10
None,Eskisehirspor,TUR,1,1509.40270996,2011-12-11,2011-12-14
None,Eskisehirspor,TUR,1,1514.54418945,2011-12-15,2011-12-17
None,Eskisehirspor,TUR,1,1520.5625,2011-12-18,2011-12-21
None,Eskisehirspor,TUR,1,1519.76794434,2011-12-22,2012-01-04
None,Eskisehirspor,TUR,1,1513.82348633,2012-01-05,2012-01-08
None,Eskisehirspor,TUR,1,1510.95227051,2012-01-09,2012-01-14
None,Eskisehirspor,TUR,1,1503.9185791,2012-01-15,2012-01-22
None,Eskisehirspor,TUR,1,1504.87939453,2012-01-23,2012-01-25
None,Eskisehirspor,TUR,1,1497.86633301,2012-01-26,2012-01-29
None,Eskisehirspor,TUR,1,1485.10656738,2012-01-30,2012-02-02
None,Eskisehirspor,TUR,1,1493.64501953,2012-02-03,2012-02-06
None,Eskisehirspor,TUR,1,1502.07873535,2012-02-07,2012-02-12
None,Eskisehirspor,TUR,1,1488.10290527,2012-02-13,2012-02-14
None,Eskisehirspor,TUR,1,1497.67980957,2012-02-15,2012-02-16
None,Eskisehirspor,TUR,1,1494.60339355,2012-02-17,2012-02-19
None,Eskisehirspor,TUR,1,1483.26745605,2012-02-20,2012-02-23
None,Eskisehirspor,TUR,1,1478.51281738,2012-02-24,2012-02-25
None,Eskisehirspor,TUR,1,1489.49353027,2012-02-26,2012-03-03
None,Eskisehirspor,TUR,1,1499.33776855,2012-03-04,2012-03-08
None,Eskisehirspor,TUR,1,1497.35546875,2012-03-09,2012-03-11
None,Eskisehirspor,TUR,1,1496.87915039,2012-03-12,2012-03-15
None,Eskisehirspor,TUR,1,1494.9675293,2012-03-16,2012-03-17
None,Eskisehirspor,TUR,1,1495.28674316,2012-03-18,2012-03-25
None,Eskisehirspor,TUR,1,1481.59814453,2012-03-26,2012-03-31
None,Eskisehirspor,TUR,1,1483.14746094,2012-04-01,2012-04-07
None,Eskisehirspor,TUR,1,1489.44030762,2012-04-08,2012-04-14
None,Eskisehirspor,TUR,1,1490.99865723,2012-04-15,2012-04-21
None,Eskisehirspor,TUR,1,1489.42077637,2012-04-22,2012-04-29
None,Eskisehirspor,TUR,1,1499.79943848,2012-04-30,2012-05-03
None,Eskisehirspor,TUR,1,1493.91491699,2012-05-04,2012-05-05
None,Eskisehirspor,TUR,1,1502.71569824,2012-05-06,2012-05-12
None,Eskisehirspor,TUR,1,1515.33886719,2012-05-13,2012-07-19
None,Eskisehirspor,TUR,1,1520.54077148,2012-07-20,2012-07-26
None,Eskisehirspor,TUR,1,1521.3729248,2012-07-27,2012-08-01
None,Eskisehirspor,TUR,1,1518.76513672,2012-08-02,2012-08-02
None,Eskisehirspor,TUR,1,1513.6574707,2012-08-03,2012-08-08
None,Eskisehirspor,TUR,1,1520.87133789,2012-08-09,2012-08-09
None,Eskisehirspor,TUR,1,1514.88964844,2012-08-10,2012-08-17
None,Eskisehirspor,TUR,1,1501.52282715,2012-08-18,2012-08-21
None,Eskisehirspor,TUR,1,1500.1953125,2012-08-22,2012-08-23
None,Eskisehirspor,TUR,1,1504.10424805,2012-08-24,2012-08-25
None,Eskisehirspor,TUR,1,1494.07006836,2012-08-26,2012-08-29
None,Eskisehirspor,TUR,1,1490.53198242,2012-08-30,2012-08-30
None,Eskisehirspor,TUR,1,1480.83569336,2012-08-31,2012-08-31
None,Eskisehirspor,TUR,1,1491.2154541,2012-09-01,2012-09-16
None,Eskisehirspor,TUR,1,1500.23937988,2012-09-17,2012-09-19
None,Eskisehirspor,TUR,1,1499.48217773,2012-09-20,2012-09-20
None,Eskisehirspor,TUR,1,1498.82373047,2012-09-21,2012-09-22
None,Eskisehirspor,TUR,1,1490.390625,2012-09-23,2012-09-30
None,Eskisehirspor,TUR,1,1496.29382324,2012-10-01,2012-10-02
None,Eskisehirspor,TUR,1,1490.29553223,2012-10-03,2012-10-04
None,Eskisehirspor,TUR,1,1498.43286133,2012-10-05,2012-10-06
None,Eskisehirspor,TUR,1,1503.71582031,2012-10-07,2012-10-21
None,Eskisehirspor,TUR,1,1511.90075684,2012-10-22,2012-10-23
None,Eskisehirspor,TUR,1,1509.8203125,2012-10-24,2012-10-25
None,Eskisehirspor,TUR,1,1512.13452148,2012-10-26,2012-10-26
None,Eskisehirspor,TUR,1,1508.98962402,2012-10-27,2012-11-03
None,Eskisehirspor,TUR,1,1522.75268555,2012-11-04,2012-11-07
None,Eskisehirspor,TUR,1,1528.73461914,2012-11-08,2012-11-08
None,Eskisehirspor,TUR,1,1529.96081543,2012-11-09,2012-11-09
None,Eskisehirspor,TUR,1,1522.0369873,2012-11-10,2012-11-17
None,Eskisehirspor,TUR,1,1524.45129395,2012-11-18,2012-11-20
None,Eskisehirspor,TUR,1,1530.39367676,2012-11-21,2012-11-22
None,Eskisehirspor,TUR,1,1535.58728027,2012-11-23,2012-11-26
None,Eskisehirspor,TUR,1,1554.98583984,2012-11-27,2012-12-02
None,Eskisehirspor,TUR,1,1550.24768066,2012-12-03,2012-12-05
None,Eskisehirspor,TUR,1,1555.37426758,2012-12-06,2012-12-06
None,Eskisehirspor,TUR,1,1548.01708984,2012-12-07,2012-12-07
None,Eskisehirspor,TUR,1,1551.18383789,2012-12-08,2012-12-14
None,Eskisehirspor,TUR,1,1549.671875,2012-12-15,2012-12-23
None,Eskisehirspor,TUR,1,1542.20727539,2012-12-24,2013-01-21
None,Eskisehirspor,TUR,1,1538.92468262,2013-01-22,2013-01-28
None,Eskisehirspor,TUR,1,1544.05114746,2013-01-29,2013-02-03
None,Eskisehirspor,TUR,1,1539.06005859,2013-02-04,2013-02-09
None,Eskisehirspor,TUR,1,1551.25805664,2013-02-10,2013-02-14
None,Eskisehirspor,TUR,1,1551.66271973,2013-02-15,2013-02-16
None,Eskisehirspor,TUR,1,1531.97570801,2013-02-17,2013-02-20
None,Eskisehirspor,TUR,1,1531.11376953,2013-02-21,2013-02-21
None,Eskisehirspor,TUR,1,1534.33105469,2013-02-22,2013-02-23
None,Eskisehirspor,TUR,1,1534.26428223,2013-02-24,2013-03-02
None,Eskisehirspor,TUR,1,1536.60839844,2013-03-03,2013-03-07
None,Eskisehirspor,TUR,1,1541.31140137,2013-03-08,2013-03-10
None,Eskisehirspor,TUR,1,1540.68383789,2013-03-11,2013-03-12
None,Eskisehirspor,TUR,1,1549.00732422,2013-03-13,2013-03-14
None,Eskisehirspor,TUR,1,1549.80041504,2013-03-15,2013-03-15
None,Eskisehirspor,TUR,1,1544.96838379,2013-03-16,2013-03-30
None,Eskisehirspor,TUR,1,1535.05456543,2013-03-31,2013-04-03
None,Eskisehirspor,TUR,1,1534.29650879,2013-04-04,2013-04-04
None,Eskisehirspor,TUR,1,1539.10925293,2013-04-05,2013-04-07
None,Eskisehirspor,TUR,1,1544.29589844,2013-04-08,2013-04-09
None,Eskisehirspor,TUR,1,1544.42028809,2013-04-10,2013-04-11
None,Eskisehirspor,TUR,1,1546.09326172,2013-04-12,2013-04-14
None,Eskisehirspor,TUR,1,1543.20507812,2013-04-15,2013-04-22
None,Eskisehirspor,TUR,1,1533.33959961,2013-04-23,2013-04-25
None,Eskisehirspor,TUR,1,1536.23535156,2013-04-26,2013-04-28
None,Eskisehirspor,TUR,1,1545.30847168,2013-04-29,2013-05-02
None,Eskisehirspor,TUR,1,1540.26599121,2013-05-03,2013-05-05
None,Eskisehirspor,TUR,1,1531.83520508,2013-05-06,2013-05-13
None,Eskisehirspor,TUR,1,1535.40917969,2013-05-14,2013-05-19
None,Eskisehirspor,TUR,1,1542.98071289,2013-05-20,2013-07-18
None,Eskisehirspor,TUR,1,1543.29528809,2013-07-19,2013-07-25
None,Eskisehirspor,TUR,1,1543.81713867,2013-07-26,2013-07-31
None,Eskisehirspor,TUR,1,1544.9173584,2013-08-01,2013-08-01
None,Eskisehirspor,TUR,1,1547.0357666,2013-08-02,2013-08-06
None,Eskisehirspor,TUR,1,1550.82739258,2013-08-07,2013-08-08
None,Eskisehirspor,TUR,1,1531.70092773,2013-08-09,2013-08-18
None,Eskisehirspor,TUR,1,1540.97351074,2013-08-19,2013-08-21
None,Eskisehirspor,TUR,1,1537.15759277,2013-08-22,2013-08-22
None,Eskisehirspor,TUR,1,1535.5637207,2013-08-23,2013-08-24
None,Eskisehirspor,TUR,1,1531.83349609,2013-08-25,2013-08-27
None,Eskisehirspor,TUR,1,1531.17883301,2013-08-28,2013-08-29
None,Eskisehirspor,TUR,1,1534.88146973,2013-08-30,2013-08-30
None,Eskisehirspor,TUR,1,1537.56079102,2013-08-31,2013-09-15
None,Eskisehirspor,TUR,1,1530.03918457,2013-09-16,2013-09-17
None,Eskisehirspor,TUR,1,1527.48242188,2013-09-18,2013-09-19
None,Eskisehirspor,TUR,1,1531.0456543,2013-09-20,2013-09-21
None,Eskisehirspor,TUR,1,1535.89526367,2013-09-22,2013-09-29
None,Eskisehirspor,TUR,1,1548.58215332,2013-09-30,2013-10-02
None,Eskisehirspor,TUR,1,1551.03100586,2013-10-03,2013-10-03
None,Eskisehirspor,TUR,1,1551.83068848,2013-10-04,2013-10-05
None,Eskisehirspor,TUR,1,1543.10192871,2013-10-06,2013-10-19
None,Eskisehirspor,TUR,1,1553.11022949,2013-10-20,2013-10-23
None,Eskisehirspor,TUR,1,1554.9329834,2013-10-24,2013-10-24
None,Eskisehirspor,TUR,1,1558.26855469,2013-10-25,2013-10-27
None,Eskisehirspor,TUR,1,1564.25524902,2013-10-28,2013-11-04
None,Eskisehirspor,TUR,1,1552.39196777,2013-11-05,2013-11-05
None,Eskisehirspor,TUR,1,1547.17333984,2013-11-06,2013-11-07
None,Eskisehirspor,TUR,1,1551.94152832,2013-11-08,2013-11-08
None,Eskisehirspor,TUR,1,1558.96386719,2013-11-09,2013-11-24
None,Eskisehirspor,TUR,1,1552.85913086,2013-11-25,2013-11-27
None,Eskisehirspor,TUR,1,1551.97033691,2013-11-28,2013-11-28
None,Eskisehirspor,TUR,1,1554.38452148,2013-11-29,2013-12-01
None,Eskisehirspor,TUR,1,1550.38952637,2013-12-02,2013-12-09
None,Eskisehirspor,TUR,1,1558.06311035,2013-12-10,2013-12-11
None,Eskisehirspor,TUR,1,1563.01257324,2013-12-12,2013-12-12
None,Eskisehirspor,TUR,1,1564.81628418,2013-12-13,2013-12-14
None,Eskisehirspor,TUR,1,1564.52319336,2013-12-15,2013-12-22
None,Eskisehirspor,TUR,1,1571.90686035,2013-12-23,2013-12-29
None,Eskisehirspor,TUR,1,1553.02001953,2013-12-30,2014-01-25
None,Eskisehirspor,TUR,1,1543.98950195,2014-01-26,2014-02-01
None,Eskisehirspor,TUR,1,1554.31298828,2014-02-02,2014-02-08
None,Eskisehirspor,TUR,1,1549.31787109,2014-02-09,2014-02-17
None,Eskisehirspor,TUR,1,1546.98718262,2014-02-18,2014-02-20
None,Eskisehirspor,TUR,1,1546.04370117,2014-02-21,2014-02-23
None,Eskisehirspor,TUR,1,1546.59362793,2014-02-24,2014-02-26
None,Eskisehirspor,TUR,1,1546.78186035,2014-02-27,2014-02-27
None,Eskisehirspor,TUR,1,1546.2956543,2014-02-28,2014-03-01
None,Eskisehirspor,TUR,1,1543.20825195,2014-03-02,2014-03-09
None,Eskisehirspor,TUR,1,1538.9432373,2014-03-10,2014-03-16
None,Eskisehirspor,TUR,1,1543.34057617,2014-03-17,2014-03-18
None,Eskisehirspor,TUR,1,1540.90002441,2014-03-19,2014-03-22
None,Eskisehirspor,TUR,1,1539.65039062,2014-03-23,2014-03-31
None,Eskisehirspor,TUR,1,1528.63024902,2014-04-01,2014-04-05
None,Eskisehirspor,TUR,1,1529.51208496,2014-04-06,2014-04-13
None,Eskisehirspor,TUR,1,1528.80688477,2014-04-14,2014-04-21
None,Eskisehirspor,TUR,1,1530.09863281,2014-04-22,2014-04-27
None,Eskisehirspor,TUR,1,1516.90222168,2014-04-28,2014-05-03
None,Eskisehirspor,TUR,1,1496.21252441,2014-05-04,2014-05-11
None,Eskisehirspor,TUR,1,1497.51953125,2014-05-12,2014-05-16
None,Eskisehirspor,TUR,1,1494.5814209,2014-05-17,2014-07-17
None,Eskisehirspor,TUR,1,1493.22875977,2014-07-18,2014-07-24
None,Eskisehirspor,TUR,1,1489.68188477,2014-07-25,2014-07-30
None,Eskisehirspor,TUR,1,1493.98571777,2014-07-31,2014-07-31
None,Eskisehirspor,TUR,1,1493.23071289,2014-08-01,2014-08-06
None,Eskisehirspor,TUR,1,1497.51049805,2014-08-07,2014-08-07
None,Eskisehirspor,TUR,1,1501.11901855,2014-08-08,2014-08-19
None,Eskisehirspor,TUR,1,1502.0826416,2014-08-20,2014-08-21
None,Eskisehirspor,TUR,1,1509.76599121,2014-08-22,2014-08-27
None,Eskisehirspor,TUR,1,1507.45910645,2014-08-28,2014-08-28
None,Eskisehirspor,TUR,1,1508.08081055,2014-08-29,2014-08-30
None,Eskisehirspor,TUR,1,1513.78967285,2014-08-31,2014-09-13
None,Eskisehirspor,TUR,1,1520.11083984,2014-09-14,2014-09-16
None,Eskisehirspor,TUR,1,1518.17089844,2014-09-17,2014-09-18
None,Eskisehirspor,TUR,1,1520.46350098,2014-09-19,2014-09-19
None,Eskisehirspor,TUR,1,1506.27307129,2014-09-20,2014-09-27
None,Eskisehirspor,TUR,1,1511.56896973,2014-09-28,2014-10-01
None,Eskisehirspor,TUR,1,1509.25524902,2014-10-02,2014-10-02
None,Eskisehirspor,TUR,1,1506.54016113,2014-10-03,2014-10-05
None,Eskisehirspor,TUR,1,1495.37756348,2014-10-06,2014-10-19
None,Eskisehirspor,TUR,1,1498.0345459,2014-10-20,2014-10-22
None,Eskisehirspor,TUR,1,1493.02331543,2014-10-23,2014-10-23
None,Eskisehirspor,TUR,1,1499.23754883,2014-10-24,2014-10-26
None,Eskisehirspor,TUR,1,1488.74597168,2014-10-27,2014-11-03
None,Eskisehirspor,TUR,1,1484.34777832,2014-11-04,2014-11-04
None,Eskisehirspor,TUR,1,1482.57275391,2014-11-05,2014-11-06
None,Eskisehirspor,TUR,1,1483.02282715,2014-11-07,2014-11-07
None,Eskisehirspor,TUR,1,1485.61193848,2014-11-08,2014-11-23
None,Eskisehirspor,TUR,1,1490.99890137,2014-11-24,2014-11-26
None,Eskisehirspor,TUR,1,1486.46508789,2014-11-27,2014-11-27
None,Eskisehirspor,TUR,1,1488.90380859,2014-11-28,2014-11-30
None,Eskisehirspor,TUR,1,1495.5402832,2014-12-01,2014-12-07
None,Eskisehirspor,TUR,1,1484.83764648,2014-12-08,2014-12-09
None,Eskisehirspor,TUR,1,1480.99841309,2014-12-10,2014-12-11
None,Eskisehirspor,TUR,1,1480.8671875,2014-12-12,2014-12-13
None,Eskisehirspor,TUR,1,1475.98876953,2014-12-14,2014-12-20
None,Eskisehirspor,TUR,1,1474.93127441,2014-12-21,2014-12-29
None,Eskisehirspor,TUR,1,1497.67382812,2014-12-30,2015-01-04
None,Eskisehirspor,TUR,1,1482.02929688,2015-01-05,2015-01-24
None,Eskisehirspor,TUR,1,1483.04003906,2015-01-25,2015-02-01
None,Eskisehirspor,TUR,1,1475.8137207,2015-02-02,2015-02-09
None,Eskisehirspor,TUR,1,1470.44946289,2015-02-10,2015-02-16
None,Eskisehirspor,TUR,1,1480.82055664,2015-02-17,2015-02-19
None,Eskisehirspor,TUR,1,1475.23571777,2015-02-20,2015-02-22
None,Eskisehirspor,TUR,1,1486.7409668,2015-02-23,2015-02-26
None,Eskisehirspor,TUR,1,1491.23669434,2015-02-27,2015-02-28
None,Eskisehirspor,TUR,1,1477.46435547,2015-03-01,2015-03-07
None,Eskisehirspor,TUR,1,1478.34362793,2015-03-08,2015-03-12
None,Eskisehirspor,TUR,1,1476.32104492,2015-03-13,2015-03-15
None,Eskisehirspor,TUR,1,1485.43652344,2015-03-16,2015-03-19
None,Eskisehirspor,TUR,1,1478.02978516,2015-03-20,2015-03-20
None,Eskisehirspor,TUR,1,1462.02062988,2015-03-21,2015-04-04
None,Eskisehirspor,TUR,1,1449.60437012,2015-04-05,2015-04-19
None,Eskisehirspor,TUR,1,1457.5880127,2015-04-20,2015-04-25
None,Eskisehirspor,TUR,1,1462.25708008,2015-04-26,2015-05-02
None,Eskisehirspor,TUR,1,1465.68823242,2015-05-03,2015-05-08
None,Eskisehirspor,TUR,1,1477.62060547,2015-05-09,2015-05-12
None,Eskisehirspor,TUR,1,1478.17199707,2015-05-13,2015-05-17
None,Eskisehirspor,TUR,1,1491.24572754,2015-05-18,2015-05-24
None,Eskisehirspor,TUR,1,1482.96582031,2015-05-25,2015-05-29
None,Eskisehirspor,TUR,1,1467.46118164,2015-05-30,2015-07-16
None,Eskisehirspor,TUR,1,1467.49487305,2015-07-17,2015-07-23
None,Eskisehirspor,TUR,1,1467.65063477,2015-07-24,2015-07-28
None,Eskisehirspor,TUR,1,1467.23876953,2015-07-29,2015-07-30
None,Eskisehirspor,TUR,1,1459.48693848,2015-07-31,2015-08-05
None,Eskisehirspor,TUR,1,1453.14355469,2015-08-06,2015-08-06
None,Eskisehirspor,TUR,1,1438.81384277,2015-08-07,2015-08-14
None,Eskisehirspor,TUR,1,1435.44921875,2015-08-15,2015-08-20
None,Eskisehirspor,TUR,1,1437.6036377,2015-08-21,2015-08-23
None,Eskisehirspor,TUR,1,1447.2064209,2015-08-24,2015-08-27
None,Eskisehirspor,TUR,1,1450.01269531,2015-08-28,2015-08-30
None,Eskisehirspor,TUR,1,1447.95141602,2015-08-31,2015-09-12
None,Eskisehirspor,TUR,1,1437.8157959,2015-09-13,2015-09-15
None,Eskisehirspor,TUR,1,1435.96154785,2015-09-16,2015-09-17
None,Eskisehirspor,TUR,1,1427.08764648,2015-09-18,2015-09-19
None,Eskisehirspor,TUR,1,1411.40466309,2015-09-20,2015-09-28
None,Eskisehirspor,TUR,1,1405.13745117,2015-09-29,2015-09-30
None,Eskisehirspor,TUR,1,1403.25158691,2015-10-01,2015-10-01
None,Eskisehirspor,TUR,1,1403.19494629,2015-10-02,2015-10-04
None,Eskisehirspor,TUR,1,1398.73291016,2015-10-05,2015-10-18
None,Eskisehirspor,TUR,1,1393.06689453,2015-10-19,2015-10-21
None,Eskisehirspor,TUR,1,1398.2947998,2015-10-22,2015-10-22
None,Eskisehirspor,TUR,1,1403.18359375,2015-10-23,2015-10-23
None,Eskisehirspor,TUR,1,1388.55444336,2015-10-24,2015-10-29
None,Eskisehirspor,TUR,1,1384.87121582,2015-10-30,2015-11-03
None,Eskisehirspor,TUR,1,1383.45324707,2015-11-04,2015-11-05
None,Eskisehirspor,TUR,1,1383.88244629,2015-11-06,2015-11-06
None,Eskisehirspor,TUR,1,1371.2611084,2015-11-07,2015-11-22
None,Eskisehirspor,TUR,1,1366.68884277,2015-11-23,2015-11-25
None,Eskisehirspor,TUR,1,1365.7791748,2015-11-26,2015-11-26
None,Eskisehirspor,TUR,1,1370.80981445,2015-11-27,2015-11-28
None,Eskisehirspor,TUR,1,1378.18200684,2015-11-29,2015-12-07
None,Eskisehirspor,TUR,1,1372.78588867,2015-12-08,2015-12-08
None,Eskisehirspor,TUR,1,1369.65637207,2015-12-09,2015-12-10
None,Eskisehirspor,TUR,1,1364.18701172,2015-12-11,2015-12-12
None,Eskisehirspor,TUR,1,1355.65258789,2015-12-13,2015-12-20
None,Eskisehirspor,TUR,1,1352.46191406,2015-12-21,2015-12-28
None,Eskisehirspor,TUR,1,1363.74438477,2015-12-29,2016-01-18
None,Eskisehirspor,TUR,1,1358.9230957,2016-01-19,2016-01-24
None,Eskisehirspor,TUR,1,1370.19458008,2016-01-25,2016-02-07
None,Eskisehirspor,TUR,1,1373.51330566,2016-02-08,2016-02-14
None,Eskisehirspor,TUR,1,1380.7434082,2016-02-15,2016-02-16
None,Eskisehirspor,TUR,1,1385.4173584,2016-02-17,2016-02-18
None,Eskisehirspor,TUR,1,1384.97607422,2016-02-19,2016-02-20
None,Eskisehirspor,TUR,1,1380.53662109,2016-02-21,2016-02-25
None,Eskisehirspor,TUR,1,1378.63598633,2016-02-26,2016-02-27
None,Eskisehirspor,TUR,1,1371.25720215,2016-02-28,2016-03-07
None,Eskisehirspor,TUR,1,1368.84814453,2016-03-08,2016-03-10
None,Eskisehirspor,TUR,1,1370.81152344,2016-03-11,2016-03-13
None,Eskisehirspor,TUR,1,1371.56311035,2016-03-14,2016-03-17
None,Eskisehirspor,TUR,1,1360.2845459,2016-03-18,2016-03-18
None,Eskisehirspor,TUR,1,1362.53063965,2016-03-19,2016-04-02
None,Eskisehirspor,TUR,1,1373.75195312,2016-04-03,2016-04-09
None,Eskisehirspor,TUR,1,1378.26794434,2016-04-10,2016-04-16
None,Eskisehirspor,TUR,1,1372.22607422,2016-04-17,2016-04-24
None,Eskisehirspor,TUR,1,1381.47912598,2016-04-25,2016-04-30
None,Eskisehirspor,TUR,1,1389.37353516,2016-05-01,2016-05-07
None,Eskisehirspor,TUR,1,1390.89050293,2016-05-08,2016-05-14
None,Eskisehirspor,TUR,1,1384.60095215,2016-05-15,2016-05-19
None,Eskisehirspor,TUR,1,1378.08068848,2016-05-20,2016-07-01


