Rank,Club,Country,Level,Elo,From,To
None,Gaziantepspor,TUR,1,1170.1784668,1979-07-01,1979-08-26
None,Gaziantepspor,TUR,1,1175.99536133,1979-08-27,1979-09-02
None,Gaziantepspor,TUR,1,1181.6953125,1979-09-03,1979-09-09
None,Gaziantepspor,TUR,1,1178.41748047,1979-09-10,1979-09-16
None,Gaziantepspor,TUR,1,1182.82006836,1979-09-17,1979-09-19
None,Gaziantepspor,TUR,1,1189.25720215,1979-09-20,1979-09-22
None,Gaziantepspor,TUR,1,1196.60839844,1979-09-23,1979-09-30
None,Gaziantepspor,TUR,1,1204.99487305,1979-10-01,1979-10-03
None,Gaziantepspor,TUR,1,1192.16625977,1979-10-04,1979-10-07
None,Gaziantepspor,TUR,1,1188.96240234,1979-10-08,1979-10-21
None,Gaziantepspor,TUR,1,1177.85974121,1979-10-22,1979-11-04
None,Gaziantepspor,TUR,1,1182.81311035,1979-11-05,1979-11-11
None,Gaziantepspor,TUR,1,1179.47363281,1979-11-12,1979-11-25
None,Gaziantepspor,TUR,1,1184.92700195,1979-11-26,1979-12-02
None,Gaziantepspor,TUR,1,1182.21435547,1979-12-03,1979-12-09
None,Gaziantepspor,TUR,1,1188.12060547,1979-12-10,1979-12-30
None,Gaziantepspor,TUR,1,1180.86608887,1979-12-31,1980-01-06
None,Gaziantepspor,TUR,1,1199.19287109,1980-01-07,1980-02-10
None,Gaziantepspor,TUR,1,1195.84155273,1980-02-11,1980-02-17
None,Gaziantepspor,TUR,1,1190.8848877,1980-02-18,1980-02-24
None,Gaziantepspor,TUR,1,1187.95947266,1980-02-25,1980-03-02
None,Gaziantepspor,TUR,1,1181.2935791,1980-03-03,1980-03-09
None,Gaziantepspor,TUR,1,1180.44677734,1980-03-10,1980-03-16
None,Gaziantepspor,TUR,1,1178.24328613,1980-03-17,1980-03-23
None,Gaziantepspor,TUR,1,1188.98266602,1980-03-24,1980-03-30
None,Gaziantepspor,TUR,1,1185.94616699,1980-03-31,1980-04-13
None,Gaziantepspor,TUR,1,1182.36230469,1980-04-14,1980-04-20
None,Gaziantepspor,TUR,1,1187.17956543,1980-04-21,1980-04-27
None,Gaziantepspor,TUR,1,1193.86071777,1980-04-28,1980-05-04
None,Gaziantepspor,TUR,1,1189.45227051,1980-05-05,1980-05-11
None,Gaziantepspor,TUR,1,1195.01696777,1980-05-12,1980-05-19
None,Gaziantepspor,TUR,1,1200.19470215,1980-05-20,1980-05-25
None,Gaziantepspor,TUR,1,1198.38952637,1980-05-26,1980-08-20
None,Gaziantepspor,TUR,1,1198.66442871,1980-08-21,1980-08-24
None,Gaziantepspor,TUR,1,1195.08947754,1980-08-25,1980-08-31
None,Gaziantepspor,TUR,1,1198.41442871,1980-09-01,1980-09-03
None,Gaziantepspor,TUR,1,1196.87353516,1980-09-04,1980-09-07
None,Gaziantepspor,TUR,1,1193.40283203,1980-09-08,1980-09-17
None,Gaziantepspor,TUR,1,1188.96899414,1980-09-18,1980-09-27
None,Gaziantepspor,TUR,1,1198.72351074,1980-09-28,1980-10-01
None,Gaziantepspor,TUR,1,1188.35595703,1980-10-02,1980-10-19
None,Gaziantepspor,TUR,1,1192.88879395,1980-10-20,1980-10-25
None,Gaziantepspor,TUR,1,1198.94091797,1980-10-26,1980-11-02
None,Gaziantepspor,TUR,1,1201.92321777,1980-11-03,1980-11-09
None,Gaziantepspor,TUR,1,1207.1015625,1980-11-10,1980-11-16
None,Gaziantepspor,TUR,1,1202.17504883,1980-11-17,1980-11-23
None,Gaziantepspor,TUR,1,1197.70336914,1980-11-24,1980-12-07
None,Gaziantepspor,TUR,1,1188.34631348,1980-12-08,1980-12-14
None,Gaziantepspor,TUR,1,1192.96350098,1980-12-15,1980-12-21
None,Gaziantepspor,TUR,1,1203.56433105,1980-12-22,1980-12-28
None,Gaziantepspor,TUR,1,1202.00671387,1980-12-29,1981-01-04
None,Gaziantepspor,TUR,1,1197.43322754,1981-01-05,1981-02-01
None,Gaziantepspor,TUR,1,1192.96520996,1981-02-02,1981-02-08
None,Gaziantepspor,TUR,1,1196.62414551,1981-02-09,1981-02-15
None,Gaziantepspor,TUR,1,1191.19458008,1981-02-16,1981-02-22
None,Gaziantepspor,TUR,1,1200.33422852,1981-02-23,1981-03-01
None,Gaziantepspor,TUR,1,1195.51586914,1981-03-02,1981-03-08
None,Gaziantepspor,TUR,1,1192.39196777,1981-03-09,1981-03-15
None,Gaziantepspor,TUR,1,1188.07165527,1981-03-16,1981-03-29
None,Gaziantepspor,TUR,1,1194.3873291,1981-03-30,1981-04-05
None,Gaziantepspor,TUR,1,1197.58520508,1981-04-06,1981-04-19
None,Gaziantepspor,TUR,1,1211.27722168,1981-04-20,1981-04-26
None,Gaziantepspor,TUR,1,1216.28259277,1981-04-27,1981-05-03
None,Gaziantepspor,TUR,1,1221.12109375,1981-05-04,1981-05-10
None,Gaziantepspor,TUR,1,1215.4074707,1981-05-11,1981-05-17
None,Gaziantepspor,TUR,1,1208.8659668,1981-05-18,1981-05-23
None,Gaziantepspor,TUR,1,1223.04980469,1981-05-24,1981-09-05
None,Gaziantepspor,TUR,1,1216.09814453,1981-09-06,1981-09-13
None,Gaziantepspor,TUR,1,1212.296875,1981-09-14,1981-09-16
None,Gaziantepspor,TUR,1,1209.86206055,1981-09-17,1981-09-19
None,Gaziantepspor,TUR,1,1204.90161133,1981-09-20,1981-09-27
None,Gaziantepspor,TUR,1,1209.59643555,1981-09-28,1981-09-30
None,Gaziantepspor,TUR,1,1207.33361816,1981-10-01,1981-10-11
None,Gaziantepspor,TUR,1,1202.75524902,1981-10-12,1981-10-18
None,Gaziantepspor,TUR,1,1208.68859863,1981-10-19,1981-10-25
None,Gaziantepspor,TUR,1,1213.66210938,1981-10-26,1981-11-08
None,Gaziantepspor,TUR,1,1207.76416016,1981-11-09,1981-11-15
None,Gaziantepspor,TUR,1,1201.17126465,1981-11-16,1981-11-22
None,Gaziantepspor,TUR,1,1205.44445801,1981-11-23,1981-11-29
None,Gaziantepspor,TUR,1,1194.37731934,1981-11-30,1981-12-06
None,Gaziantepspor,TUR,1,1191.01953125,1981-12-07,1981-12-13
None,Gaziantepspor,TUR,1,1187.20593262,1981-12-14,1981-12-20
None,Gaziantepspor,TUR,1,1183.12231445,1981-12-21,1981-12-27
None,Gaziantepspor,TUR,1,1186.37768555,1981-12-28,1982-01-03
None,Gaziantepspor,TUR,1,1190.85192871,1982-01-04,1982-02-21
None,Gaziantepspor,TUR,1,1175.48913574,1982-02-22,1982-02-28
None,Gaziantepspor,TUR,1,1170.2010498,1982-03-01,1982-03-07
None,Gaziantepspor,TUR,1,1174.94274902,1982-03-08,1982-03-14
None,Gaziantepspor,TUR,1,1172.87475586,1982-03-15,1982-03-21
None,Gaziantepspor,TUR,1,1177.45239258,1982-03-22,1982-03-28
None,Gaziantepspor,TUR,1,1187.30053711,1982-03-29,1982-04-04
None,Gaziantepspor,TUR,1,1180.27783203,1982-04-05,1982-04-11
None,Gaziantepspor,TUR,1,1176.92297363,1982-04-12,1982-04-25
None,Gaziantepspor,TUR,1,1177.55383301,1982-04-26,1982-05-02
None,Gaziantepspor,TUR,1,1187.72949219,1982-05-03,1982-05-09
None,Gaziantepspor,TUR,1,1188.12023926,1982-05-10,1982-05-16
None,Gaziantepspor,TUR,1,1184.21118164,1982-05-17,1982-05-23
None,Gaziantepspor,TUR,1,1192.41040039,1982-05-24,1982-05-30
None,Gaziantepspor,TUR,1,1196.3482666,1982-05-31,1982-06-06
None,Gaziantepspor,TUR,1,1203.51574707,1982-06-07,1982-06-13
None,Gaziantepspor,TUR,1,1218.07885742,1982-06-14,1982-08-29
None,Gaziantepspor,TUR,1,1223.01977539,1982-08-30,1982-09-12
None,Gaziantepspor,TUR,1,1218.15368652,1982-09-13,1982-09-15
None,Gaziantepspor,TUR,1,1215.99108887,1982-09-16,1982-09-19
None,Gaziantepspor,TUR,1,1219.74572754,1982-09-20,1982-09-26
None,Gaziantepspor,TUR,1,1216.47680664,1982-09-27,1982-09-29
None,Gaziantepspor,TUR,1,1221.31030273,1982-09-30,1982-10-03
None,Gaziantepspor,TUR,1,1216.07043457,1982-10-04,1982-10-10
None,Gaziantepspor,TUR,1,1206.93322754,1982-10-11,1982-10-17
None,Gaziantepspor,TUR,1,1216.27111816,1982-10-18,1982-10-20
None,Gaziantepspor,TUR,1,1211.13757324,1982-10-21,1982-10-23
None,Gaziantepspor,TUR,1,1208.21594238,1982-10-24,1982-10-31
None,Gaziantepspor,TUR,1,1203.7755127,1982-11-01,1982-11-03
None,Gaziantepspor,TUR,1,1206.08496094,1982-11-04,1982-11-21
None,Gaziantepspor,TUR,1,1211.43798828,1982-11-22,1982-11-28
None,Gaziantepspor,TUR,1,1217.14624023,1982-11-29,1982-12-04
None,Gaziantepspor,TUR,1,1213.26660156,1982-12-05,1982-12-12
None,Gaziantepspor,TUR,1,1208.88757324,1982-12-13,1982-12-19
None,Gaziantepspor,TUR,1,1204.13977051,1982-12-20,1982-12-26
None,Gaziantepspor,TUR,1,1199.06860352,1982-12-27,1983-01-02
None,Gaziantepspor,TUR,1,1193.24255371,1983-01-03,1983-01-09
None,Gaziantepspor,TUR,1,1201.07702637,1983-01-10,1983-02-20
None,Gaziantepspor,TUR,1,1196.23535156,1983-02-21,1983-03-06
None,Gaziantepspor,TUR,1,1192.40820312,1983-03-07,1983-03-20
None,Gaziantepspor,TUR,1,1186.99597168,1983-03-21,1983-03-26
None,Gaziantepspor,TUR,1,1193.69934082,1983-03-27,1983-04-03
None,Gaziantepspor,TUR,1,1190.1697998,1983-04-04,1983-04-10
None,Gaziantepspor,TUR,1,1181.30273438,1983-04-11,1983-04-17
None,Gaziantepspor,TUR,1,1186.73364258,1983-04-18,1983-04-27
None,Gaziantepspor,TUR,1,1178.92736816,1983-04-28,1983-05-01
None,Gaziantepspor,TUR,1,1174.36560059,1983-05-02,1983-05-04
None,Gaziantepspor,TUR,1,1169.8984375,1983-05-05,1983-05-07
None,Gaziantepspor,TUR,1,1173.60095215,1983-05-08,1983-05-15
None,Gaziantepspor,TUR,1,1181.4276123,1983-05-16,1983-05-22
None,Gaziantepspor,TUR,1,1177.78601074,1983-05-23,1983-05-29
None,Gaziantepspor,TUR,1,1174.94238281,1983-05-30,1983-06-05
None,Gaziantepspor,TUR,1,1169.39978027,1983-06-06,1983-06-12
None,Gaziantepspor,TUR,1,1173.87280273,1983-06-13,1983-06-19
None,Gaziantepspor,TUR,1,1169.05700684,1983-06-20,1983-07-01
None,Gaziantepspor,TUR,1,1146.56628418,1990-07-02,1990-08-19
None,Gaziantepspor,TUR,1,1148.48876953,1990-08-20,1990-08-25
None,Gaziantepspor,TUR,1,1145.78942871,1990-08-26,1990-09-02
None,Gaziantepspor,TUR,1,1150.0291748,1990-09-03,1990-09-04
None,Gaziantepspor,TUR,1,1152.20812988,1990-09-05,1990-09-09
None,Gaziantepspor,TUR,1,1163.66320801,1990-09-10,1990-09-16
None,Gaziantepspor,TUR,1,1159.9708252,1990-09-17,1990-09-19
None,Gaziantepspor,TUR,1,1176.97167969,1990-09-20,1990-09-23
None,Gaziantepspor,TUR,1,1183.70605469,1990-09-24,1990-09-30
None,Gaziantepspor,TUR,1,1196.82409668,1990-10-01,1990-10-03
None,Gaziantepspor,TUR,1,1194.70458984,1990-10-04,1990-10-07
None,Gaziantepspor,TUR,1,1197.44348145,1990-10-08,1990-10-20
None,Gaziantepspor,TUR,1,1195.33312988,1990-10-21,1990-10-24
None,Gaziantepspor,TUR,1,1193.50085449,1990-10-25,1990-10-28
None,Gaziantepspor,TUR,1,1191.87939453,1990-10-29,1990-11-04
None,Gaziantepspor,TUR,1,1204.93981934,1990-11-05,1990-11-07
None,Gaziantepspor,TUR,1,1204.04956055,1990-11-08,1990-11-18
None,Gaziantepspor,TUR,1,1192.76696777,1990-11-19,1990-11-25
None,Gaziantepspor,TUR,1,1185.70666504,1990-11-26,1990-12-02
None,Gaziantepspor,TUR,1,1199.51123047,1990-12-03,1990-12-09
None,Gaziantepspor,TUR,1,1198.40881348,1990-12-10,1990-12-15
None,Gaziantepspor,TUR,1,1189.94616699,1990-12-16,1991-01-27
None,Gaziantepspor,TUR,1,1188.32897949,1991-01-28,1991-02-03
None,Gaziantepspor,TUR,1,1194.20751953,1991-02-04,1991-02-10
None,Gaziantepspor,TUR,1,1189.11218262,1991-02-11,1991-02-17
None,Gaziantepspor,TUR,1,1195.38549805,1991-02-18,1991-02-24
None,Gaziantepspor,TUR,1,1190.82165527,1991-02-25,1991-03-03
None,Gaziantepspor,TUR,1,1198.890625,1991-03-04,1991-03-09
None,Gaziantepspor,TUR,1,1196.57580566,1991-03-10,1991-03-17
None,Gaziantepspor,TUR,1,1200.57910156,1991-03-18,1991-03-24
None,Gaziantepspor,TUR,1,1195.85595703,1991-03-25,1991-03-31
None,Gaziantepspor,TUR,1,1187.03662109,1991-04-01,1991-04-07
None,Gaziantepspor,TUR,1,1177.57763672,1991-04-08,1991-04-21
None,Gaziantepspor,TUR,1,1175.30432129,1991-04-22,1991-05-05
None,Gaziantepspor,TUR,1,1180.54711914,1991-05-06,1991-05-12
None,Gaziantepspor,TUR,1,1193.75500488,1991-05-13,1991-05-18
None,Gaziantepspor,TUR,1,1191.1574707,1991-05-19,1991-09-01
None,Gaziantepspor,TUR,1,1202.04431152,1991-09-02,1991-09-08
None,Gaziantepspor,TUR,1,1212.34838867,1991-09-09,1991-09-11
None,Gaziantepspor,TUR,1,1228.66271973,1991-09-12,1991-09-15
None,Gaziantepspor,TUR,1,1233.78942871,1991-09-16,1991-09-18
None,Gaziantepspor,TUR,1,1238.67407227,1991-09-19,1991-09-22
None,Gaziantepspor,TUR,1,1235.40930176,1991-09-23,1991-09-29
None,Gaziantepspor,TUR,1,1231.77697754,1991-09-30,1991-10-01
None,Gaziantepspor,TUR,1,1235.69506836,1991-10-02,1991-10-02
None,Gaziantepspor,TUR,1,1238.7043457,1991-10-03,1991-10-06
None,Gaziantepspor,TUR,1,1229.51928711,1991-10-07,1991-10-19
None,Gaziantepspor,TUR,1,1232.29455566,1991-10-20,1991-10-23
None,Gaziantepspor,TUR,1,1238.5682373,1991-10-24,1991-10-27
None,Gaziantepspor,TUR,1,1245.16381836,1991-10-28,1991-11-02
None,Gaziantepspor,TUR,1,1241.02563477,1991-11-03,1991-11-06
None,Gaziantepspor,TUR,1,1269.32861328,1991-11-07,1991-11-17
None,Gaziantepspor,TUR,1,1273.29467773,1991-11-18,1991-11-24
None,Gaziantepspor,TUR,1,1271.87011719,1991-11-25,1991-11-27
None,Gaziantepspor,TUR,1,1270.55957031,1991-11-28,1991-12-01
None,Gaziantepspor,TUR,1,1275.19372559,1991-12-02,1991-12-08
None,Gaziantepspor,TUR,1,1274.7199707,1991-12-09,1991-12-11
None,Gaziantepspor,TUR,1,1269.0612793,1991-12-12,1991-12-15
None,Gaziantepspor,TUR,1,1261.06005859,1991-12-16,1991-12-22
None,Gaziantepspor,TUR,1,1264.90234375,1991-12-23,1992-02-09
None,Gaziantepspor,TUR,1,1269.67651367,1992-02-10,1992-02-16
None,Gaziantepspor,TUR,1,1266.62976074,1992-02-17,1992-02-23
None,Gaziantepspor,TUR,1,1275.7421875,1992-02-24,1992-02-28
None,Gaziantepspor,TUR,1,1274.59106445,1992-02-29,1992-03-04
None,Gaziantepspor,TUR,1,1275.08740234,1992-03-05,1992-03-08
None,Gaziantepspor,TUR,1,1274.92614746,1992-03-09,1992-03-15
None,Gaziantepspor,TUR,1,1279.29772949,1992-03-16,1992-03-18
None,Gaziantepspor,TUR,1,1274.02355957,1992-03-19,1992-03-22
None,Gaziantepspor,TUR,1,1282.41833496,1992-03-23,1992-03-29
None,Gaziantepspor,TUR,1,1275.39306641,1992-03-30,1992-04-05
None,Gaziantepspor,TUR,1,1291.69091797,1992-04-06,1992-04-12
None,Gaziantepspor,TUR,1,1269.84899902,1992-04-13,1992-04-18
None,Gaziantepspor,TUR,1,1262.5880127,1992-04-19,1992-04-26
None,Gaziantepspor,TUR,1,1261.05505371,1992-04-27,1992-05-03
None,Gaziantepspor,TUR,1,1253.68811035,1992-05-04,1992-05-10
None,Gaziantepspor,TUR,1,1251.59985352,1992-05-11,1992-05-16
None,Gaziantepspor,TUR,1,1249.22766113,1992-05-17,1992-08-23
None,Gaziantepspor,TUR,1,1242.36022949,1992-08-24,1992-08-30
None,Gaziantepspor,TUR,1,1238.94702148,1992-08-31,1992-09-06
None,Gaziantepspor,TUR,1,1250.69909668,1992-09-07,1992-09-12
None,Gaziantepspor,TUR,1,1257.16308594,1992-09-13,1992-09-16
None,Gaziantepspor,TUR,1,1255.89038086,1992-09-17,1992-09-27
None,Gaziantepspor,TUR,1,1250.37475586,1992-09-28,1992-09-28
None,Gaziantepspor,TUR,1,1255.72998047,1992-09-29,1992-09-29
None,Gaziantepspor,TUR,1,1259.11206055,1992-09-30,1992-09-30
None,Gaziantepspor,TUR,1,1254.01647949,1992-10-01,1992-10-04
None,Gaziantepspor,TUR,1,1260.28063965,1992-10-05,1992-10-11
None,Gaziantepspor,TUR,1,1263.59912109,1992-10-12,1992-10-18
None,Gaziantepspor,TUR,1,1244.20141602,1992-10-19,1992-10-21
None,Gaziantepspor,TUR,1,1247.83239746,1992-10-22,1992-10-31
None,Gaziantepspor,TUR,1,1240.34265137,1992-11-01,1992-11-04
None,Gaziantepspor,TUR,1,1238.50463867,1992-11-05,1992-11-08
None,Gaziantepspor,TUR,1,1233.19372559,1992-11-09,1992-11-14
None,Gaziantepspor,TUR,1,1246.30639648,1992-11-15,1992-11-22
None,Gaziantepspor,TUR,1,1240.6796875,1992-11-23,1992-11-25
None,Gaziantepspor,TUR,1,1239.18933105,1992-11-26,1992-11-29
None,Gaziantepspor,TUR,1,1229.87402344,1992-11-30,1992-12-06
None,Gaziantepspor,TUR,1,1234.39489746,1992-12-07,1992-12-09
None,Gaziantepspor,TUR,1,1233.80407715,1992-12-10,1992-12-20
None,Gaziantepspor,TUR,1,1230.07092285,1992-12-21,1993-01-23
None,Gaziantepspor,TUR,1,1239.15808105,1993-01-24,1993-01-31
None,Gaziantepspor,TUR,1,1247.30224609,1993-02-01,1993-02-07
None,Gaziantepspor,TUR,1,1238.15478516,1993-02-08,1993-02-13
None,Gaziantepspor,TUR,1,1236.91333008,1993-02-14,1993-02-21
None,Gaziantepspor,TUR,1,1250.94628906,1993-02-22,1993-02-28
None,Gaziantepspor,TUR,1,1261.29711914,1993-03-01,1993-03-14
None,Gaziantepspor,TUR,1,1267.61218262,1993-03-15,1993-03-21
None,Gaziantepspor,TUR,1,1270.73254395,1993-03-22,1993-04-03
None,Gaziantepspor,TUR,1,1268.56066895,1993-04-04,1993-04-11
None,Gaziantepspor,TUR,1,1279.51745605,1993-04-12,1993-05-02
None,Gaziantepspor,TUR,1,1291.45947266,1993-05-03,1993-05-09
None,Gaziantepspor,TUR,1,1281.62573242,1993-05-10,1993-05-16
None,Gaziantepspor,TUR,1,1269.16625977,1993-05-17,1993-05-23
None,Gaziantepspor,TUR,1,1282.62841797,1993-05-24,1993-05-30
None,Gaziantepspor,TUR,1,1278.88500977,1993-05-31,1993-08-29
None,Gaziantepspor,TUR,1,1290.07641602,1993-08-30,1993-09-05
None,Gaziantepspor,TUR,1,1293.70227051,1993-09-06,1993-09-12
None,Gaziantepspor,TUR,1,1305.29943848,1993-09-13,1993-09-15
None,Gaziantepspor,TUR,1,1302.4029541,1993-09-16,1993-09-19
None,Gaziantepspor,TUR,1,1292.64099121,1993-09-20,1993-09-26
None,Gaziantepspor,TUR,1,1289.39526367,1993-09-27,1993-09-28
None,Gaziantepspor,TUR,1,1289.66149902,1993-09-29,1993-09-29
None,Gaziantepspor,TUR,1,1295.92773438,1993-09-30,1993-10-03
None,Gaziantepspor,TUR,1,1285.64086914,1993-10-04,1993-10-10
None,Gaziantepspor,TUR,1,1275.89074707,1993-10-11,1993-10-17
None,Gaziantepspor,TUR,1,1277.5144043,1993-10-18,1993-10-20
None,Gaziantepspor,TUR,1,1284.7121582,1993-10-21,1993-11-02
None,Gaziantepspor,TUR,1,1275.8782959,1993-11-03,1993-11-03
None,Gaziantepspor,TUR,1,1279.81286621,1993-11-04,1993-11-14
None,Gaziantepspor,TUR,1,1277.06079102,1993-11-15,1993-11-21
None,Gaziantepspor,TUR,1,1290.09558105,1993-11-22,1993-11-24
None,Gaziantepspor,TUR,1,1290.87988281,1993-11-25,1993-11-27
None,Gaziantepspor,TUR,1,1288.78015137,1993-11-28,1993-12-01
None,Gaziantepspor,TUR,1,1286.1463623,1993-12-02,1993-12-05
None,Gaziantepspor,TUR,1,1285.0333252,1993-12-06,1993-12-08
None,Gaziantepspor,TUR,1,1289.02246094,1993-12-09,1993-12-12
None,Gaziantepspor,TUR,1,1294.0748291,1993-12-13,1993-12-19
None,Gaziantepspor,TUR,1,1288.10681152,1993-12-20,1994-02-06
None,Gaziantepspor,TUR,1,1307.47241211,1994-02-07,1994-02-13
None,Gaziantepspor,TUR,1,1315.53808594,1994-02-14,1994-02-20
None,Gaziantepspor,TUR,1,1311.26342773,1994-02-21,1994-02-27
None,Gaziantepspor,TUR,1,1315.91357422,1994-02-28,1994-03-02
None,Gaziantepspor,TUR,1,1312.18945312,1994-03-03,1994-03-06
None,Gaziantepspor,TUR,1,1323.31140137,1994-03-07,1994-03-13
None,Gaziantepspor,TUR,1,1311.10400391,1994-03-14,1994-03-16
None,Gaziantepspor,TUR,1,1301.15393066,1994-03-17,1994-03-20
None,Gaziantepspor,TUR,1,1295.23498535,1994-03-21,1994-03-26
None,Gaziantepspor,TUR,1,1290.30358887,1994-03-27,1994-03-30
None,Gaziantepspor,TUR,1,1288.75732422,1994-03-31,1994-04-03
None,Gaziantepspor,TUR,1,1287.24951172,1994-04-04,1994-04-10
None,Gaziantepspor,TUR,1,1290.44592285,1994-04-11,1994-04-13
None,Gaziantepspor,TUR,1,1283.50439453,1994-04-14,1994-04-17
None,Gaziantepspor,TUR,1,1278.4206543,1994-04-18,1994-04-24
None,Gaziantepspor,TUR,1,1272.59423828,1994-04-25,1994-05-01
None,Gaziantepspor,TUR,1,1284.7779541,1994-05-02,1994-05-08
None,Gaziantepspor,TUR,1,1277.18908691,1994-05-09,1994-05-15
None,Gaziantepspor,TUR,1,1286.41662598,1994-05-16,1994-08-09
None,Gaziantepspor,TUR,1,1287.90026855,1994-08-10,1994-08-10
None,Gaziantepspor,TUR,1,1288.03491211,1994-08-11,1994-08-14
None,Gaziantepspor,TUR,1,1282.48254395,1994-08-15,1994-08-21
None,Gaziantepspor,TUR,1,1288.33666992,1994-08-22,1994-08-23
None,Gaziantepspor,TUR,1,1288.41564941,1994-08-24,1994-08-24
None,Gaziantepspor,TUR,1,1288.44384766,1994-08-25,1994-08-28
None,Gaziantepspor,TUR,1,1284.82312012,1994-08-29,1994-09-11
None,Gaziantepspor,TUR,1,1288.95849609,1994-09-12,1994-09-13
None,Gaziantepspor,TUR,1,1281.7253418,1994-09-14,1994-09-14
None,Gaziantepspor,TUR,1,1280.99023438,1994-09-15,1994-09-15
None,Gaziantepspor,TUR,1,1282.69311523,1994-09-16,1994-09-18
None,Gaziantepspor,TUR,1,1276.4543457,1994-09-19,1994-09-24
None,Gaziantepspor,TUR,1,1269.12121582,1994-09-25,1994-09-27
None,Gaziantepspor,TUR,1,1272.42797852,1994-09-28,1994-09-28
None,Gaziantepspor,TUR,1,1274.28283691,1994-09-29,1994-09-29
None,Gaziantepspor,TUR,1,1274.95239258,1994-09-30,1994-10-02
None,Gaziantepspor,TUR,1,1267.44873047,1994-10-03,1994-10-08
None,Gaziantepspor,TUR,1,1272.94482422,1994-10-09,1994-10-15
None,Gaziantepspor,TUR,1,1269.43798828,1994-10-16,1994-10-18
None,Gaziantepspor,TUR,1,1272.06518555,1994-10-19,1994-10-19
None,Gaziantepspor,TUR,1,1269.74047852,1994-10-20,1994-10-20
None,Gaziantepspor,TUR,1,1268.20019531,1994-10-21,1994-10-23
None,Gaziantepspor,TUR,1,1272.07568359,1994-10-24,1994-10-30
None,Gaziantepspor,TUR,1,1263.95739746,1994-10-31,1994-11-01
None,Gaziantepspor,TUR,1,1268.95422363,1994-11-02,1994-11-02
None,Gaziantepspor,TUR,1,1262.20300293,1994-11-03,1994-11-03
None,Gaziantepspor,TUR,1,1260.6027832,1994-11-04,1994-11-06
None,Gaziantepspor,TUR,1,1266.5168457,1994-11-07,1994-11-13
None,Gaziantepspor,TUR,1,1268.99462891,1994-11-14,1994-11-20
None,Gaziantepspor,TUR,1,1260.32299805,1994-11-21,1994-11-22
None,Gaziantepspor,TUR,1,1259.61230469,1994-11-23,1994-11-23
None,Gaziantepspor,TUR,1,1266.87731934,1994-11-24,1994-11-27
None,Gaziantepspor,TUR,1,1271.49047852,1994-11-28,1994-12-04
None,Gaziantepspor,TUR,1,1273.0592041,1994-12-05,1994-12-06
None,Gaziantepspor,TUR,1,1272.91052246,1994-12-07,1994-12-07
None,Gaziantepspor,TUR,1,1271.49511719,1994-12-08,1994-12-18
None,Gaziantepspor,TUR,1,1275.05371094,1994-12-19,1995-01-23
None,Gaziantepspor,TUR,1,1279.97314453,1995-01-24,1995-01-29
None,Gaziantepspor,TUR,1,1274.59069824,1995-01-30,1995-02-05
None,Gaziantepspor,TUR,1,1284.18139648,1995-02-06,1995-02-12
None,Gaziantepspor,TUR,1,1276.63708496,1995-02-13,1995-02-19
None,Gaziantepspor,TUR,1,1280.95422363,1995-02-20,1995-02-26
None,Gaziantepspor,TUR,1,1278.59008789,1995-02-27,1995-03-05
None,Gaziantepspor,TUR,1,1287.30493164,1995-03-06,1995-03-12
None,Gaziantepspor,TUR,1,1303.25927734,1995-03-13,1995-03-19
None,Gaziantepspor,TUR,1,1314.97802734,1995-03-20,1995-03-26
None,Gaziantepspor,TUR,1,1315.0168457,1995-03-27,1995-04-02
None,Gaziantepspor,TUR,1,1321.48010254,1995-04-03,1995-04-08
None,Gaziantepspor,TUR,1,1330.8963623,1995-04-09,1995-04-16
None,Gaziantepspor,TUR,1,1336.20568848,1995-04-17,1995-04-30
None,Gaziantepspor,TUR,1,1330.72912598,1995-05-01,1995-05-07
None,Gaziantepspor,TUR,1,1328.88476562,1995-05-08,1995-05-14
None,Gaziantepspor,TUR,1,1332.88818359,1995-05-15,1995-05-21
None,Gaziantepspor,TUR,1,1330.1965332,1995-05-22,1995-08-08
None,Gaziantepspor,TUR,1,1327.54394531,1995-08-09,1995-08-09
None,Gaziantepspor,TUR,1,1316.88000488,1995-08-10,1995-08-13
None,Gaziantepspor,TUR,1,1311.76818848,1995-08-14,1995-08-20
None,Gaziantepspor,TUR,1,1315.05859375,1995-08-21,1995-08-22
None,Gaziantepspor,TUR,1,1313.7064209,1995-08-23,1995-08-23
None,Gaziantepspor,TUR,1,1315.58813477,1995-08-24,1995-08-26
None,Gaziantepspor,TUR,1,1304.87646484,1995-08-27,1995-09-09
None,Gaziantepspor,TUR,1,1307.68908691,1995-09-10,1995-09-12
None,Gaziantepspor,TUR,1,1303.78479004,1995-09-13,1995-09-14
None,Gaziantepspor,TUR,1,1307.38757324,1995-09-15,1995-09-17
None,Gaziantepspor,TUR,1,1300.66271973,1995-09-18,1995-09-24
None,Gaziantepspor,TUR,1,1307.91210938,1995-09-25,1995-09-27
None,Gaziantepspor,TUR,1,1306.38708496,1995-09-28,1995-09-28
None,Gaziantepspor,TUR,1,1308.29125977,1995-09-29,1995-09-29
None,Gaziantepspor,TUR,1,1309.47399902,1995-09-30,1995-10-15
None,Gaziantepspor,TUR,1,1313.00402832,1995-10-16,1995-10-19
None,Gaziantepspor,TUR,1,1309.8157959,1995-10-20,1995-10-22
None,Gaziantepspor,TUR,1,1319.93408203,1995-10-23,1995-10-29
None,Gaziantepspor,TUR,1,1323.24853516,1995-10-30,1995-11-02
None,Gaziantepspor,TUR,1,1320.74914551,1995-11-03,1995-11-05
None,Gaziantepspor,TUR,1,1323.57653809,1995-11-06,1995-11-19
None,Gaziantepspor,TUR,1,1333.05224609,1995-11-20,1995-11-25
None,Gaziantepspor,TUR,1,1334.62219238,1995-11-26,1995-12-03
None,Gaziantepspor,TUR,1,1327.39428711,1995-12-04,1995-12-10
None,Gaziantepspor,TUR,1,1330.75036621,1995-12-11,1995-12-17
None,Gaziantepspor,TUR,1,1326.40002441,1995-12-18,1995-12-23
None,Gaziantepspor,TUR,1,1332.6204834,1995-12-24,1996-01-28
None,Gaziantepspor,TUR,1,1340.0892334,1996-01-29,1996-02-03
None,Gaziantepspor,TUR,1,1347.89892578,1996-02-04,1996-02-11
None,Gaziantepspor,TUR,1,1317.10827637,1996-02-12,1996-02-17
None,Gaziantepspor,TUR,1,1315.50524902,1996-02-18,1996-02-25
None,Gaziantepspor,TUR,1,1321.41625977,1996-02-26,1996-03-03
None,Gaziantepspor,TUR,1,1309.08410645,1996-03-04,1996-03-10
None,Gaziantepspor,TUR,1,1312.52246094,1996-03-11,1996-03-17
None,Gaziantepspor,TUR,1,1301.85095215,1996-03-18,1996-03-24
None,Gaziantepspor,TUR,1,1293.23742676,1996-03-25,1996-03-31
None,Gaziantepspor,TUR,1,1280.43225098,1996-04-01,1996-04-05
None,Gaziantepspor,TUR,1,1278.82861328,1996-04-06,1996-04-14
None,Gaziantepspor,TUR,1,1282.77197266,1996-04-15,1996-04-20
None,Gaziantepspor,TUR,1,1280.27404785,1996-04-21,1996-04-28
None,Gaziantepspor,TUR,1,1284.95800781,1996-04-29,1996-05-05
None,Gaziantepspor,TUR,1,1294.53833008,1996-05-06,1996-05-12
None,Gaziantepspor,TUR,1,1302.70874023,1996-05-13,1996-05-19
None,Gaziantepspor,TUR,1,1312.78869629,1996-05-20,1996-08-06
None,Gaziantepspor,TUR,1,1310.33105469,1996-08-07,1996-08-07
None,Gaziantepspor,TUR,1,1312.8503418,1996-08-08,1996-08-11
None,Gaziantepspor,TUR,1,1307.94055176,1996-08-12,1996-08-18
None,Gaziantepspor,TUR,1,1324.83459473,1996-08-19,1996-08-20
None,Gaziantepspor,TUR,1,1346.02355957,1996-08-21,1996-08-21
None,Gaziantepspor,TUR,1,1345.74780273,1996-08-22,1996-08-25
None,Gaziantepspor,TUR,1,1344.72119141,1996-08-26,1996-09-08
None,Gaziantepspor,TUR,1,1338.70739746,1996-09-09,1996-09-10
None,Gaziantepspor,TUR,1,1341.50805664,1996-09-11,1996-09-11
None,Gaziantepspor,TUR,1,1345.54821777,1996-09-12,1996-09-12
None,Gaziantepspor,TUR,1,1346.08666992,1996-09-13,1996-09-15
None,Gaziantepspor,TUR,1,1348.60644531,1996-09-16,1996-09-22
None,Gaziantepspor,TUR,1,1353.46850586,1996-09-23,1996-09-24
None,Gaziantepspor,TUR,1,1362.2947998,1996-09-25,1996-09-25
None,Gaziantepspor,TUR,1,1359.70251465,1996-09-26,1996-09-26
None,Gaziantepspor,TUR,1,1360.3215332,1996-09-27,1996-09-29
None,Gaziantepspor,TUR,1,1354.49157715,1996-09-30,1996-10-06
None,Gaziantepspor,TUR,1,1358.40966797,1996-10-07,1996-10-13
None,Gaziantepspor,TUR,1,1364.77001953,1996-10-14,1996-10-15
None,Gaziantepspor,TUR,1,1367.24829102,1996-10-16,1996-10-16
None,Gaziantepspor,TUR,1,1361.35424805,1996-10-17,1996-10-17
None,Gaziantepspor,TUR,1,1367.33703613,1996-10-18,1996-10-20
None,Gaziantepspor,TUR,1,1362.12097168,1996-10-21,1996-10-27
None,Gaziantepspor,TUR,1,1365.00219727,1996-10-28,1996-10-29
None,Gaziantepspor,TUR,1,1366.93432617,1996-10-30,1996-10-30
None,Gaziantepspor,TUR,1,1375.99353027,1996-10-31,1996-10-31
None,Gaziantepspor,TUR,1,1368.79772949,1996-11-01,1996-11-03
None,Gaziantepspor,TUR,1,1377.84814453,1996-11-04,1996-11-17
None,Gaziantepspor,TUR,1,1382.37133789,1996-11-18,1996-11-19
None,Gaziantepspor,TUR,1,1380.42004395,1996-11-20,1996-11-24
None,Gaziantepspor,TUR,1,1380.6463623,1996-11-25,1996-11-28
None,Gaziantepspor,TUR,1,1384.92260742,1996-11-29,1996-12-01
None,Gaziantepspor,TUR,1,1390.92041016,1996-12-02,1996-12-03
None,Gaziantepspor,TUR,1,1389.36523438,1996-12-04,1996-12-04
None,Gaziantepspor,TUR,1,1388.40002441,1996-12-05,1996-12-08
None,Gaziantepspor,TUR,1,1395.64013672,1996-12-09,1996-12-22
None,Gaziantepspor,TUR,1,1407.07666016,1996-12-23,1997-01-19
None,Gaziantepspor,TUR,1,1404.72973633,1997-01-20,1997-01-26
None,Gaziantepspor,TUR,1,1402.7833252,1997-01-27,1997-02-02
None,Gaziantepspor,TUR,1,1405.79370117,1997-02-03,1997-02-09
None,Gaziantepspor,TUR,1,1403.12976074,1997-02-10,1997-02-16
None,Gaziantepspor,TUR,1,1409.59289551,1997-02-17,1997-02-23
None,Gaziantepspor,TUR,1,1394.66967773,1997-02-24,1997-03-02
None,Gaziantepspor,TUR,1,1377.11315918,1997-03-03,1997-03-09
None,Gaziantepspor,TUR,1,1365.80725098,1997-03-10,1997-03-16
None,Gaziantepspor,TUR,1,1366.79382324,1997-03-17,1997-03-23
None,Gaziantepspor,TUR,1,1357.26721191,1997-03-24,1997-04-06
None,Gaziantepspor,TUR,1,1353.45361328,1997-04-07,1997-04-13
None,Gaziantepspor,TUR,1,1356.14257812,1997-04-14,1997-04-20
None,Gaziantepspor,TUR,1,1350.15100098,1997-04-21,1997-05-04
None,Gaziantepspor,TUR,1,1354.58886719,1997-05-05,1997-05-11
None,Gaziantepspor,TUR,1,1348.81481934,1997-05-12,1997-05-18
None,Gaziantepspor,TUR,1,1336.35021973,1997-05-19,1997-05-25
None,Gaziantepspor,TUR,1,1333.06848145,1997-05-26,1997-08-03
None,Gaziantepspor,TUR,1,1331.6348877,1997-08-04,1997-08-10
None,Gaziantepspor,TUR,1,1316.4708252,1997-08-11,1997-08-12
None,Gaziantepspor,TUR,1,1317.31518555,1997-08-13,1997-08-13
None,Gaziantepspor,TUR,1,1325.79309082,1997-08-14,1997-08-24
None,Gaziantepspor,TUR,1,1324.33117676,1997-08-25,1997-08-26
None,Gaziantepspor,TUR,1,1326.1394043,1997-08-27,1997-08-27
None,Gaziantepspor,TUR,1,1336.94848633,1997-08-28,1997-08-31
None,Gaziantepspor,TUR,1,1331.98913574,1997-09-01,1997-09-07
None,Gaziantepspor,TUR,1,1343.01550293,1997-09-08,1997-09-14
None,Gaziantepspor,TUR,1,1338.29907227,1997-09-15,1997-09-16
None,Gaziantepspor,TUR,1,1341.39501953,1997-09-17,1997-09-17
None,Gaziantepspor,TUR,1,1337.10510254,1997-09-18,1997-09-18
None,Gaziantepspor,TUR,1,1343.80895996,1997-09-19,1997-09-22
None,Gaziantepspor,TUR,1,1352.7923584,1997-09-23,1997-09-28
None,Gaziantepspor,TUR,1,1351.56408691,1997-09-29,1997-09-30
None,Gaziantepspor,TUR,1,1336.55847168,1997-10-01,1997-10-01
None,Gaziantepspor,TUR,1,1344.4453125,1997-10-02,1997-10-02
None,Gaziantepspor,TUR,1,1351.82763672,1997-10-03,1997-10-05
None,Gaziantepspor,TUR,1,1359.16992188,1997-10-06,1997-10-19
None,Gaziantepspor,TUR,1,1357.75927734,1997-10-20,1997-10-22
None,Gaziantepspor,TUR,1,1356.94091797,1997-10-23,1997-10-23
None,Gaziantepspor,TUR,1,1356.26245117,1997-10-24,1997-11-02
None,Gaziantepspor,TUR,1,1360.66723633,1997-11-03,1997-11-05
None,Gaziantepspor,TUR,1,1362.94091797,1997-11-06,1997-11-06
None,Gaziantepspor,TUR,1,1358.85327148,1997-11-07,1997-11-09
None,Gaziantepspor,TUR,1,1352.39099121,1997-11-10,1997-11-16
None,Gaziantepspor,TUR,1,1348.09082031,1997-11-17,1997-11-23
None,Gaziantepspor,TUR,1,1339.6953125,1997-11-24,1997-11-26
None,Gaziantepspor,TUR,1,1336.84875488,1997-11-27,1997-11-27
None,Gaziantepspor,TUR,1,1335.40246582,1997-11-28,1997-12-07
None,Gaziantepspor,TUR,1,1327.56408691,1997-12-08,1997-12-10
None,Gaziantepspor,TUR,1,1328.02929688,1997-12-11,1997-12-14
None,Gaziantepspor,TUR,1,1333.4473877,1997-12-15,1997-12-21
None,Gaziantepspor,TUR,1,1328.47814941,1997-12-22,1998-01-18
None,Gaziantepspor,TUR,1,1345.8560791,1998-01-19,1998-01-25
None,Gaziantepspor,TUR,1,1340.76159668,1998-01-26,1998-02-01
None,Gaziantepspor,TUR,1,1343.88916016,1998-02-02,1998-02-08
None,Gaziantepspor,TUR,1,1336.84790039,1998-02-09,1998-02-15
None,Gaziantepspor,TUR,1,1334.15319824,1998-02-16,1998-02-22
None,Gaziantepspor,TUR,1,1328.54309082,1998-02-23,1998-03-01
None,Gaziantepspor,TUR,1,1324.93823242,1998-03-02,1998-03-08
None,Gaziantepspor,TUR,1,1319.11621094,1998-03-09,1998-03-15
None,Gaziantepspor,TUR,1,1322.74279785,1998-03-16,1998-03-22
None,Gaziantepspor,TUR,1,1327.85705566,1998-03-23,1998-03-29
None,Gaziantepspor,TUR,1,1321.06604004,1998-03-30,1998-04-05
None,Gaziantepspor,TUR,1,1321.54797363,1998-04-06,1998-04-12
None,Gaziantepspor,TUR,1,1332.25402832,1998-04-13,1998-04-18
None,Gaziantepspor,TUR,1,1340.76257324,1998-04-19,1998-04-25
None,Gaziantepspor,TUR,1,1352.88269043,1998-04-26,1998-05-03
None,Gaziantepspor,TUR,1,1363.83776855,1998-05-04,1998-05-10
None,Gaziantepspor,TUR,1,1364.17370605,1998-05-11,1998-08-08
None,Gaziantepspor,TUR,1,1378.69213867,1998-08-09,1998-08-11
None,Gaziantepspor,TUR,1,1357.45935059,1998-08-12,1998-08-12
None,Gaziantepspor,TUR,1,1357.99804688,1998-08-13,1998-08-16
None,Gaziantepspor,TUR,1,1361.71972656,1998-08-17,1998-08-22
None,Gaziantepspor,TUR,1,1367.53210449,1998-08-23,1998-08-25
None,Gaziantepspor,TUR,1,1368.49450684,1998-08-26,1998-08-26
None,Gaziantepspor,TUR,1,1377.54394531,1998-08-27,1998-08-29
None,Gaziantepspor,TUR,1,1381.92297363,1998-08-30,1998-09-13
None,Gaziantepspor,TUR,1,1372.79187012,1998-09-14,1998-09-15
None,Gaziantepspor,TUR,1,1375.79394531,1998-09-16,1998-09-16
None,Gaziantepspor,TUR,1,1380.59289551,1998-09-17,1998-09-17
None,Gaziantepspor,TUR,1,1386.38317871,1998-09-18,1998-09-20
None,Gaziantepspor,TUR,1,1389.93615723,1998-09-21,1998-09-25
None,Gaziantepspor,TUR,1,1386.00878906,1998-09-26,1998-09-29
None,Gaziantepspor,TUR,1,1380.86816406,1998-09-30,1998-09-30
None,Gaziantepspor,TUR,1,1384.86462402,1998-10-01,1998-10-01
None,Gaziantepspor,TUR,1,1384.50488281,1998-10-02,1998-10-18
None,Gaziantepspor,TUR,1,1378.69116211,1998-10-19,1998-10-21
None,Gaziantepspor,TUR,1,1375.64294434,1998-10-22,1998-10-22
None,Gaziantepspor,TUR,1,1373.19470215,1998-10-23,1998-10-25
None,Gaziantepspor,TUR,1,1363.57629395,1998-10-26,1998-10-31
None,Gaziantepspor,TUR,1,1368.03540039,1998-11-01,1998-11-04
None,Gaziantepspor,TUR,1,1374.3371582,1998-11-05,1998-11-05
None,Gaziantepspor,TUR,1,1367.14331055,1998-11-06,1998-11-08
None,Gaziantepspor,TUR,1,1372.43151855,1998-11-09,1998-11-14
None,Gaziantepspor,TUR,1,1368.03503418,1998-11-15,1998-11-22
None,Gaziantepspor,TUR,1,1365.30932617,1998-11-23,1998-11-27
None,Gaziantepspor,TUR,1,1351.92419434,1998-11-28,1998-12-02
None,Gaziantepspor,TUR,1,1353.62561035,1998-12-03,1998-12-06
None,Gaziantepspor,TUR,1,1350.7800293,1998-12-07,1998-12-09
None,Gaziantepspor,TUR,1,1349.16223145,1998-12-10,1998-12-13
None,Gaziantepspor,TUR,1,1365.75830078,1998-12-14,1998-12-20
None,Gaziantepspor,TUR,1,1362.4263916,1998-12-21,1999-01-31
None,Gaziantepspor,TUR,1,1365.09851074,1999-02-01,1999-02-07
None,Gaziantepspor,TUR,1,1345.8013916,1999-02-08,1999-02-13
None,Gaziantepspor,TUR,1,1360.27197266,1999-02-14,1999-02-21
None,Gaziantepspor,TUR,1,1362.03088379,1999-02-22,1999-02-28
None,Gaziantepspor,TUR,1,1359.24377441,1999-03-01,1999-03-06
None,Gaziantepspor,TUR,1,1367.96313477,1999-03-07,1999-03-14
None,Gaziantepspor,TUR,1,1370.68481445,1999-03-15,1999-03-20
None,Gaziantepspor,TUR,1,1378.84570312,1999-03-21,1999-04-04
None,Gaziantepspor,TUR,1,1382.47998047,1999-04-05,1999-04-11
None,Gaziantepspor,TUR,1,1387.84973145,1999-04-12,1999-04-17
None,Gaziantepspor,TUR,1,1378.47192383,1999-04-18,1999-04-24
None,Gaziantepspor,TUR,1,1381.42724609,1999-04-25,1999-05-02
None,Gaziantepspor,TUR,1,1371.96533203,1999-05-03,1999-05-09
None,Gaziantepspor,TUR,1,1377.02685547,1999-05-10,1999-05-16
None,Gaziantepspor,TUR,1,1371.20202637,1999-05-17,1999-05-22
None,Gaziantepspor,TUR,1,1375.28503418,1999-05-23,1999-05-30
None,Gaziantepspor,TUR,1,1383.43395996,1999-05-31,1999-07-28
None,Gaziantepspor,TUR,1,1379.48779297,1999-07-29,1999-08-04
None,Gaziantepspor,TUR,1,1376.08532715,1999-08-05,1999-08-06
None,Gaziantepspor,TUR,1,1391.84265137,1999-08-07,1999-08-11
None,Gaziantepspor,TUR,1,1403.10961914,1999-08-12,1999-08-12
None,Gaziantepspor,TUR,1,1402.9777832,1999-08-13,1999-08-15
None,Gaziantepspor,TUR,1,1391.23095703,1999-08-16,1999-08-25
None,Gaziantepspor,TUR,1,1391.78869629,1999-08-26,1999-08-26
None,Gaziantepspor,TUR,1,1392.39221191,1999-08-27,1999-09-12
None,Gaziantepspor,TUR,1,1400.5559082,1999-09-13,1999-09-15
None,Gaziantepspor,TUR,1,1399.54553223,1999-09-16,1999-09-16
None,Gaziantepspor,TUR,1,1399.75024414,1999-09-17,1999-09-19
None,Gaziantepspor,TUR,1,1403.27819824,1999-09-20,1999-09-21
None,Gaziantepspor,TUR,1,1402.27404785,1999-09-22,1999-09-26
None,Gaziantepspor,TUR,1,1409.06811523,1999-09-27,1999-09-28
None,Gaziantepspor,TUR,1,1407.46130371,1999-09-29,1999-09-30
None,Gaziantepspor,TUR,1,1393.24133301,1999-10-01,1999-10-17
None,Gaziantepspor,TUR,1,1400.88049316,1999-10-18,1999-10-20
None,Gaziantepspor,TUR,1,1391.37145996,1999-10-21,1999-10-24
None,Gaziantepspor,TUR,1,1399.86584473,1999-10-25,1999-10-26
None,Gaziantepspor,TUR,1,1413.90844727,1999-10-27,1999-10-31
None,Gaziantepspor,TUR,1,1414.44470215,1999-11-01,1999-11-03
None,Gaziantepspor,TUR,1,1420.17199707,1999-11-04,1999-11-19
None,Gaziantepspor,TUR,1,1412.04492188,1999-11-20,1999-11-23
None,Gaziantepspor,TUR,1,1415.3659668,1999-11-24,1999-11-28
None,Gaziantepspor,TUR,1,1395.92810059,1999-11-29,1999-12-05
None,Gaziantepspor,TUR,1,1401.1517334,1999-12-06,1999-12-09
None,Gaziantepspor,TUR,1,1406.23681641,1999-12-10,1999-12-12
None,Gaziantepspor,TUR,1,1410.98864746,1999-12-13,1999-12-19
None,Gaziantepspor,TUR,1,1412.27526855,1999-12-20,1999-12-26
None,Gaziantepspor,TUR,1,1420.58544922,1999-12-27,2000-01-09
None,Gaziantepspor,TUR,1,1424.18847656,2000-01-10,2000-01-15
None,Gaziantepspor,TUR,1,1424.85913086,2000-01-16,2000-01-22
None,Gaziantepspor,TUR,1,1419.74023438,2000-01-23,2000-01-30
None,Gaziantepspor,TUR,1,1416.31311035,2000-01-31,2000-02-06
None,Gaziantepspor,TUR,1,1417.55224609,2000-02-07,2000-02-12
None,Gaziantepspor,TUR,1,1413.05603027,2000-02-13,2000-02-19
None,Gaziantepspor,TUR,1,1419.56896973,2000-02-20,2000-02-27
None,Gaziantepspor,TUR,1,1437.71044922,2000-02-28,2000-03-02
None,Gaziantepspor,TUR,1,1446.18676758,2000-03-03,2000-03-04
None,Gaziantepspor,TUR,1,1444.63977051,2000-03-05,2000-03-09
None,Gaziantepspor,TUR,1,1443.93994141,2000-03-10,2000-03-11
None,Gaziantepspor,TUR,1,1448.47619629,2000-03-12,2000-03-16
None,Gaziantepspor,TUR,1,1462.10888672,2000-03-17,2000-03-18
None,Gaziantepspor,TUR,1,1458.92163086,2000-03-19,2000-03-23
None,Gaziantepspor,TUR,1,1459.56201172,2000-03-24,2000-03-24
None,Gaziantepspor,TUR,1,1454.11779785,2000-03-25,2000-04-01
None,Gaziantepspor,TUR,1,1459.10046387,2000-04-02,2000-04-06
None,Gaziantepspor,TUR,1,1465.63293457,2000-04-07,2000-04-08
None,Gaziantepspor,TUR,1,1473.96313477,2000-04-09,2000-04-15
None,Gaziantepspor,TUR,1,1484.38867188,2000-04-16,2000-04-20
None,Gaziantepspor,TUR,1,1488.32250977,2000-04-21,2000-04-23
None,Gaziantepspor,TUR,1,1491.34008789,2000-04-24,2000-04-30
None,Gaziantepspor,TUR,1,1504.60961914,2000-05-01,2000-05-06
None,Gaziantepspor,TUR,1,1513.66711426,2000-05-07,2000-05-12
None,Gaziantepspor,TUR,1,1507.63476562,2000-05-13,2000-05-17
None,Gaziantepspor,TUR,1,1509.33447266,2000-05-18,2000-05-20
None,Gaziantepspor,TUR,1,1493.32580566,2000-05-21,2000-07-26
None,Gaziantepspor,TUR,1,1495.46105957,2000-07-27,2000-08-02
None,Gaziantepspor,TUR,1,1499.27233887,2000-08-03,2000-08-08
None,Gaziantepspor,TUR,1,1508.77209473,2000-08-09,2000-08-09
None,Gaziantepspor,TUR,1,1510.79101562,2000-08-10,2000-08-12
None,Gaziantepspor,TUR,1,1510.10998535,2000-08-13,2000-08-20
None,Gaziantepspor,TUR,1,1519.01611328,2000-08-21,2000-08-22
None,Gaziantepspor,TUR,1,1522.42468262,2000-08-23,2000-08-24
None,Gaziantepspor,TUR,1,1523.18505859,2000-08-25,2000-08-27
None,Gaziantepspor,TUR,1,1530.10998535,2000-08-28,2000-09-10
None,Gaziantepspor,TUR,1,1523.81481934,2000-09-11,2000-09-12
None,Gaziantepspor,TUR,1,1526.16918945,2000-09-13,2000-09-13
None,Gaziantepspor,TUR,1,1524.1060791,2000-09-14,2000-09-14
None,Gaziantepspor,TUR,1,1536.13317871,2000-09-15,2000-09-17
None,Gaziantepspor,TUR,1,1527.74145508,2000-09-18,2000-09-19
None,Gaziantepspor,TUR,1,1537.22143555,2000-09-20,2000-09-20
None,Gaziantepspor,TUR,1,1528.13513184,2000-09-21,2000-09-23
None,Gaziantepspor,TUR,1,1532.3560791,2000-09-24,2000-09-26
None,Gaziantepspor,TUR,1,1527.43200684,2000-09-27,2000-09-27
None,Gaziantepspor,TUR,1,1529.62426758,2000-09-28,2000-09-28
None,Gaziantepspor,TUR,1,1511.44763184,2000-09-29,2000-10-01
None,Gaziantepspor,TUR,1,1531.61730957,2000-10-02,2000-10-14
None,Gaziantepspor,TUR,1,1534.82116699,2000-10-15,2000-10-17
None,Gaziantepspor,TUR,1,1535.8795166,2000-10-18,2000-10-18
None,Gaziantepspor,TUR,1,1535.82543945,2000-10-19,2000-10-19
None,Gaziantepspor,TUR,1,1534.63537598,2000-10-20,2000-10-24
None,Gaziantepspor,TUR,1,1529.60876465,2000-10-25,2000-10-25
None,Gaziantepspor,TUR,1,1525.71276855,2000-10-26,2000-10-29
None,Gaziantepspor,TUR,1,1527.9979248,2000-10-30,2000-11-05
None,Gaziantepspor,TUR,1,1534.38964844,2000-11-06,2000-11-07
None,Gaziantepspor,TUR,1,1531.38500977,2000-11-08,2000-11-08
None,Gaziantepspor,TUR,1,1529.60534668,2000-11-09,2000-11-10
None,Gaziantepspor,TUR,1,1536.39746094,2000-11-11,2000-11-18
None,Gaziantepspor,TUR,1,1534.94909668,2000-11-19,2000-11-21
None,Gaziantepspor,TUR,1,1538.00268555,2000-11-22,2000-11-26
None,Gaziantepspor,TUR,1,1531.34204102,2000-11-27,2000-12-02
None,Gaziantepspor,TUR,1,1521.9822998,2000-12-03,2000-12-06
None,Gaziantepspor,TUR,1,1523.93579102,2000-12-07,2000-12-10
None,Gaziantepspor,TUR,1,1521.24060059,2000-12-11,2000-12-16
None,Gaziantepspor,TUR,1,1525.9473877,2000-12-17,2000-12-23
None,Gaziantepspor,TUR,1,1528.30102539,2000-12-24,2001-02-02
None,Gaziantepspor,TUR,1,1528.39111328,2001-02-03,2001-02-11
None,Gaziantepspor,TUR,1,1522.24853516,2001-02-12,2001-02-14
None,Gaziantepspor,TUR,1,1526.83996582,2001-02-15,2001-02-16
None,Gaziantepspor,TUR,1,1534.38415527,2001-02-17,2001-02-20
None,Gaziantepspor,TUR,1,1532.578125,2001-02-21,2001-02-23
None,Gaziantepspor,TUR,1,1536.90332031,2001-02-24,2001-03-03
None,Gaziantepspor,TUR,1,1541.11584473,2001-03-04,2001-03-07
None,Gaziantepspor,TUR,1,1545.7088623,2001-03-08,2001-03-09
None,Gaziantepspor,TUR,1,1555.43225098,2001-03-10,2001-03-13
None,Gaziantepspor,TUR,1,1550.36401367,2001-03-14,2001-03-18
None,Gaziantepspor,TUR,1,1555.74645996,2001-03-19,2001-04-01
None,Gaziantepspor,TUR,1,1559.21472168,2001-04-02,2001-04-03
None,Gaziantepspor,TUR,1,1560.68078613,2001-04-04,2001-04-06
None,Gaziantepspor,TUR,1,1550.56640625,2001-04-07,2001-04-15
None,Gaziantepspor,TUR,1,1553.30126953,2001-04-16,2001-04-18
None,Gaziantepspor,TUR,1,1549.76879883,2001-04-19,2001-04-21
None,Gaziantepspor,TUR,1,1545.33117676,2001-04-22,2001-04-27
None,Gaziantepspor,TUR,1,1548.75231934,2001-04-28,2001-05-06
None,Gaziantepspor,TUR,1,1556.02636719,2001-05-07,2001-05-13
None,Gaziantepspor,TUR,1,1552.01574707,2001-05-14,2001-05-20
None,Gaziantepspor,TUR,1,1542.28320312,2001-05-21,2001-05-25
None,Gaziantepspor,TUR,1,1547.7557373,2001-05-26,2001-07-25
None,Gaziantepspor,TUR,1,1547.82226562,2001-07-26,2001-08-01
None,Gaziantepspor,TUR,1,1547.88818359,2001-08-02,2001-08-08
None,Gaziantepspor,TUR,1,1550.41418457,2001-08-09,2001-08-09
None,Gaziantepspor,TUR,1,1549.95617676,2001-08-10,2001-08-12
None,Gaziantepspor,TUR,1,1551.68615723,2001-08-13,2001-08-19
None,Gaziantepspor,TUR,1,1545.36401367,2001-08-20,2001-08-22
None,Gaziantepspor,TUR,1,1553.24316406,2001-08-23,2001-08-23
None,Gaziantepspor,TUR,1,1561.06115723,2001-08-24,2001-08-26
None,Gaziantepspor,TUR,1,1555.46044922,2001-08-27,2001-09-08
None,Gaziantepspor,TUR,1,1563.8684082,2001-09-09,2001-09-11
None,Gaziantepspor,TUR,1,1567.97302246,2001-09-12,2001-09-16
None,Gaziantepspor,TUR,1,1548.15026855,2001-09-17,2001-09-18
None,Gaziantepspor,TUR,1,1543.30383301,2001-09-19,2001-09-19
None,Gaziantepspor,TUR,1,1539.08752441,2001-09-20,2001-09-20
None,Gaziantepspor,TUR,1,1530.0480957,2001-09-21,2001-09-25
None,Gaziantepspor,TUR,1,1512.47265625,2001-09-26,2001-09-26
None,Gaziantepspor,TUR,1,1518.61682129,2001-09-27,2001-09-27
None,Gaziantepspor,TUR,1,1516.99304199,2001-09-28,2001-09-30
None,Gaziantepspor,TUR,1,1502.77661133,2001-10-01,2001-10-10
None,Gaziantepspor,TUR,1,1507.20922852,2001-10-11,2001-10-14
None,Gaziantepspor,TUR,1,1511.04199219,2001-10-15,2001-10-16
None,Gaziantepspor,TUR,1,1508.83972168,2001-10-17,2001-10-17
None,Gaziantepspor,TUR,1,1507.53845215,2001-10-18,2001-10-20
None,Gaziantepspor,TUR,1,1509.35131836,2001-10-21,2001-10-23
None,Gaziantepspor,TUR,1,1506.56787109,2001-10-24,2001-10-24
None,Gaziantepspor,TUR,1,1504.81555176,2001-10-25,2001-10-28
None,Gaziantepspor,TUR,1,1512.91748047,2001-10-29,2001-10-30
None,Gaziantepspor,TUR,1,1516.10144043,2001-10-31,2001-10-31
None,Gaziantepspor,TUR,1,1515.64318848,2001-11-01,2001-11-04
None,Gaziantepspor,TUR,1,1504.24255371,2001-11-05,2001-11-17
None,Gaziantepspor,TUR,1,1504.92382812,2001-11-18,2001-11-20
None,Gaziantepspor,TUR,1,1504.81774902,2001-11-21,2001-11-25
None,Gaziantepspor,TUR,1,1512.36206055,2001-11-26,2001-12-01
None,Gaziantepspor,TUR,1,1512.73876953,2001-12-02,2001-12-05
None,Gaziantepspor,TUR,1,1516.32189941,2001-12-06,2001-12-08
None,Gaziantepspor,TUR,1,1524.39013672,2001-12-09,2001-12-15
None,Gaziantepspor,TUR,1,1527.41271973,2001-12-16,2001-12-22
None,Gaziantepspor,TUR,1,1521.71923828,2001-12-23,2002-01-19
None,Gaziantepspor,TUR,1,1518.42224121,2002-01-20,2002-01-23
None,Gaziantepspor,TUR,1,1526.23693848,2002-01-24,2002-01-27
None,Gaziantepspor,TUR,1,1512.69372559,2002-01-28,2002-02-02
None,Gaziantepspor,TUR,1,1518.13806152,2002-02-03,2002-02-10
None,Gaziantepspor,TUR,1,1509.74804688,2002-02-11,2002-02-15
None,Gaziantepspor,TUR,1,1495.67443848,2002-02-16,2002-02-20
None,Gaziantepspor,TUR,1,1499.32019043,2002-02-21,2002-02-23
None,Gaziantepspor,TUR,1,1497.75036621,2002-02-24,2002-02-26
None,Gaziantepspor,TUR,1,1498.02966309,2002-02-27,2002-03-02
None,Gaziantepspor,TUR,1,1489.96008301,2002-03-03,2002-03-10
None,Gaziantepspor,TUR,1,1488.48474121,2002-03-11,2002-03-13
None,Gaziantepspor,TUR,1,1492.16699219,2002-03-14,2002-03-16
None,Gaziantepspor,TUR,1,1487.24536133,2002-03-17,2002-03-19
None,Gaziantepspor,TUR,1,1483.5357666,2002-03-20,2002-03-22
None,Gaziantepspor,TUR,1,1478.26269531,2002-03-23,2002-03-30
None,Gaziantepspor,TUR,1,1475.62121582,2002-03-31,2002-04-06
None,Gaziantepspor,TUR,1,1477.36035156,2002-04-07,2002-04-14
None,Gaziantepspor,TUR,1,1459.89819336,2002-04-15,2002-04-21
None,Gaziantepspor,TUR,1,1466.46643066,2002-04-22,2002-04-27
None,Gaziantepspor,TUR,1,1474.35388184,2002-04-28,2002-05-04
None,Gaziantepspor,TUR,1,1482.21533203,2002-05-05,2002-08-11
None,Gaziantepspor,TUR,1,1478.83288574,2002-08-12,2002-08-13
None,Gaziantepspor,TUR,1,1477.67041016,2002-08-14,2002-08-17
None,Gaziantepspor,TUR,1,1477.34533691,2002-08-18,2002-08-27
None,Gaziantepspor,TUR,1,1471.56555176,2002-08-28,2002-09-01
None,Gaziantepspor,TUR,1,1479.58166504,2002-09-02,2002-09-11
None,Gaziantepspor,TUR,1,1480.75830078,2002-09-12,2002-09-15
None,Gaziantepspor,TUR,1,1482.96594238,2002-09-16,2002-09-18
None,Gaziantepspor,TUR,1,1490.4342041,2002-09-19,2002-09-19
None,Gaziantepspor,TUR,1,1486.23876953,2002-09-20,2002-09-21
None,Gaziantepspor,TUR,1,1494.81994629,2002-09-22,2002-09-24
None,Gaziantepspor,TUR,1,1489.38098145,2002-09-25,2002-09-29
None,Gaziantepspor,TUR,1,1496.29675293,2002-09-30,2002-10-01
None,Gaziantepspor,TUR,1,1493.50061035,2002-10-02,2002-10-03
None,Gaziantepspor,TUR,1,1503.51123047,2002-10-04,2002-10-06
None,Gaziantepspor,TUR,1,1508.23815918,2002-10-07,2002-10-19
None,Gaziantepspor,TUR,1,1513.17016602,2002-10-20,2002-10-23
None,Gaziantepspor,TUR,1,1508.61669922,2002-10-24,2002-10-27
None,Gaziantepspor,TUR,1,1507.80395508,2002-10-28,2002-10-29
None,Gaziantepspor,TUR,1,1500.74914551,2002-10-30,2002-10-31
None,Gaziantepspor,TUR,1,1502.26220703,2002-11-01,2002-11-02
None,Gaziantepspor,TUR,1,1504.63195801,2002-11-03,2002-11-09
None,Gaziantepspor,TUR,1,1514.78918457,2002-11-10,2002-11-13
None,Gaziantepspor,TUR,1,1513.67871094,2002-11-14,2002-11-14
None,Gaziantepspor,TUR,1,1526.63391113,2002-11-15,2002-11-16
None,Gaziantepspor,TUR,1,1529.78845215,2002-11-17,2002-11-24
None,Gaziantepspor,TUR,1,1519.55493164,2002-11-25,2002-11-28
None,Gaziantepspor,TUR,1,1525.20983887,2002-11-29,2002-11-30
None,Gaziantepspor,TUR,1,1520.6394043,2002-12-01,2002-12-08
None,Gaziantepspor,TUR,1,1510.20129395,2002-12-09,2002-12-12
None,Gaziantepspor,TUR,1,1525.22949219,2002-12-13,2002-12-13
None,Gaziantepspor,TUR,1,1518.27209473,2002-12-14,2003-02-02
None,Gaziantepspor,TUR,1,1512.56884766,2003-02-03,2003-02-08
None,Gaziantepspor,TUR,1,1519.43713379,2003-02-09,2003-02-15
None,Gaziantepspor,TUR,1,1514.55603027,2003-02-16,2003-02-20
None,Gaziantepspor,TUR,1,1510.22424316,2003-02-21,2003-02-27
None,Gaziantepspor,TUR,1,1517.77697754,2003-02-28,2003-03-01
None,Gaziantepspor,TUR,1,1514.85510254,2003-03-02,2003-03-07
None,Gaziantepspor,TUR,1,1507.6270752,2003-03-08,2003-03-13
None,Gaziantepspor,TUR,1,1506.70922852,2003-03-14,2003-03-14
None,Gaziantepspor,TUR,1,1502.51940918,2003-03-15,2003-03-19
None,Gaziantepspor,TUR,1,1507.33825684,2003-03-20,2003-03-20
None,Gaziantepspor,TUR,1,1504.0378418,2003-03-21,2003-03-23
None,Gaziantepspor,TUR,1,1506.38916016,2003-03-24,2003-04-05
None,Gaziantepspor,TUR,1,1497.34094238,2003-04-06,2003-04-13
None,Gaziantepspor,TUR,1,1500.20019531,2003-04-14,2003-04-20
None,Gaziantepspor,TUR,1,1511.47106934,2003-04-21,2003-04-27
None,Gaziantepspor,TUR,1,1514.92907715,2003-04-28,2003-05-04
None,Gaziantepspor,TUR,1,1522.51098633,2003-05-05,2003-05-11
None,Gaziantepspor,TUR,1,1525.85351562,2003-05-12,2003-05-16
None,Gaziantepspor,TUR,1,1518.84545898,2003-05-17,2003-05-25
None,Gaziantepspor,TUR,1,1525.4041748,2003-05-26,2003-05-30
None,Gaziantepspor,TUR,1,1522.73266602,2003-05-31,2003-08-09
None,Gaziantepspor,TUR,1,1521.62390137,2003-08-10,2003-08-13
None,Gaziantepspor,TUR,1,1526.39782715,2003-08-14,2003-08-17
None,Gaziantepspor,TUR,1,1520.51538086,2003-08-18,2003-08-24
None,Gaziantepspor,TUR,1,1515.02844238,2003-08-25,2003-08-27
None,Gaziantepspor,TUR,1,1517.86047363,2003-08-28,2003-08-30
None,Gaziantepspor,TUR,1,1522.22021484,2003-08-31,2003-09-14
None,Gaziantepspor,TUR,1,1514.94958496,2003-09-15,2003-09-16
None,Gaziantepspor,TUR,1,1508.97680664,2003-09-17,2003-09-17
None,Gaziantepspor,TUR,1,1508.0168457,2003-09-18,2003-09-20
None,Gaziantepspor,TUR,1,1510.92407227,2003-09-21,2003-09-24
None,Gaziantepspor,TUR,1,1523.82702637,2003-09-25,2003-09-28
None,Gaziantepspor,TUR,1,1529.93225098,2003-09-29,2003-09-30
None,Gaziantepspor,TUR,1,1526.58374023,2003-10-01,2003-10-01
None,Gaziantepspor,TUR,1,1535.66748047,2003-10-02,2003-10-05
None,Gaziantepspor,TUR,1,1540.01916504,2003-10-06,2003-10-15
None,Gaziantepspor,TUR,1,1554.34423828,2003-10-16,2003-10-19
None,Gaziantepspor,TUR,1,1560.86669922,2003-10-20,2003-10-21
None,Gaziantepspor,TUR,1,1564.1237793,2003-10-22,2003-10-22
None,Gaziantepspor,TUR,1,1560.59130859,2003-10-23,2003-10-26
None,Gaziantepspor,TUR,1,1550.58740234,2003-10-27,2003-11-01
None,Gaziantepspor,TUR,1,1565.58105469,2003-11-02,2003-11-04
None,Gaziantepspor,TUR,1,1567.6307373,2003-11-05,2003-11-05
None,Gaziantepspor,TUR,1,1563.12744141,2003-11-06,2003-11-06
None,Gaziantepspor,TUR,1,1590.50622559,2003-11-07,2003-11-09
None,Gaziantepspor,TUR,1,1578.06164551,2003-11-10,2003-11-22
None,Gaziantepspor,TUR,1,1578.68737793,2003-11-23,2003-11-26
None,Gaziantepspor,TUR,1,1580.44396973,2003-11-27,2003-11-27
None,Gaziantepspor,TUR,1,1614.83630371,2003-11-28,2003-11-30
None,Gaziantepspor,TUR,1,1617.66540527,2003-12-01,2003-12-02
98,Gaziantepspor,TUR,1,1624.70239258,2003-12-03,2003-12-03
99,Gaziantepspor,TUR,1,1624.70239258,2003-12-04,2003-12-06
None,Gaziantepspor,TUR,1,1611.31933594,2003-12-07,2003-12-09
None,Gaziantepspor,TUR,1,1604.97851562,2003-12-10,2003-12-10
None,Gaziantepspor,TUR,1,1607.14013672,2003-12-11,2003-12-13
None,Gaziantepspor,TUR,1,1609.54516602,2003-12-14,2003-12-21
None,Gaziantepspor,TUR,1,1600.28833008,2003-12-22,2004-01-25
None,Gaziantepspor,TUR,1,1602.70715332,2004-01-26,2004-01-31
None,Gaziantepspor,TUR,1,1596.18579102,2004-02-01,2004-02-07
None,Gaziantepspor,TUR,1,1604.69775391,2004-02-08,2004-02-15
None,Gaziantepspor,TUR,1,1616.1628418,2004-02-16,2004-02-22
None,Gaziantepspor,TUR,1,1596.76159668,2004-02-23,2004-02-26
None,Gaziantepspor,TUR,1,1609.49194336,2004-02-27,2004-02-29
None,Gaziantepspor,TUR,1,1613.62573242,2004-03-01,2004-03-03
None,Gaziantepspor,TUR,1,1601.36584473,2004-03-04,2004-03-07
None,Gaziantepspor,TUR,1,1595.06713867,2004-03-08,2004-03-11
None,Gaziantepspor,TUR,1,1597.6796875,2004-03-12,2004-03-14
None,Gaziantepspor,TUR,1,1603.50378418,2004-03-15,2004-03-20
None,Gaziantepspor,TUR,1,1607.01220703,2004-03-21,2004-03-25
None,Gaziantepspor,TUR,1,1603.65686035,2004-03-26,2004-03-27
None,Gaziantepspor,TUR,1,1596.74621582,2004-03-28,2004-04-03
None,Gaziantepspor,TUR,1,1600.57617188,2004-04-04,2004-04-11
None,Gaziantepspor,TUR,1,1591.35961914,2004-04-12,2004-04-17
None,Gaziantepspor,TUR,1,1574.14355469,2004-04-18,2004-04-24
None,Gaziantepspor,TUR,1,1581.30102539,2004-04-25,2004-05-01
None,Gaziantepspor,TUR,1,1571.93652344,2004-05-02,2004-05-08
None,Gaziantepspor,TUR,1,1576.38891602,2004-05-09,2004-05-15
None,Gaziantepspor,TUR,1,1582.34143066,2004-05-16,2004-07-28
None,Gaziantepspor,TUR,1,1582.24694824,2004-07-29,2004-08-04
None,Gaziantepspor,TUR,1,1583.79968262,2004-08-05,2004-08-07
None,Gaziantepspor,TUR,1,1576.62402344,2004-08-08,2004-08-10
None,Gaziantepspor,TUR,1,1582.36181641,2004-08-11,2004-08-12
None,Gaziantepspor,TUR,1,1582.63989258,2004-08-13,2004-08-13
None,Gaziantepspor,TUR,1,1590.50085449,2004-08-14,2004-08-22
None,Gaziantepspor,TUR,1,1592.83190918,2004-08-23,2004-08-25
None,Gaziantepspor,TUR,1,1582.4107666,2004-08-26,2004-08-26
None,Gaziantepspor,TUR,1,1582.93078613,2004-08-27,2004-08-29
None,Gaziantepspor,TUR,1,1593.92175293,2004-08-30,2004-09-11
None,Gaziantepspor,TUR,1,1596.46484375,2004-09-12,2004-09-15
None,Gaziantepspor,TUR,1,1599.23901367,2004-09-16,2004-09-16
None,Gaziantepspor,TUR,1,1597.98181152,2004-09-17,2004-09-19
None,Gaziantepspor,TUR,1,1601.26843262,2004-09-20,2004-09-26
None,Gaziantepspor,TUR,1,1595.24389648,2004-09-27,2004-09-28
None,Gaziantepspor,TUR,1,1592.72180176,2004-09-29,2004-09-30
None,Gaziantepspor,TUR,1,1585.1192627,2004-10-01,2004-10-02
None,Gaziantepspor,TUR,1,1576.71862793,2004-10-03,2004-10-16
None,Gaziantepspor,TUR,1,1570.14013672,2004-10-17,2004-10-19
None,Gaziantepspor,TUR,1,1565.32116699,2004-10-20,2004-10-23
None,Gaziantepspor,TUR,1,1564.62011719,2004-10-24,2004-10-30
None,Gaziantepspor,TUR,1,1552.37805176,2004-10-31,2004-11-03
None,Gaziantepspor,TUR,1,1550.88879395,2004-11-04,2004-11-04
None,Gaziantepspor,TUR,1,1557.21337891,2004-11-05,2004-11-06
None,Gaziantepspor,TUR,1,1569.18786621,2004-11-07,2004-11-21
None,Gaziantepspor,TUR,1,1556.0201416,2004-11-22,2004-11-23
None,Gaziantepspor,TUR,1,1561.08081055,2004-11-24,2004-11-25
None,Gaziantepspor,TUR,1,1557.99230957,2004-11-26,2004-11-27
None,Gaziantepspor,TUR,1,1542.60668945,2004-11-28,2004-12-01
None,Gaziantepspor,TUR,1,1540.34851074,2004-12-02,2004-12-05
None,Gaziantepspor,TUR,1,1545.3704834,2004-12-06,2004-12-08
None,Gaziantepspor,TUR,1,1552.90466309,2004-12-09,2004-12-11
None,Gaziantepspor,TUR,1,1546.29785156,2004-12-12,2004-12-16
None,Gaziantepspor,TUR,1,1543.83764648,2004-12-17,2004-12-18
None,Gaziantepspor,TUR,1,1549.40649414,2004-12-19,2005-01-30
None,Gaziantepspor,TUR,1,1557.9197998,2005-01-31,2005-02-04
None,Gaziantepspor,TUR,1,1550.91711426,2005-02-05,2005-02-13
None,Gaziantepspor,TUR,1,1548.55090332,2005-02-14,2005-02-17
None,Gaziantepspor,TUR,1,1543.40014648,2005-02-18,2005-02-18
None,Gaziantepspor,TUR,1,1535.81494141,2005-02-19,2005-02-24
None,Gaziantepspor,TUR,1,1532.91040039,2005-02-25,2005-02-27
None,Gaziantepspor,TUR,1,1524.21496582,2005-02-28,2005-03-06
None,Gaziantepspor,TUR,1,1533.03894043,2005-03-07,2005-03-13
None,Gaziantepspor,TUR,1,1518.02453613,2005-03-14,2005-03-19
None,Gaziantepspor,TUR,1,1524.5982666,2005-03-20,2005-04-02
None,Gaziantepspor,TUR,1,1521.23144531,2005-04-03,2005-04-10
None,Gaziantepspor,TUR,1,1528.73449707,2005-04-11,2005-04-17
None,Gaziantepspor,TUR,1,1530.05883789,2005-04-18,2005-04-23
None,Gaziantepspor,TUR,1,1513.16491699,2005-04-24,2005-04-29
None,Gaziantepspor,TUR,1,1523.81176758,2005-04-30,2005-05-07
None,Gaziantepspor,TUR,1,1511.04675293,2005-05-08,2005-05-14
None,Gaziantepspor,TUR,1,1497.12841797,2005-05-15,2005-05-21
None,Gaziantepspor,TUR,1,1502.49230957,2005-05-22,2005-05-29
None,Gaziantepspor,TUR,1,1497.87695312,2005-05-30,2005-07-26
None,Gaziantepspor,TUR,1,1492.57287598,2005-07-27,2005-08-03
None,Gaziantepspor,TUR,1,1485.65087891,2005-08-04,2005-08-07
None,Gaziantepspor,TUR,1,1494.36682129,2005-08-08,2005-08-11
None,Gaziantepspor,TUR,1,1494.41137695,2005-08-12,2005-08-13
None,Gaziantepspor,TUR,1,1489.10424805,2005-08-14,2005-08-21
None,Gaziantepspor,TUR,1,1496.63391113,2005-08-22,2005-08-25
None,Gaziantepspor,TUR,1,1496.78466797,2005-08-26,2005-08-26
None,Gaziantepspor,TUR,1,1499.46569824,2005-08-27,2005-09-11
None,Gaziantepspor,TUR,1,1494.82434082,2005-09-12,2005-09-13
None,Gaziantepspor,TUR,1,1493.59399414,2005-09-14,2005-09-15
None,Gaziantepspor,TUR,1,1484.03430176,2005-09-16,2005-09-18
None,Gaziantepspor,TUR,1,1471.87182617,2005-09-19,2005-09-24
None,Gaziantepspor,TUR,1,1481.48156738,2005-09-25,2005-09-28
None,Gaziantepspor,TUR,1,1489.23364258,2005-09-29,2005-09-29
None,Gaziantepspor,TUR,1,1490.96789551,2005-09-30,2005-09-30
None,Gaziantepspor,TUR,1,1489.93505859,2005-10-01,2005-10-15
None,Gaziantepspor,TUR,1,1496.92895508,2005-10-16,2005-10-19
None,Gaziantepspor,TUR,1,1495.45458984,2005-10-20,2005-10-20
None,Gaziantepspor,TUR,1,1495.67028809,2005-10-21,2005-10-23
None,Gaziantepspor,TUR,1,1491.59472656,2005-10-24,2005-10-29
None,Gaziantepspor,TUR,1,1489.48193359,2005-10-30,2005-11-01
None,Gaziantepspor,TUR,1,1485.75305176,2005-11-02,2005-11-03
None,Gaziantepspor,TUR,1,1483.6361084,2005-11-04,2005-11-05
None,Gaziantepspor,TUR,1,1480.49145508,2005-11-06,2005-11-20
None,Gaziantepspor,TUR,1,1493.3293457,2005-11-21,2005-11-23
None,Gaziantepspor,TUR,1,1487.46606445,2005-11-24,2005-11-27
None,Gaziantepspor,TUR,1,1468.71081543,2005-11-28,2005-12-01
None,Gaziantepspor,TUR,1,1467.88342285,2005-12-02,2005-12-03
None,Gaziantepspor,TUR,1,1461.98449707,2005-12-04,2005-12-06
None,Gaziantepspor,TUR,1,1460.09899902,2005-12-07,2005-12-10
None,Gaziantepspor,TUR,1,1457.06323242,2005-12-11,2005-12-14
None,Gaziantepspor,TUR,1,1463.18481445,2005-12-15,2005-12-17
None,Gaziantepspor,TUR,1,1452.52148438,2005-12-18,2006-01-21
None,Gaziantepspor,TUR,1,1441.44140625,2006-01-22,2006-02-05
None,Gaziantepspor,TUR,1,1438.83435059,2006-02-06,2006-02-12
None,Gaziantepspor,TUR,1,1433.33068848,2006-02-13,2006-02-19
None,Gaziantepspor,TUR,1,1424.22497559,2006-02-20,2006-02-25
None,Gaziantepspor,TUR,1,1417.1661377,2006-02-26,2006-03-05
None,Gaziantepspor,TUR,1,1424.65612793,2006-03-06,2006-03-11
None,Gaziantepspor,TUR,1,1419.54406738,2006-03-12,2006-03-19
None,Gaziantepspor,TUR,1,1426.00927734,2006-03-20,2006-03-26
None,Gaziantepspor,TUR,1,1427.79382324,2006-03-27,2006-03-29
None,Gaziantepspor,TUR,1,1429.40844727,2006-03-30,2006-04-02
None,Gaziantepspor,TUR,1,1424.57971191,2006-04-03,2006-04-08
None,Gaziantepspor,TUR,1,1413.6907959,2006-04-09,2006-04-16
None,Gaziantepspor,TUR,1,1416.91625977,2006-04-17,2006-04-23
None,Gaziantepspor,TUR,1,1427.80090332,2006-04-24,2006-04-29
None,Gaziantepspor,TUR,1,1437.9901123,2006-04-30,2006-05-07
None,Gaziantepspor,TUR,1,1431.35864258,2006-05-08,2006-05-14
None,Gaziantepspor,TUR,1,1437.80529785,2006-05-15,2006-07-26
None,Gaziantepspor,TUR,1,1437.81164551,2006-07-27,2006-08-01
None,Gaziantepspor,TUR,1,1437.81445312,2006-08-02,2006-08-06
None,Gaziantepspor,TUR,1,1436.37683105,2006-08-07,2006-08-09
None,Gaziantepspor,TUR,1,1435.01074219,2006-08-10,2006-08-10
None,Gaziantepspor,TUR,1,1437.31152344,2006-08-11,2006-08-11
None,Gaziantepspor,TUR,1,1433.91320801,2006-08-12,2006-08-20
None,Gaziantepspor,TUR,1,1443.06433105,2006-08-21,2006-08-23
None,Gaziantepspor,TUR,1,1440.69165039,2006-08-24,2006-08-24
None,Gaziantepspor,TUR,1,1442.84606934,2006-08-25,2006-08-26
None,Gaziantepspor,TUR,1,1450.04516602,2006-08-27,2006-09-10
None,Gaziantepspor,TUR,1,1447.06616211,2006-09-11,2006-09-12
None,Gaziantepspor,TUR,1,1446.32836914,2006-09-13,2006-09-14
None,Gaziantepspor,TUR,1,1451.52636719,2006-09-15,2006-09-17
None,Gaziantepspor,TUR,1,1451.1628418,2006-09-18,2006-09-24
None,Gaziantepspor,TUR,1,1461.68041992,2006-09-25,2006-09-27
None,Gaziantepspor,TUR,1,1460.57397461,2006-09-28,2006-09-28
None,Gaziantepspor,TUR,1,1461.82092285,2006-09-29,2006-09-30
None,Gaziantepspor,TUR,1,1451.42749023,2006-10-01,2006-10-14
None,Gaziantepspor,TUR,1,1456.2154541,2006-10-15,2006-10-18
None,Gaziantepspor,TUR,1,1452.67956543,2006-10-19,2006-10-19
None,Gaziantepspor,TUR,1,1445.67907715,2006-10-20,2006-10-22
None,Gaziantepspor,TUR,1,1445.58178711,2006-10-23,2006-10-29
None,Gaziantepspor,TUR,1,1450.87866211,2006-10-30,2006-10-31
None,Gaziantepspor,TUR,1,1449.43591309,2006-11-01,2006-11-02
None,Gaziantepspor,TUR,1,1447.79992676,2006-11-03,2006-11-03
None,Gaziantepspor,TUR,1,1443.90966797,2006-11-04,2006-11-12
None,Gaziantepspor,TUR,1,1432.47192383,2006-11-13,2006-11-19
None,Gaziantepspor,TUR,1,1424.50695801,2006-11-20,2006-11-22
None,Gaziantepspor,TUR,1,1421.83850098,2006-11-23,2006-11-23
None,Gaziantepspor,TUR,1,1427.77185059,2006-11-24,2006-11-25
None,Gaziantepspor,TUR,1,1419.1027832,2006-11-26,2006-11-29
None,Gaziantepspor,TUR,1,1422.22705078,2006-11-30,2006-11-30
None,Gaziantepspor,TUR,1,1420.61315918,2006-12-01,2006-12-03
None,Gaziantepspor,TUR,1,1410.21984863,2006-12-04,2006-12-05
None,Gaziantepspor,TUR,1,1415.83032227,2006-12-06,2006-12-10
None,Gaziantepspor,TUR,1,1423.55493164,2006-12-11,2006-12-13
None,Gaziantepspor,TUR,1,1421.0267334,2006-12-14,2006-12-14
None,Gaziantepspor,TUR,1,1419.44592285,2006-12-15,2007-01-27
None,Gaziantepspor,TUR,1,1434.64099121,2007-01-28,2007-02-04
None,Gaziantepspor,TUR,1,1436.74353027,2007-02-05,2007-02-11
None,Gaziantepspor,TUR,1,1430.02111816,2007-02-12,2007-02-14
None,Gaziantepspor,TUR,1,1427.88525391,2007-02-15,2007-02-17
None,Gaziantepspor,TUR,1,1439.58105469,2007-02-18,2007-02-22
None,Gaziantepspor,TUR,1,1439.09899902,2007-02-23,2007-02-24
None,Gaziantepspor,TUR,1,1432.58190918,2007-02-25,2007-03-04
None,Gaziantepspor,TUR,1,1420.81921387,2007-03-05,2007-03-10
None,Gaziantepspor,TUR,1,1425.40844727,2007-03-11,2007-03-17
None,Gaziantepspor,TUR,1,1431.64819336,2007-03-18,2007-04-01
None,Gaziantepspor,TUR,1,1439.51330566,2007-04-02,2007-04-08
None,Gaziantepspor,TUR,1,1436.99633789,2007-04-09,2007-04-15
None,Gaziantepspor,TUR,1,1430.39697266,2007-04-16,2007-04-20
None,Gaziantepspor,TUR,1,1423.83032227,2007-04-21,2007-04-28
None,Gaziantepspor,TUR,1,1424.94616699,2007-04-29,2007-05-05
None,Gaziantepspor,TUR,1,1412.23547363,2007-05-06,2007-05-13
None,Gaziantepspor,TUR,1,1424.63623047,2007-05-14,2007-05-20
None,Gaziantepspor,TUR,1,1421.92236328,2007-05-21,2007-05-26
None,Gaziantepspor,TUR,1,1437.47619629,2007-05-27,2007-08-01
None,Gaziantepspor,TUR,1,1437.73010254,2007-08-02,2007-08-08
None,Gaziantepspor,TUR,1,1439.26708984,2007-08-09,2007-08-12
None,Gaziantepspor,TUR,1,1446.40661621,2007-08-13,2007-08-15
None,Gaziantepspor,TUR,1,1451.14465332,2007-08-16,2007-08-16
None,Gaziantepspor,TUR,1,1454.52636719,2007-08-17,2007-08-18
None,Gaziantepspor,TUR,1,1452.11096191,2007-08-19,2007-08-25
None,Gaziantepspor,TUR,1,1445.57568359,2007-08-26,2007-08-29
None,Gaziantepspor,TUR,1,1459.46154785,2007-08-30,2007-08-30
None,Gaziantepspor,TUR,1,1466.02001953,2007-08-31,2007-09-02
None,Gaziantepspor,TUR,1,1457.96887207,2007-09-03,2007-09-16
None,Gaziantepspor,TUR,1,1466.47766113,2007-09-17,2007-09-18
None,Gaziantepspor,TUR,1,1463.60925293,2007-09-19,2007-09-19
None,Gaziantepspor,TUR,1,1469.02514648,2007-09-20,2007-09-20
None,Gaziantepspor,TUR,1,1466.36181641,2007-09-21,2007-09-23
None,Gaziantepspor,TUR,1,1475.02905273,2007-09-24,2007-09-30
None,Gaziantepspor,TUR,1,1481.17150879,2007-10-01,2007-10-02
None,Gaziantepspor,TUR,1,1481.90795898,2007-10-03,2007-10-03
None,Gaziantepspor,TUR,1,1478.94262695,2007-10-04,2007-10-04
None,Gaziantepspor,TUR,1,1484.0246582,2007-10-05,2007-10-07
None,Gaziantepspor,TUR,1,1476.49206543,2007-10-08,2007-10-20
None,Gaziantepspor,TUR,1,1466.38903809,2007-10-21,2007-10-23
None,Gaziantepspor,TUR,1,1468.30725098,2007-10-24,2007-10-24
None,Gaziantepspor,TUR,1,1474.35974121,2007-10-25,2007-10-25
None,Gaziantepspor,TUR,1,1472.12988281,2007-10-26,2007-10-27
None,Gaziantepspor,TUR,1,1473.90710449,2007-10-28,2007-11-04
None,Gaziantepspor,TUR,1,1477.02355957,2007-11-05,2007-11-06
None,Gaziantepspor,TUR,1,1474.47717285,2007-11-07,2007-11-07
None,Gaziantepspor,TUR,1,1478.6875,2007-11-08,2007-11-08
None,Gaziantepspor,TUR,1,1471.61450195,2007-11-09,2007-11-10
None,Gaziantepspor,TUR,1,1465.16125488,2007-11-11,2007-11-25
None,Gaziantepspor,TUR,1,1462.90222168,2007-11-26,2007-11-27
None,Gaziantepspor,TUR,1,1461.08569336,2007-11-28,2007-11-28
None,Gaziantepspor,TUR,1,1464.8269043,2007-11-29,2007-11-29
None,Gaziantepspor,TUR,1,1470.34570312,2007-11-30,2007-12-02
None,Gaziantepspor,TUR,1,1463.62768555,2007-12-03,2007-12-09
None,Gaziantepspor,TUR,1,1459.04418945,2007-12-10,2007-12-11
None,Gaziantepspor,TUR,1,1457.39233398,2007-12-12,2007-12-12
None,Gaziantepspor,TUR,1,1460.05078125,2007-12-13,2007-12-15
None,Gaziantepspor,TUR,1,1467.0604248,2007-12-16,2007-12-19
None,Gaziantepspor,TUR,1,1463.55578613,2007-12-20,2007-12-23
None,Gaziantepspor,TUR,1,1473.40075684,2007-12-24,2008-01-12
None,Gaziantepspor,TUR,1,1480.8527832,2008-01-13,2008-01-20
None,Gaziantepspor,TUR,1,1471.73522949,2008-01-21,2008-01-26
None,Gaziantepspor,TUR,1,1467.78515625,2008-01-27,2008-02-10
None,Gaziantepspor,TUR,1,1468.13684082,2008-02-11,2008-02-13
None,Gaziantepspor,TUR,1,1467.72973633,2008-02-14,2008-02-17
None,Gaziantepspor,TUR,1,1462.69116211,2008-02-18,2008-02-20
None,Gaziantepspor,TUR,1,1464.24023438,2008-02-21,2008-02-21
None,Gaziantepspor,TUR,1,1457.88867188,2008-02-22,2008-02-23
None,Gaziantepspor,TUR,1,1455.35803223,2008-02-24,2008-03-02
None,Gaziantepspor,TUR,1,1458.24841309,2008-03-03,2008-03-04
None,Gaziantepspor,TUR,1,1459.94665527,2008-03-05,2008-03-09
None,Gaziantepspor,TUR,1,1456.62841797,2008-03-10,2008-03-16
None,Gaziantepspor,TUR,1,1451.1932373,2008-03-17,2008-03-22
None,Gaziantepspor,TUR,1,1457.98754883,2008-03-23,2008-03-30
None,Gaziantepspor,TUR,1,1464.67114258,2008-03-31,2008-04-02
None,Gaziantepspor,TUR,1,1467.03222656,2008-04-03,2008-04-06
None,Gaziantepspor,TUR,1,1473.25744629,2008-04-07,2008-04-08
None,Gaziantepspor,TUR,1,1469.59216309,2008-04-09,2008-04-12
None,Gaziantepspor,TUR,1,1460.37536621,2008-04-13,2008-04-19
None,Gaziantepspor,TUR,1,1465.35473633,2008-04-20,2008-04-26
None,Gaziantepspor,TUR,1,1464.99023438,2008-04-27,2008-05-04
None,Gaziantepspor,TUR,1,1466.24365234,2008-05-05,2008-05-10
None,Gaziantepspor,TUR,1,1471.85070801,2008-05-11,2008-07-30
None,Gaziantepspor,TUR,1,1472.59899902,2008-07-31,2008-08-06
None,Gaziantepspor,TUR,1,1473.49719238,2008-08-07,2008-08-13
None,Gaziantepspor,TUR,1,1470.88549805,2008-08-14,2008-08-14
None,Gaziantepspor,TUR,1,1471.67626953,2008-08-15,2008-08-23
None,Gaziantepspor,TUR,1,1484.04980469,2008-08-24,2008-08-27
None,Gaziantepspor,TUR,1,1481.33508301,2008-08-28,2008-08-28
None,Gaziantepspor,TUR,1,1482.15393066,2008-08-29,2008-08-30
None,Gaziantepspor,TUR,1,1497.171875,2008-08-31,2008-09-14
None,Gaziantepspor,TUR,1,1493.61352539,2008-09-15,2008-09-17
None,Gaziantepspor,TUR,1,1491.27575684,2008-09-18,2008-09-18
None,Gaziantepspor,TUR,1,1489.0390625,2008-09-19,2008-09-21
None,Gaziantepspor,TUR,1,1483.94250488,2008-09-22,2008-09-28
None,Gaziantepspor,TUR,1,1490.03417969,2008-09-29,2008-09-30
None,Gaziantepspor,TUR,1,1488.87561035,2008-10-01,2008-10-02
None,Gaziantepspor,TUR,1,1476.4699707,2008-10-03,2008-10-04
None,Gaziantepspor,TUR,1,1488.82568359,2008-10-05,2008-10-19
None,Gaziantepspor,TUR,1,1476.94897461,2008-10-20,2008-10-21
None,Gaziantepspor,TUR,1,1473.9798584,2008-10-22,2008-10-23
None,Gaziantepspor,TUR,1,1476.96435547,2008-10-24,2008-10-26
None,Gaziantepspor,TUR,1,1481.06762695,2008-10-27,2008-11-02
None,Gaziantepspor,TUR,1,1476.8013916,2008-11-03,2008-11-05
None,Gaziantepspor,TUR,1,1480.60266113,2008-11-06,2008-11-06
None,Gaziantepspor,TUR,1,1489.10681152,2008-11-07,2008-11-09
None,Gaziantepspor,TUR,1,1468.82922363,2008-11-10,2008-11-16
None,Gaziantepspor,TUR,1,1469.12817383,2008-11-17,2008-11-22
None,Gaziantepspor,TUR,1,1477.02648926,2008-11-23,2008-11-25
None,Gaziantepspor,TUR,1,1473.37158203,2008-11-26,2008-11-27
None,Gaziantepspor,TUR,1,1467.34875488,2008-11-28,2008-11-29
None,Gaziantepspor,TUR,1,1460.74682617,2008-11-30,2008-12-03
None,Gaziantepspor,TUR,1,1466.08813477,2008-12-04,2008-12-06
None,Gaziantepspor,TUR,1,1466.30102539,2008-12-07,2008-12-10
None,Gaziantepspor,TUR,1,1464.21240234,2008-12-11,2008-12-14
None,Gaziantepspor,TUR,1,1476.97644043,2008-12-15,2008-12-21
None,Gaziantepspor,TUR,1,1485.23693848,2008-12-22,2009-01-24
None,Gaziantepspor,TUR,1,1484.87524414,2009-01-25,2009-02-01
None,Gaziantepspor,TUR,1,1491.09558105,2009-02-02,2009-02-08
None,Gaziantepspor,TUR,1,1501.68432617,2009-02-09,2009-02-14
None,Gaziantepspor,TUR,1,1489.17749023,2009-02-15,2009-02-18
None,Gaziantepspor,TUR,1,1490.79492188,2009-02-19,2009-02-20
None,Gaziantepspor,TUR,1,1478.46057129,2009-02-21,2009-02-26
None,Gaziantepspor,TUR,1,1484.78173828,2009-02-27,2009-02-28
None,Gaziantepspor,TUR,1,1474.91870117,2009-03-01,2009-03-07
None,Gaziantepspor,TUR,1,1471.04553223,2009-03-08,2009-03-12
None,Gaziantepspor,TUR,1,1473.078125,2009-03-13,2009-03-14
None,Gaziantepspor,TUR,1,1482.06774902,2009-03-15,2009-03-19
None,Gaziantepspor,TUR,1,1475.91064453,2009-03-20,2009-03-21
None,Gaziantepspor,TUR,1,1484.81152344,2009-03-22,2009-04-06
None,Gaziantepspor,TUR,1,1478.89367676,2009-04-07,2009-04-11
None,Gaziantepspor,TUR,1,1479.25048828,2009-04-12,2009-04-19
None,Gaziantepspor,TUR,1,1473.83398438,2009-04-20,2009-04-26
None,Gaziantepspor,TUR,1,1467.06225586,2009-04-27,2009-05-03
None,Gaziantepspor,TUR,1,1477.65917969,2009-05-04,2009-05-10
None,Gaziantepspor,TUR,1,1468.39782715,2009-05-11,2009-05-17
None,Gaziantepspor,TUR,1,1475.48364258,2009-05-18,2009-05-24
None,Gaziantepspor,TUR,1,1479.08288574,2009-05-25,2009-05-29
None,Gaziantepspor,TUR,1,1475.37963867,2009-05-30,2009-07-16
None,Gaziantepspor,TUR,1,1475.07556152,2009-07-17,2009-07-23
None,Gaziantepspor,TUR,1,1475.50427246,2009-07-24,2009-07-28
None,Gaziantepspor,TUR,1,1465.5378418,2009-07-29,2009-07-30
None,Gaziantepspor,TUR,1,1469.37573242,2009-07-31,2009-08-04
None,Gaziantepspor,TUR,1,1471.6842041,2009-08-05,2009-08-06
None,Gaziantepspor,TUR,1,1473.89367676,2009-08-07,2009-08-09
None,Gaziantepspor,TUR,1,1468.10961914,2009-08-10,2009-08-16
None,Gaziantepspor,TUR,1,1471.9753418,2009-08-17,2009-08-20
None,Gaziantepspor,TUR,1,1466.8717041,2009-08-21,2009-08-25
None,Gaziantepspor,TUR,1,1466.28967285,2009-08-26,2009-08-27
None,Gaziantepspor,TUR,1,1467.84643555,2009-08-28,2009-08-28
None,Gaziantepspor,TUR,1,1474.10961914,2009-08-29,2009-09-13
None,Gaziantepspor,TUR,1,1477.65942383,2009-09-14,2009-09-15
None,Gaziantepspor,TUR,1,1476.54772949,2009-09-16,2009-09-17
None,Gaziantepspor,TUR,1,1478.96704102,2009-09-18,2009-09-19
None,Gaziantepspor,TUR,1,1471.90869141,2009-09-20,2009-09-26
None,Gaziantepspor,TUR,1,1455.72216797,2009-09-27,2009-09-30
None,Gaziantepspor,TUR,1,1453.30981445,2009-10-01,2009-10-01
None,Gaziantepspor,TUR,1,1451.73913574,2009-10-02,2009-10-02
None,Gaziantepspor,TUR,1,1456.80578613,2009-10-03,2009-10-18
None,Gaziantepspor,TUR,1,1468.3190918,2009-10-19,2009-10-21
None,Gaziantepspor,TUR,1,1471.21557617,2009-10-22,2009-10-22
None,Gaziantepspor,TUR,1,1478.38549805,2009-10-23,2009-10-25
None,Gaziantepspor,TUR,1,1468.90478516,2009-10-26,2009-11-01
None,Gaziantepspor,TUR,1,1473.62597656,2009-11-02,2009-11-03
None,Gaziantepspor,TUR,1,1468.09912109,2009-11-04,2009-11-05
None,Gaziantepspor,TUR,1,1476.20581055,2009-11-06,2009-11-08
None,Gaziantepspor,TUR,1,1491.34326172,2009-11-09,2009-11-21
None,Gaziantepspor,TUR,1,1483.32763672,2009-11-22,2009-11-25
None,Gaziantepspor,TUR,1,1490.69274902,2009-11-26,2009-11-29
None,Gaziantepspor,TUR,1,1492.26818848,2009-11-30,2009-12-02
None,Gaziantepspor,TUR,1,1497.05102539,2009-12-03,2009-12-03
None,Gaziantepspor,TUR,1,1499.97814941,2009-12-04,2009-12-06
None,Gaziantepspor,TUR,1,1496.91101074,2009-12-07,2009-12-08
None,Gaziantepspor,TUR,1,1492.31005859,2009-12-09,2009-12-13
None,Gaziantepspor,TUR,1,1494.10327148,2009-12-14,2009-12-16
None,Gaziantepspor,TUR,1,1489.04455566,2009-12-17,2009-12-17
None,Gaziantepspor,TUR,1,1489.65124512,2009-12-18,2009-12-19
None,Gaziantepspor,TUR,1,1493.57397461,2009-12-20,2010-01-24
None,Gaziantepspor,TUR,1,1490.74975586,2010-01-25,2010-01-31
None,Gaziantepspor,TUR,1,1483.22521973,2010-02-01,2010-02-13
None,Gaziantepspor,TUR,1,1498.6171875,2010-02-14,2010-02-18
None,Gaziantepspor,TUR,1,1499.2220459,2010-02-19,2010-02-21
None,Gaziantepspor,TUR,1,1485.40344238,2010-02-22,2010-02-25
None,Gaziantepspor,TUR,1,1478.61523438,2010-02-26,2010-02-28
None,Gaziantepspor,TUR,1,1476.34143066,2010-03-01,2010-03-07
None,Gaziantepspor,TUR,1,1477.53869629,2010-03-08,2010-03-12
None,Gaziantepspor,TUR,1,1478.47717285,2010-03-13,2010-03-20
None,Gaziantepspor,TUR,1,1475.37023926,2010-03-21,2010-03-28
None,Gaziantepspor,TUR,1,1472.73706055,2010-03-29,2010-04-04
None,Gaziantepspor,TUR,1,1483.48999023,2010-04-05,2010-04-09
None,Gaziantepspor,TUR,1,1479.30834961,2010-04-10,2010-04-16
None,Gaziantepspor,TUR,1,1474.49243164,2010-04-17,2010-04-25
None,Gaziantepspor,TUR,1,1464.81103516,2010-04-26,2010-05-02
None,Gaziantepspor,TUR,1,1458.22912598,2010-05-03,2010-05-08
None,Gaziantepspor,TUR,1,1455.90942383,2010-05-09,2010-05-15
None,Gaziantepspor,TUR,1,1456.21203613,2010-05-16,2010-07-15
None,Gaziantepspor,TUR,1,1456.22216797,2010-07-16,2010-07-22
None,Gaziantepspor,TUR,1,1456.22680664,2010-07-23,2010-07-28
None,Gaziantepspor,TUR,1,1457.28369141,2010-07-29,2010-07-29
None,Gaziantepspor,TUR,1,1455.26855469,2010-07-30,2010-08-04
None,Gaziantepspor,TUR,1,1446.54418945,2010-08-05,2010-08-05
None,Gaziantepspor,TUR,1,1454.22851562,2010-08-06,2010-08-14
None,Gaziantepspor,TUR,1,1451.67114258,2010-08-15,2010-08-17
None,Gaziantepspor,TUR,1,1452.00891113,2010-08-18,2010-08-19
None,Gaziantepspor,TUR,1,1445.47607422,2010-08-20,2010-08-22
None,Gaziantepspor,TUR,1,1447.94055176,2010-08-23,2010-08-26
None,Gaziantepspor,TUR,1,1441.21801758,2010-08-27,2010-08-27
None,Gaziantepspor,TUR,1,1437.90673828,2010-08-28,2010-09-13
None,Gaziantepspor,TUR,1,1434.62316895,2010-09-14,2010-09-14
None,Gaziantepspor,TUR,1,1429.06945801,2010-09-15,2010-09-16
None,Gaziantepspor,TUR,1,1430.11853027,2010-09-17,2010-09-20
None,Gaziantepspor,TUR,1,1421.43847656,2010-09-21,2010-09-25
None,Gaziantepspor,TUR,1,1432.00671387,2010-09-26,2010-09-29
None,Gaziantepspor,TUR,1,1428.87304688,2010-09-30,2010-09-30
None,Gaziantepspor,TUR,1,1432.84216309,2010-10-01,2010-10-03
None,Gaziantepspor,TUR,1,1434.92077637,2010-10-04,2010-10-16
None,Gaziantepspor,TUR,1,1442.26818848,2010-10-17,2010-10-20
None,Gaziantepspor,TUR,1,1441.72998047,2010-10-21,2010-10-21
None,Gaziantepspor,TUR,1,1438.73669434,2010-10-22,2010-10-23
None,Gaziantepspor,TUR,1,1433.12365723,2010-10-24,2010-10-30
None,Gaziantepspor,TUR,1,1430.44189453,2010-10-31,2010-11-02
None,Gaziantepspor,TUR,1,1428.1373291,2010-11-03,2010-11-04
None,Gaziantepspor,TUR,1,1431.69165039,2010-11-05,2010-11-06
None,Gaziantepspor,TUR,1,1446.65576172,2010-11-07,2010-11-13
None,Gaziantepspor,TUR,1,1457.74816895,2010-11-14,2010-11-21
None,Gaziantepspor,TUR,1,1468.28881836,2010-11-22,2010-11-24
None,Gaziantepspor,TUR,1,1465.62402344,2010-11-25,2010-11-27
None,Gaziantepspor,TUR,1,1456.7364502,2010-11-28,2010-12-02
None,Gaziantepspor,TUR,1,1459.28564453,2010-12-03,2010-12-04
None,Gaziantepspor,TUR,1,1447.6171875,2010-12-05,2010-12-07
None,Gaziantepspor,TUR,1,1446.36291504,2010-12-08,2010-12-12
None,Gaziantepspor,TUR,1,1458.47375488,2010-12-13,2010-12-15
None,Gaziantepspor,TUR,1,1461.38586426,2010-12-16,2010-12-19
None,Gaziantepspor,TUR,1,1467.05371094,2010-12-20,2011-01-23
None,Gaziantepspor,TUR,1,1473.87268066,2011-01-24,2011-01-30
None,Gaziantepspor,TUR,1,1470.27355957,2011-01-31,2011-02-06
None,Gaziantepspor,TUR,1,1480.60632324,2011-02-07,2011-02-12
None,Gaziantepspor,TUR,1,1488.5567627,2011-02-13,2011-02-17
None,Gaziantepspor,TUR,1,1483.79284668,2011-02-18,2011-02-19
None,Gaziantepspor,TUR,1,1506.43823242,2011-02-20,2011-02-24
None,Gaziantepspor,TUR,1,1504.85461426,2011-02-25,2011-02-26
None,Gaziantepspor,TUR,1,1511.15014648,2011-02-27,2011-03-05
None,Gaziantepspor,TUR,1,1516.80151367,2011-03-06,2011-03-13
None,Gaziantepspor,TUR,1,1505.90844727,2011-03-14,2011-03-19
None,Gaziantepspor,TUR,1,1516.00390625,2011-03-20,2011-04-02
None,Gaziantepspor,TUR,1,1506.98034668,2011-04-03,2011-04-10
None,Gaziantepspor,TUR,1,1511.89172363,2011-04-11,2011-04-16
None,Gaziantepspor,TUR,1,1508.7286377,2011-04-17,2011-04-24
None,Gaziantepspor,TUR,1,1514.07580566,2011-04-25,2011-05-01
None,Gaziantepspor,TUR,1,1507.35974121,2011-05-02,2011-05-07
None,Gaziantepspor,TUR,1,1511.93603516,2011-05-08,2011-05-15
None,Gaziantepspor,TUR,1,1520.64929199,2011-05-16,2011-05-21
None,Gaziantepspor,TUR,1,1520.63635254,2011-05-22,2011-07-14
None,Gaziantepspor,TUR,1,1520.99304199,2011-07-15,2011-07-21
None,Gaziantepspor,TUR,1,1527.65588379,2011-07-22,2011-07-27
None,Gaziantepspor,TUR,1,1524.82727051,2011-07-28,2011-07-28
None,Gaziantepspor,TUR,1,1507.78308105,2011-07-29,2011-08-03
None,Gaziantepspor,TUR,1,1507.14367676,2011-08-04,2011-08-04
None,Gaziantepspor,TUR,1,1502.98681641,2011-08-05,2011-08-18
None,Gaziantepspor,TUR,1,1505.2277832,2011-08-19,2011-08-25
None,Gaziantepspor,TUR,1,1503.57324219,2011-08-26,2011-09-11
None,Gaziantepspor,TUR,1,1495.36230469,2011-09-12,2011-09-14
None,Gaziantepspor,TUR,1,1501.83483887,2011-09-15,2011-09-15
None,Gaziantepspor,TUR,1,1506.21008301,2011-09-16,2011-09-16
None,Gaziantepspor,TUR,1,1499.4230957,2011-09-17,2011-09-20
None,Gaziantepspor,TUR,1,1488.49511719,2011-09-21,2011-09-24
None,Gaziantepspor,TUR,1,1474.69836426,2011-09-25,2011-09-27
None,Gaziantepspor,TUR,1,1475.04919434,2011-09-28,2011-09-29
None,Gaziantepspor,TUR,1,1473.32751465,2011-09-30,2011-10-03
None,Gaziantepspor,TUR,1,1475.39318848,2011-10-04,2011-10-15
None,Gaziantepspor,TUR,1,1475.89978027,2011-10-16,2011-10-18
None,Gaziantepspor,TUR,1,1472.16967773,2011-10-19,2011-10-20
None,Gaziantepspor,TUR,1,1470.87536621,2011-10-21,2011-10-23
None,Gaziantepspor,TUR,1,1481.41931152,2011-10-24,2011-10-26
None,Gaziantepspor,TUR,1,1496.12060547,2011-10-27,2011-10-29
None,Gaziantepspor,TUR,1,1490.14440918,2011-10-30,2011-11-02
None,Gaziantepspor,TUR,1,1490.20483398,2011-11-03,2011-11-03
None,Gaziantepspor,TUR,1,1494.78173828,2011-11-04,2011-11-05
None,Gaziantepspor,TUR,1,1493.73278809,2011-11-06,2011-11-20
None,Gaziantepspor,TUR,1,1491.17565918,2011-11-21,2011-11-22
None,Gaziantepspor,TUR,1,1491.0970459,2011-11-23,2011-11-27
None,Gaziantepspor,TUR,1,1480.99133301,2011-11-28,2011-12-01
None,Gaziantepspor,TUR,1,1484.20959473,2011-12-02,2011-12-03
None,Gaziantepspor,TUR,1,1488.02502441,2011-12-04,2011-12-07
None,Gaziantepspor,TUR,1,1490.19128418,2011-12-08,2011-12-10
None,Gaziantepspor,TUR,1,1480.6114502,2011-12-11,2011-12-14
None,Gaziantepspor,TUR,1,1485.75305176,2011-12-15,2011-12-17
None,Gaziantepspor,TUR,1,1484.59204102,2011-12-18,2011-12-22
None,Gaziantepspor,TUR,1,1483.71105957,2011-12-23,2012-01-04
None,Gaziantepspor,TUR,1,1489.80993652,2012-01-05,2012-01-09
None,Gaziantepspor,TUR,1,1485.89697266,2012-01-10,2012-01-16
None,Gaziantepspor,TUR,1,1487.30737305,2012-01-17,2012-01-20
None,Gaziantepspor,TUR,1,1492.05578613,2012-01-21,2012-01-24
None,Gaziantepspor,TUR,1,1488.64685059,2012-01-25,2012-01-29
None,Gaziantepspor,TUR,1,1495.31799316,2012-01-30,2012-02-01
None,Gaziantepspor,TUR,1,1489.01867676,2012-02-02,2012-02-04
None,Gaziantepspor,TUR,1,1481.83459473,2012-02-05,2012-02-10
None,Gaziantepspor,TUR,1,1475.85375977,2012-02-11,2012-02-14
None,Gaziantepspor,TUR,1,1485.43078613,2012-02-15,2012-02-16
None,Gaziantepspor,TUR,1,1482.35437012,2012-02-17,2012-02-19
None,Gaziantepspor,TUR,1,1487.45422363,2012-02-20,2012-02-23
None,Gaziantepspor,TUR,1,1482.69946289,2012-02-24,2012-02-25
None,Gaziantepspor,TUR,1,1494.30871582,2012-02-26,2012-03-04
None,Gaziantepspor,TUR,1,1507.8236084,2012-03-05,2012-03-08
None,Gaziantepspor,TUR,1,1505.84130859,2012-03-09,2012-03-11
None,Gaziantepspor,TUR,1,1504.83459473,2012-03-12,2012-03-15
None,Gaziantepspor,TUR,1,1502.92297363,2012-03-16,2012-03-18
None,Gaziantepspor,TUR,1,1511.16699219,2012-03-19,2012-03-25
None,Gaziantepspor,TUR,1,1524.85559082,2012-03-26,2012-03-30
None,Gaziantepspor,TUR,1,1526.95495605,2012-03-31,2012-04-07
None,Gaziantepspor,TUR,1,1542.22558594,2012-04-08,2012-04-15
None,Gaziantepspor,TUR,1,1552.49829102,2012-04-16,2012-04-22
None,Gaziantepspor,TUR,1,1543.94250488,2012-04-23,2012-04-28
None,Gaziantepspor,TUR,1,1531.01525879,2012-04-29,2012-05-02
None,Gaziantepspor,TUR,1,1537.45751953,2012-05-03,2012-05-06
None,Gaziantepspor,TUR,1,1549.43786621,2012-05-07,2012-05-13
None,Gaziantepspor,TUR,1,1553.90771484,2012-05-14,2012-07-19
None,Gaziantepspor,TUR,1,1555.64794922,2012-07-20,2012-07-26
None,Gaziantepspor,TUR,1,1555.92590332,2012-07-27,2012-08-01
None,Gaziantepspor,TUR,1,1553.31811523,2012-08-02,2012-08-02
None,Gaziantepspor,TUR,1,1549.66833496,2012-08-03,2012-08-08
None,Gaziantepspor,TUR,1,1556.88220215,2012-08-09,2012-08-09
None,Gaziantepspor,TUR,1,1558.36938477,2012-08-10,2012-08-18
None,Gaziantepspor,TUR,1,1546.90551758,2012-08-19,2012-08-21
None,Gaziantepspor,TUR,1,1545.578125,2012-08-22,2012-08-23
None,Gaziantepspor,TUR,1,1549.48706055,2012-08-24,2012-08-25
None,Gaziantepspor,TUR,1,1543.41296387,2012-08-26,2012-08-29
None,Gaziantepspor,TUR,1,1539.87487793,2012-08-30,2012-08-30
None,Gaziantepspor,TUR,1,1530.17871094,2012-08-31,2012-09-02
None,Gaziantepspor,TUR,1,1538.00952148,2012-09-03,2012-09-15
None,Gaziantepspor,TUR,1,1519.31201172,2012-09-16,2012-09-19
None,Gaziantepspor,TUR,1,1518.55493164,2012-09-20,2012-09-20
None,Gaziantepspor,TUR,1,1517.8963623,2012-09-21,2012-09-22
None,Gaziantepspor,TUR,1,1525.91809082,2012-09-23,2012-09-29
None,Gaziantepspor,TUR,1,1528.07421875,2012-09-30,2012-10-02
None,Gaziantepspor,TUR,1,1522.07580566,2012-10-03,2012-10-04
None,Gaziantepspor,TUR,1,1530.21325684,2012-10-05,2012-10-05
None,Gaziantepspor,TUR,1,1518.45153809,2012-10-06,2012-10-21
None,Gaziantepspor,TUR,1,1515.38220215,2012-10-22,2012-10-23
None,Gaziantepspor,TUR,1,1513.30175781,2012-10-24,2012-10-25
None,Gaziantepspor,TUR,1,1515.61584473,2012-10-26,2012-10-28
None,Gaziantepspor,TUR,1,1526.21130371,2012-10-29,2012-11-03
None,Gaziantepspor,TUR,1,1512.44824219,2012-11-04,2012-11-07
None,Gaziantepspor,TUR,1,1518.43017578,2012-11-08,2012-11-08
None,Gaziantepspor,TUR,1,1519.65637207,2012-11-09,2012-11-11
None,Gaziantepspor,TUR,1,1509.26867676,2012-11-12,2012-11-18
None,Gaziantepspor,TUR,1,1509.3392334,2012-11-19,2012-11-20
None,Gaziantepspor,TUR,1,1515.28161621,2012-11-21,2012-11-22
None,Gaziantepspor,TUR,1,1520.47521973,2012-11-23,2012-11-25
None,Gaziantepspor,TUR,1,1525.31518555,2012-11-26,2012-11-30
None,Gaziantepspor,TUR,1,1530.36755371,2012-12-01,2012-12-05
None,Gaziantepspor,TUR,1,1535.49414062,2012-12-06,2012-12-06
None,Gaziantepspor,TUR,1,1528.13696289,2012-12-07,2012-12-08
None,Gaziantepspor,TUR,1,1511.99023438,2012-12-09,2012-12-15
None,Gaziantepspor,TUR,1,1509.68444824,2012-12-16,2012-12-23
None,Gaziantepspor,TUR,1,1513.92456055,2012-12-24,2013-01-19
None,Gaziantepspor,TUR,1,1514.51525879,2013-01-20,2013-01-26
None,Gaziantepspor,TUR,1,1508.18701172,2013-01-27,2013-02-03
None,Gaziantepspor,TUR,1,1497.99255371,2013-02-04,2013-02-11
None,Gaziantepspor,TUR,1,1503.44299316,2013-02-12,2013-02-14
None,Gaziantepspor,TUR,1,1503.84765625,2013-02-15,2013-02-16
None,Gaziantepspor,TUR,1,1507.9284668,2013-02-17,2013-02-20
None,Gaziantepspor,TUR,1,1507.06652832,2013-02-21,2013-02-21
None,Gaziantepspor,TUR,1,1510.28381348,2013-02-22,2013-02-22
None,Gaziantepspor,TUR,1,1518.32910156,2013-02-23,2013-03-03
None,Gaziantepspor,TUR,1,1504.9987793,2013-03-04,2013-03-07
None,Gaziantepspor,TUR,1,1509.7019043,2013-03-08,2013-03-09
None,Gaziantepspor,TUR,1,1504.86376953,2013-03-10,2013-03-12
None,Gaziantepspor,TUR,1,1513.18737793,2013-03-13,2013-03-14
None,Gaziantepspor,TUR,1,1513.98034668,2013-03-15,2013-03-17
None,Gaziantepspor,TUR,1,1523.05969238,2013-03-18,2013-03-30
None,Gaziantepspor,TUR,1,1532.97363281,2013-03-31,2013-04-03
None,Gaziantepspor,TUR,1,1532.21557617,2013-04-04,2013-04-04
None,Gaziantepspor,TUR,1,1537.02832031,2013-04-05,2013-04-07
None,Gaziantepspor,TUR,1,1538.6932373,2013-04-08,2013-04-09
None,Gaziantepspor,TUR,1,1538.81762695,2013-04-10,2013-04-11
None,Gaziantepspor,TUR,1,1540.49072266,2013-04-12,2013-04-14
None,Gaziantepspor,TUR,1,1530.10327148,2013-04-15,2013-04-21
None,Gaziantepspor,TUR,1,1542.21643066,2013-04-22,2013-04-25
None,Gaziantepspor,TUR,1,1545.11218262,2013-04-26,2013-04-28
None,Gaziantepspor,TUR,1,1539.75891113,2013-04-29,2013-05-02
None,Gaziantepspor,TUR,1,1534.71643066,2013-05-03,2013-05-05
None,Gaziantepspor,TUR,1,1546.13500977,2013-05-06,2013-05-10
None,Gaziantepspor,TUR,1,1541.88879395,2013-05-11,2013-05-17
None,Gaziantepspor,TUR,1,1547.54260254,2013-05-18,2013-07-18
None,Gaziantepspor,TUR,1,1547.8572998,2013-07-19,2013-07-25
None,Gaziantepspor,TUR,1,1548.37902832,2013-07-26,2013-07-31
None,Gaziantepspor,TUR,1,1549.47937012,2013-08-01,2013-08-01
None,Gaziantepspor,TUR,1,1551.59765625,2013-08-02,2013-08-06
None,Gaziantepspor,TUR,1,1555.3894043,2013-08-07,2013-08-08
None,Gaziantepspor,TUR,1,1536.26293945,2013-08-09,2013-08-19
None,Gaziantepspor,TUR,1,1533.4185791,2013-08-20,2013-08-21
None,Gaziantepspor,TUR,1,1529.60266113,2013-08-22,2013-08-22
None,Gaziantepspor,TUR,1,1528.00878906,2013-08-23,2013-08-24
None,Gaziantepspor,TUR,1,1524.23901367,2013-08-25,2013-08-27
None,Gaziantepspor,TUR,1,1523.58435059,2013-08-28,2013-08-29
None,Gaziantepspor,TUR,1,1527.28710938,2013-08-30,2013-09-01
None,Gaziantepspor,TUR,1,1520.7220459,2013-09-02,2013-09-14
None,Gaziantepspor,TUR,1,1497.16149902,2013-09-15,2013-09-17
None,Gaziantepspor,TUR,1,1494.60473633,2013-09-18,2013-09-19
None,Gaziantepspor,TUR,1,1498.16796875,2013-09-20,2013-09-20
None,Gaziantepspor,TUR,1,1488.17114258,2013-09-21,2013-09-28
None,Gaziantepspor,TUR,1,1497.9329834,2013-09-29,2013-10-02
None,Gaziantepspor,TUR,1,1500.38171387,2013-10-03,2013-10-03
None,Gaziantepspor,TUR,1,1501.18151855,2013-10-04,2013-10-05
None,Gaziantepspor,TUR,1,1511.08398438,2013-10-06,2013-10-20
None,Gaziantepspor,TUR,1,1505.68945312,2013-10-21,2013-10-23
None,Gaziantepspor,TUR,1,1507.51220703,2013-10-24,2013-10-24
None,Gaziantepspor,TUR,1,1510.84777832,2013-10-25,2013-10-25
None,Gaziantepspor,TUR,1,1506.88293457,2013-10-26,2013-11-04
None,Gaziantepspor,TUR,1,1488.18566895,2013-11-05,2013-11-05
None,Gaziantepspor,TUR,1,1482.96704102,2013-11-06,2013-11-07
None,Gaziantepspor,TUR,1,1487.73510742,2013-11-08,2013-11-09
None,Gaziantepspor,TUR,1,1478.76245117,2013-11-10,2013-11-24
None,Gaziantepspor,TUR,1,1485.20874023,2013-11-25,2013-11-27
None,Gaziantepspor,TUR,1,1484.31994629,2013-11-28,2013-11-28
None,Gaziantepspor,TUR,1,1486.73413086,2013-11-29,2013-11-30
None,Gaziantepspor,TUR,1,1500.73364258,2013-12-01,2013-12-08
None,Gaziantepspor,TUR,1,1509.2286377,2013-12-09,2013-12-11
None,Gaziantepspor,TUR,1,1514.17810059,2013-12-12,2013-12-12
None,Gaziantepspor,TUR,1,1515.98168945,2013-12-13,2013-12-15
None,Gaziantepspor,TUR,1,1519.265625,2013-12-16,2013-12-22
None,Gaziantepspor,TUR,1,1511.88195801,2013-12-23,2013-12-28
None,Gaziantepspor,TUR,1,1510.86218262,2013-12-29,2014-01-26
None,Gaziantepspor,TUR,1,1514.37084961,2014-01-27,2014-02-01
None,Gaziantepspor,TUR,1,1523.62976074,2014-02-02,2014-02-07
None,Gaziantepspor,TUR,1,1516.11828613,2014-02-08,2014-02-14
None,Gaziantepspor,TUR,1,1497.18334961,2014-02-15,2014-02-20
None,Gaziantepspor,TUR,1,1496.23986816,2014-02-21,2014-02-22
None,Gaziantepspor,TUR,1,1494.22253418,2014-02-23,2014-02-26
None,Gaziantepspor,TUR,1,1494.4107666,2014-02-27,2014-02-27
None,Gaziantepspor,TUR,1,1493.92456055,2014-02-28,2014-03-01
None,Gaziantepspor,TUR,1,1504.46923828,2014-03-02,2014-03-09
None,Gaziantepspor,TUR,1,1509.03198242,2014-03-10,2014-03-16
None,Gaziantepspor,TUR,1,1516.98046875,2014-03-17,2014-03-18
None,Gaziantepspor,TUR,1,1514.54003906,2014-03-19,2014-03-24
None,Gaziantepspor,TUR,1,1504.97509766,2014-03-25,2014-03-29
None,Gaziantepspor,TUR,1,1498.56494141,2014-03-30,2014-04-04
None,Gaziantepspor,TUR,1,1496.89160156,2014-04-05,2014-04-14
None,Gaziantepspor,TUR,1,1489.22961426,2014-04-15,2014-04-19
None,Gaziantepspor,TUR,1,1479.78601074,2014-04-20,2014-04-26
None,Gaziantepspor,TUR,1,1476.07348633,2014-04-27,2014-05-03
None,Gaziantepspor,TUR,1,1468.38623047,2014-05-04,2014-05-11
None,Gaziantepspor,TUR,1,1467.07922363,2014-05-12,2014-05-17
None,Gaziantepspor,TUR,1,1459.93371582,2014-05-18,2014-07-17
None,Gaziantepspor,TUR,1,1458.58105469,2014-07-18,2014-07-24
None,Gaziantepspor,TUR,1,1455.03417969,2014-07-25,2014-07-30
None,Gaziantepspor,TUR,1,1459.3380127,2014-07-31,2014-07-31
None,Gaziantepspor,TUR,1,1458.58300781,2014-08-01,2014-08-06
None,Gaziantepspor,TUR,1,1462.86279297,2014-08-07,2014-08-07
None,Gaziantepspor,TUR,1,1466.47131348,2014-08-08,2014-08-19
None,Gaziantepspor,TUR,1,1467.43493652,2014-08-20,2014-08-21
None,Gaziantepspor,TUR,1,1475.11828613,2014-08-22,2014-08-27
None,Gaziantepspor,TUR,1,1472.81140137,2014-08-28,2014-08-28
None,Gaziantepspor,TUR,1,1473.43310547,2014-08-29,2014-08-31
None,Gaziantepspor,TUR,1,1484.60314941,2014-09-01,2014-09-14
None,Gaziantepspor,TUR,1,1481.37609863,2014-09-15,2014-09-16
None,Gaziantepspor,TUR,1,1479.43615723,2014-09-17,2014-09-18
None,Gaziantepspor,TUR,1,1481.72875977,2014-09-19,2014-09-21
None,Gaziantepspor,TUR,1,1479.56188965,2014-09-22,2014-09-29
None,Gaziantepspor,TUR,1,1476.33850098,2014-09-30,2014-10-01
None,Gaziantepspor,TUR,1,1474.0246582,2014-10-02,2014-10-02
None,Gaziantepspor,TUR,1,1471.30969238,2014-10-03,2014-10-04
None,Gaziantepspor,TUR,1,1465.26025391,2014-10-05,2014-10-18
None,Gaziantepspor,TUR,1,1472.72644043,2014-10-19,2014-10-22
None,Gaziantepspor,TUR,1,1467.71533203,2014-10-23,2014-10-23
None,Gaziantepspor,TUR,1,1473.92956543,2014-10-24,2014-10-26
None,Gaziantepspor,TUR,1,1479.02807617,2014-10-27,2014-11-02
None,Gaziantepspor,TUR,1,1484.68798828,2014-11-03,2014-11-04
None,Gaziantepspor,TUR,1,1482.91308594,2014-11-05,2014-11-06
None,Gaziantepspor,TUR,1,1483.36315918,2014-11-07,2014-11-07
None,Gaziantepspor,TUR,1,1489.98522949,2014-11-08,2014-11-23
None,Gaziantepspor,TUR,1,1480.48120117,2014-11-24,2014-11-26
None,Gaziantepspor,TUR,1,1475.9473877,2014-11-27,2014-11-27
None,Gaziantepspor,TUR,1,1478.3861084,2014-11-28,2014-11-29
None,Gaziantepspor,TUR,1,1472.10534668,2014-11-30,2014-12-06
None,Gaziantepspor,TUR,1,1464.73510742,2014-12-07,2014-12-09
None,Gaziantepspor,TUR,1,1460.89587402,2014-12-10,2014-12-11
None,Gaziantepspor,TUR,1,1460.76452637,2014-12-12,2014-12-14
None,Gaziantepspor,TUR,1,1455.78845215,2014-12-15,2014-12-22
None,Gaziantepspor,TUR,1,1465.07519531,2014-12-23,2014-12-28
None,Gaziantepspor,TUR,1,1457.23156738,2014-12-29,2015-01-04
None,Gaziantepspor,TUR,1,1472.87609863,2015-01-05,2015-01-24
None,Gaziantepspor,TUR,1,1477.44104004,2015-01-25,2015-01-31
None,Gaziantepspor,TUR,1,1463.98901367,2015-02-01,2015-02-07
None,Gaziantepspor,TUR,1,1472.82141113,2015-02-08,2015-02-14
None,Gaziantepspor,TUR,1,1463.93139648,2015-02-15,2015-02-19
None,Gaziantepspor,TUR,1,1458.34667969,2015-02-20,2015-02-21
None,Gaziantepspor,TUR,1,1452.81591797,2015-02-22,2015-02-26
None,Gaziantepspor,TUR,1,1457.31176758,2015-02-27,2015-03-01
None,Gaziantepspor,TUR,1,1445.37817383,2015-03-02,2015-03-08
None,Gaziantepspor,TUR,1,1447.66345215,2015-03-09,2015-03-12
None,Gaziantepspor,TUR,1,1445.64086914,2015-03-13,2015-03-16
None,Gaziantepspor,TUR,1,1460.28356934,2015-03-17,2015-03-19
None,Gaziantepspor,TUR,1,1452.87683105,2015-03-20,2015-03-21
None,Gaziantepspor,TUR,1,1462.49707031,2015-03-22,2015-04-05
None,Gaziantepspor,TUR,1,1450.67358398,2015-04-06,2015-04-17
None,Gaziantepspor,TUR,1,1449.31848145,2015-04-18,2015-04-26
None,Gaziantepspor,TUR,1,1446.72045898,2015-04-27,2015-05-03
None,Gaziantepspor,TUR,1,1432.00073242,2015-05-04,2015-05-10
None,Gaziantepspor,TUR,1,1438.84277344,2015-05-11,2015-05-13
None,Gaziantepspor,TUR,1,1428.51599121,2015-05-14,2015-05-17
None,Gaziantepspor,TUR,1,1423.28161621,2015-05-18,2015-05-24
None,Gaziantepspor,TUR,1,1431.56164551,2015-05-25,2015-05-29
None,Gaziantepspor,TUR,1,1432.26037598,2015-05-30,2015-07-16
None,Gaziantepspor,TUR,1,1432.29394531,2015-07-17,2015-07-23
None,Gaziantepspor,TUR,1,1432.4498291,2015-07-24,2015-07-28
None,Gaziantepspor,TUR,1,1432.0378418,2015-07-29,2015-07-30
None,Gaziantepspor,TUR,1,1424.28613281,2015-07-31,2015-08-05
None,Gaziantepspor,TUR,1,1417.94274902,2015-08-06,2015-08-06
None,Gaziantepspor,TUR,1,1403.61303711,2015-08-07,2015-08-16
None,Gaziantepspor,TUR,1,1388.45678711,2015-08-17,2015-08-20
None,Gaziantepspor,TUR,1,1390.61120605,2015-08-21,2015-08-23
None,Gaziantepspor,TUR,1,1403.47668457,2015-08-24,2015-08-27
None,Gaziantepspor,TUR,1,1406.28295898,2015-08-28,2015-08-28
None,Gaziantepspor,TUR,1,1396.71105957,2015-08-29,2015-09-12
None,Gaziantepspor,TUR,1,1399.79333496,2015-09-13,2015-09-15
None,Gaziantepspor,TUR,1,1397.93896484,2015-09-16,2015-09-17
None,Gaziantepspor,TUR,1,1389.06518555,2015-09-18,2015-09-20
None,Gaziantepspor,TUR,1,1395.81799316,2015-09-21,2015-09-26
None,Gaziantepspor,TUR,1,1393.51074219,2015-09-27,2015-09-30
None,Gaziantepspor,TUR,1,1391.62487793,2015-10-01,2015-10-01
None,Gaziantepspor,TUR,1,1391.5682373,2015-10-02,2015-10-03
None,Gaziantepspor,TUR,1,1398.92858887,2015-10-04,2015-10-17
None,Gaziantepspor,TUR,1,1393.88037109,2015-10-18,2015-10-21
None,Gaziantepspor,TUR,1,1399.1081543,2015-10-22,2015-10-22
None,Gaziantepspor,TUR,1,1403.99694824,2015-10-23,2015-10-24
None,Gaziantepspor,TUR,1,1410.7175293,2015-10-25,2015-10-28
None,Gaziantepspor,TUR,1,1414.95629883,2015-10-29,2015-11-03
None,Gaziantepspor,TUR,1,1413.53820801,2015-11-04,2015-11-05
None,Gaziantepspor,TUR,1,1413.9675293,2015-11-06,2015-11-08
None,Gaziantepspor,TUR,1,1402.77941895,2015-11-09,2015-11-23
None,Gaziantepspor,TUR,1,1395.98925781,2015-11-24,2015-11-25
None,Gaziantepspor,TUR,1,1395.07958984,2015-11-26,2015-11-26
None,Gaziantepspor,TUR,1,1400.11022949,2015-11-27,2015-11-29
None,Gaziantepspor,TUR,1,1402.85498047,2015-11-30,2015-12-06
None,Gaziantepspor,TUR,1,1408.48010254,2015-12-07,2015-12-08
None,Gaziantepspor,TUR,1,1405.35046387,2015-12-09,2015-12-10
None,Gaziantepspor,TUR,1,1399.88122559,2015-12-11,2015-12-12
None,Gaziantepspor,TUR,1,1408.41564941,2015-12-13,2015-12-19
None,Gaziantepspor,TUR,1,1418.8380127,2015-12-20,2015-12-26
None,Gaziantepspor,TUR,1,1420.14294434,2015-12-27,2016-01-16
None,Gaziantepspor,TUR,1,1431.51269531,2016-01-17,2016-01-24
None,Gaziantepspor,TUR,1,1422.7935791,2016-01-25,2016-02-07
None,Gaziantepspor,TUR,1,1417.97473145,2016-02-08,2016-02-14
None,Gaziantepspor,TUR,1,1409.5559082,2016-02-15,2016-02-16
None,Gaziantepspor,TUR,1,1414.22973633,2016-02-17,2016-02-18
None,Gaziantepspor,TUR,1,1413.78845215,2016-02-19,2016-02-21
None,Gaziantepspor,TUR,1,1415.32165527,2016-02-22,2016-02-25
None,Gaziantepspor,TUR,1,1413.42102051,2016-02-26,2016-02-28
None,Gaziantepspor,TUR,1,1428.80944824,2016-02-29,2016-03-05
None,Gaziantepspor,TUR,1,1431.609375,2016-03-06,2016-03-10
None,Gaziantepspor,TUR,1,1433.57275391,2016-03-11,2016-03-12
None,Gaziantepspor,TUR,1,1425.68310547,2016-03-13,2016-03-17
None,Gaziantepspor,TUR,1,1414.40454102,2016-03-18,2016-03-20
None,Gaziantepspor,TUR,1,1415.44189453,2016-03-21,2016-04-02
None,Gaziantepspor,TUR,1,1406.66601562,2016-04-03,2016-04-08
None,Gaziantepspor,TUR,1,1395.91674805,2016-04-09,2016-04-17
None,Gaziantepspor,TUR,1,1389.23413086,2016-04-18,2016-04-25
None,Gaziantepspor,TUR,1,1377.81835938,2016-04-26,2016-05-01
None,Gaziantepspor,TUR,1,1374.91540527,2016-05-02,2016-05-07
None,Gaziantepspor,TUR,1,1373.3984375,2016-05-08,2016-05-14
None,Gaziantepspor,TUR,1,1367.54711914,2016-05-15,2016-05-19
None,Gaziantepspor,TUR,1,1379.37805176,2016-05-20,2016-07-14
None,Gaziantepspor,TUR,1,1379.59692383,2016-07-15,2016-07-21
None,Gaziantepspor,TUR,1,1381.70239258,2016-07-22,2016-07-27
None,Gaziantepspor,TUR,1,1383.49658203,2016-07-28,2016-07-28
None,Gaziantepspor,TUR,1,1382.87158203,2016-07-29,2016-08-03
None,Gaziantepspor,TUR,1,1376.40905762,2016-08-04,2016-08-04
None,Gaziantepspor,TUR,1,1381.52709961,2016-08-05,2016-08-18
None,Gaziantepspor,TUR,1,1387.71789551,2016-08-19,2016-08-21
None,Gaziantepspor,TUR,1,1381.50646973,2016-08-22,2016-08-25
None,Gaziantepspor,TUR,1,1387.08068848,2016-08-26,2016-08-27
None,Gaziantepspor,TUR,1,1394.38928223,2016-08-28,2016-09-10
None,Gaziantepspor,TUR,1,1395.97558594,2016-09-11,2016-09-13
None,Gaziantepspor,TUR,1,1398.91943359,2016-09-14,2016-09-15
None,Gaziantepspor,TUR,1,1400.88220215,2016-09-16,2016-09-18
None,Gaziantepspor,TUR,1,1395.5,2016-09-19,2016-09-25
None,Gaziantepspor,TUR,1,1393.61071777,2016-09-26,2016-09-28
None,Gaziantepspor,TUR,1,1393.3001709,2016-09-29,2016-09-29
None,Gaziantepspor,TUR,1,1388.05310059,2016-09-30,2016-10-01
None,Gaziantepspor,TUR,1,1397.15808105,2016-10-02,2016-10-15
None,Gaziantepspor,TUR,1,1400.65844727,2016-10-16,2016-10-19
None,Gaziantepspor,TUR,1,1406.52636719,2016-10-20,2016-10-20
None,Gaziantepspor,TUR,1,1405.8026123,2016-10-21,2016-10-21
None,Gaziantepspor,TUR,1,1395.24633789,2016-10-22,2016-10-29
None,Gaziantepspor,TUR,1,1409.7644043,2016-10-30,2016-11-01
None,Gaziantepspor,TUR,1,1409.8927002,2016-11-02,2016-11-03
None,Gaziantepspor,TUR,1,1418.10144043,2016-11-04,2016-11-05
None,Gaziantepspor,TUR,1,1411.09838867,2016-11-06,2016-11-19
None,Gaziantepspor,TUR,1,1399.38806152,2016-11-20,2016-11-23
None,Gaziantepspor,TUR,1,1400.05273438,2016-11-24,2016-11-24
None,Gaziantepspor,TUR,1,1397.83166504,2016-11-25,2016-11-26
None,Gaziantepspor,TUR,1,1389.52026367,2016-11-27,2016-12-04
None,Gaziantepspor,TUR,1,1381.36437988,2016-12-05,2016-12-06
None,Gaziantepspor,TUR,1,1375.53393555,2016-12-07,2016-12-08
None,Gaziantepspor,TUR,1,1377.37780762,2016-12-09,2016-12-11
None,Gaziantepspor,TUR,1,1374.04467773,2016-12-12,2016-12-18
None,Gaziantepspor,TUR,1,1364.62731934,2016-12-19,2016-12-24
None,Gaziantepspor,TUR,1,1363.29003906,2016-12-25,2017-01-15
None,Gaziantepspor,TUR,1,1351.02722168,2017-01-16,2017-01-29
None,Gaziantepspor,TUR,1,1342.43664551,2017-01-30,2017-02-13
None,Gaziantepspor,TUR,1,1349.77307129,2017-02-14,2017-02-16
None,Gaziantepspor,TUR,1,1352.92028809,2017-02-17,2017-02-18
None,Gaziantepspor,TUR,1,1360.24584961,2017-02-19,2017-02-22
None,Gaziantepspor,TUR,1,1357.84814453,2017-02-23,2017-02-23
None,Gaziantepspor,TUR,1,1352.02709961,2017-02-24,2017-02-26
None,Gaziantepspor,TUR,1,1357.46105957,2017-02-27,2017-03-04
None,Gaziantepspor,TUR,1,1353.33203125,2017-03-05,2017-03-09
None,Gaziantepspor,TUR,1,1354.26818848,2017-03-10,2017-03-11
None,Gaziantepspor,TUR,1,1344.98706055,2017-03-12,2017-03-16
None,Gaziantepspor,TUR,1,1350.06640625,2017-03-17,2017-03-18
None,Gaziantepspor,TUR,1,1362.40014648,2017-03-19,2017-04-02
None,Gaziantepspor,TUR,1,1381.39489746,2017-04-03,2017-04-08
None,Gaziantepspor,TUR,1,1372.92272949,2017-04-09,2017-04-12
None,Gaziantepspor,TUR,1,1365.70629883,2017-04-13,2017-04-13
None,Gaziantepspor,TUR,1,1364.5994873,2017-04-14,2017-04-20
None,Gaziantepspor,TUR,1,1366.06750488,2017-04-21,2017-04-21
None,Gaziantepspor,TUR,1,1379.66247559,2017-04-22,2017-04-28
None,Gaziantepspor,TUR,1,1378.74572754,2017-04-29,2017-05-08
None,Gaziantepspor,TUR,1,1367.73950195,2017-05-09,2017-05-14
None,Gaziantepspor,TUR,1,1362.88598633,2017-05-15,2017-05-20
None,Gaziantepspor,TUR,1,1355.06713867,2017-05-21,2017-05-28
None,Gaziantepspor,TUR,1,1350.83850098,2017-05-29,2017-06-02
None,Gaziantepspor,TUR,1,1345.77526855,2017-06-03,2017-07-01


