Rank,Club,Country,Level,Elo,From,To
None,Amiens,FRA,2,1522.83508301,1994-07-13,1994-07-29
None,Amiens,FRA,2,1516.33215332,1994-07-30,1994-08-03
None,Amiens,FRA,2,1518.88049316,1994-08-04,1994-08-06
None,Amiens,FRA,2,1523.60498047,1994-08-07,1994-08-10
None,Amiens,FRA,2,1524.66589355,1994-08-11,1994-08-13
None,Amiens,FRA,2,1532.41723633,1994-08-14,1994-08-20
None,Amiens,FRA,2,1536.29711914,1994-08-21,1994-08-24
None,Amiens,FRA,2,1536.67126465,1994-08-25,1994-08-27
None,Amiens,FRA,2,1527.31298828,1994-08-28,1994-08-31
None,Amiens,FRA,2,1530.4050293,1994-09-01,1994-09-02
None,Amiens,FRA,2,1527.08618164,1994-09-03,1994-09-09
None,Amiens,FRA,2,1520.41870117,1994-09-10,1994-09-13
None,Amiens,FRA,2,1528.11743164,1994-09-14,1994-09-14
None,Amiens,FRA,2,1530.92712402,1994-09-15,1994-09-15
None,Amiens,FRA,2,1526.71704102,1994-09-16,1994-09-17
None,Amiens,FRA,2,1520.52038574,1994-09-18,1994-09-20
None,Amiens,FRA,2,1510.68383789,1994-09-21,1994-09-24
None,Amiens,FRA,2,1505.31469727,1994-09-25,1994-09-27
None,Amiens,FRA,2,1513.8013916,1994-09-28,1994-09-28
None,Amiens,FRA,2,1518.47766113,1994-09-29,1994-09-29
None,Amiens,FRA,2,1525.77404785,1994-09-30,1994-10-01
None,Amiens,FRA,2,1519.4732666,1994-10-02,1994-10-11
None,Amiens,FRA,2,1525.23852539,1994-10-12,1994-10-15
None,Amiens,FRA,2,1519.39245605,1994-10-16,1994-10-18
None,Amiens,FRA,2,1514.35986328,1994-10-19,1994-10-19
None,Amiens,FRA,2,1517.47497559,1994-10-20,1994-10-20
None,Amiens,FRA,2,1518.61914062,1994-10-21,1994-10-22
None,Amiens,FRA,2,1516.86914062,1994-10-23,1994-10-29
None,Amiens,FRA,2,1525.71850586,1994-10-30,1994-11-01
None,Amiens,FRA,2,1502.51196289,1994-11-02,1994-11-02
None,Amiens,FRA,2,1503.0994873,1994-11-03,1994-11-03
None,Amiens,FRA,2,1504.2845459,1994-11-04,1994-11-04
None,Amiens,FRA,2,1510.63037109,1994-11-05,1994-11-10
None,Amiens,FRA,2,1503.55126953,1994-11-11,1994-11-12
None,Amiens,FRA,2,1516.55297852,1994-11-13,1994-11-19
None,Amiens,FRA,2,1519.64001465,1994-11-20,1994-11-23
None,Amiens,FRA,2,1524.5489502,1994-11-24,1994-11-24
None,Amiens,FRA,2,1527.00170898,1994-11-25,1994-11-26
None,Amiens,FRA,2,1537.1953125,1994-11-27,1994-12-03
None,Amiens,FRA,2,1532.16784668,1994-12-04,1994-12-07
None,Amiens,FRA,2,1533.88391113,1994-12-08,1994-12-08
None,Amiens,FRA,2,1533.62768555,1994-12-09,1995-01-07
None,Amiens,FRA,2,1536.6607666,1995-01-08,1995-01-21
None,Amiens,FRA,2,1528.09863281,1995-01-22,1995-01-28
None,Amiens,FRA,2,1516.46228027,1995-01-29,1995-02-08
None,Amiens,FRA,2,1517.5411377,1995-02-09,1995-02-11
None,Amiens,FRA,2,1511.26623535,1995-02-12,1995-02-25
None,Amiens,FRA,2,1510.39904785,1995-02-26,1995-03-01
None,Amiens,FRA,2,1512.78051758,1995-03-02,1995-03-02
None,Amiens,FRA,2,1506.26708984,1995-03-03,1995-03-04
None,Amiens,FRA,2,1506.99169922,1995-03-05,1995-03-11
None,Amiens,FRA,2,1495.88891602,1995-03-12,1995-03-15
None,Amiens,FRA,2,1497.63647461,1995-03-16,1995-03-16
None,Amiens,FRA,2,1486.49609375,1995-03-17,1995-03-21
None,Amiens,FRA,2,1489.27661133,1995-03-22,1995-03-24
None,Amiens,FRA,2,1495.86120605,1995-03-25,1995-04-01
None,Amiens,FRA,2,1496.20532227,1995-04-02,1995-04-05
None,Amiens,FRA,2,1492.79394531,1995-04-06,1995-04-08
None,Amiens,FRA,2,1491.52038574,1995-04-09,1995-04-15
None,Amiens,FRA,2,1487.12475586,1995-04-16,1995-04-19
None,Amiens,FRA,2,1485.35339355,1995-04-20,1995-04-22
None,Amiens,FRA,2,1472.20788574,1995-04-23,1995-04-29
None,Amiens,FRA,2,1468.3416748,1995-04-30,1995-05-06
None,Amiens,FRA,2,1472.03259277,1995-05-07,1995-05-20
None,Amiens,FRA,2,1454.73571777,1995-05-21,1995-05-27
None,Amiens,FRA,2,1461.1583252,1995-05-28,1995-05-31
None,Amiens,FRA,2,1470.05053711,1995-06-01,1995-07-01
None,Amiens,FRA,2,1464.55834961,1995-07-02,1995-07-19
None,Amiens,FRA,2,1474.29077148,1995-07-20,1995-07-26
None,Amiens,FRA,2,1477.79248047,1995-07-27,1995-07-29
None,Amiens,FRA,2,1479.92236328,1995-07-30,1995-08-09
None,Amiens,FRA,2,1476.4552002,1995-08-10,1995-08-12
None,Amiens,FRA,2,1461.61010742,1995-08-13,1995-08-19
None,Amiens,FRA,2,1449.82836914,1995-08-20,1995-08-26
None,Amiens,FRA,2,1438.28210449,1995-08-27,1995-09-02
None,Amiens,FRA,2,1431.9909668,1995-09-03,1995-09-09
None,Amiens,FRA,2,1421.84863281,1995-09-10,1995-09-12
None,Amiens,FRA,2,1416.6105957,1995-09-13,1995-09-13
None,Amiens,FRA,2,1420.38452148,1995-09-14,1995-09-14
None,Amiens,FRA,2,1424.15942383,1995-09-15,1995-09-16
None,Amiens,FRA,2,1427.81677246,1995-09-17,1995-09-23
None,Amiens,FRA,2,1432.19067383,1995-09-24,1995-09-26
None,Amiens,FRA,2,1435.3326416,1995-09-27,1995-09-27
None,Amiens,FRA,2,1431.64099121,1995-09-28,1995-09-28
None,Amiens,FRA,2,1432.34594727,1995-09-29,1995-09-30
None,Amiens,FRA,2,1446.3425293,1995-10-01,1995-10-04
None,Amiens,FRA,2,1434.15600586,1995-10-05,1995-10-14
None,Amiens,FRA,2,1447.15551758,1995-10-15,1995-10-17
None,Amiens,FRA,2,1442.95776367,1995-10-18,1995-10-18
None,Amiens,FRA,2,1444.01220703,1995-10-19,1995-10-19
None,Amiens,FRA,2,1444.30566406,1995-10-20,1995-10-22
None,Amiens,FRA,2,1436.05041504,1995-10-23,1995-10-28
None,Amiens,FRA,2,1440.79345703,1995-10-29,1995-10-31
None,Amiens,FRA,2,1458.7253418,1995-11-01,1995-11-01
None,Amiens,FRA,2,1465.40588379,1995-11-02,1995-11-02
None,Amiens,FRA,2,1467.10131836,1995-11-03,1995-11-04
None,Amiens,FRA,2,1461.62927246,1995-11-05,1995-11-10
None,Amiens,FRA,2,1452.96154785,1995-11-11,1995-11-18
None,Amiens,FRA,2,1443.45874023,1995-11-19,1995-11-21
None,Amiens,FRA,2,1447.80688477,1995-11-22,1995-11-22
None,Amiens,FRA,2,1450.31091309,1995-11-23,1995-11-25
None,Amiens,FRA,2,1432.7388916,1995-11-26,1995-12-03
None,Amiens,FRA,2,1425.98254395,1995-12-04,1995-12-05
None,Amiens,FRA,2,1422.66699219,1995-12-06,1995-12-06
None,Amiens,FRA,2,1421.83605957,1995-12-07,1995-12-09
None,Amiens,FRA,2,1424.91870117,1995-12-10,1996-01-10
None,Amiens,FRA,2,1424.29467773,1996-01-11,1996-01-20
None,Amiens,FRA,2,1439.3248291,1996-01-21,1996-01-27
None,Amiens,FRA,2,1433.47631836,1996-01-28,1996-02-07
None,Amiens,FRA,2,1455.93579102,1996-02-08,1996-02-10
None,Amiens,FRA,2,1460.33435059,1996-02-11,1996-02-18
None,Amiens,FRA,2,1461.93066406,1996-02-19,1996-02-27
None,Amiens,FRA,2,1457.54150391,1996-02-28,1996-03-02
None,Amiens,FRA,2,1461.83276367,1996-03-03,1996-03-05
None,Amiens,FRA,2,1465.5715332,1996-03-06,1996-03-07
None,Amiens,FRA,2,1464.40869141,1996-03-08,1996-03-09
None,Amiens,FRA,2,1461.93579102,1996-03-10,1996-03-13
None,Amiens,FRA,2,1464.91516113,1996-03-14,1996-03-19
None,Amiens,FRA,2,1476.19750977,1996-03-20,1996-03-20
None,Amiens,FRA,2,1478.84033203,1996-03-21,1996-03-21
None,Amiens,FRA,2,1486.23974609,1996-03-22,1996-03-23
None,Amiens,FRA,2,1480.54553223,1996-03-24,1996-03-30
None,Amiens,FRA,2,1483.44458008,1996-03-31,1996-04-01
None,Amiens,FRA,2,1488.5892334,1996-04-02,1996-04-03
None,Amiens,FRA,2,1486.50744629,1996-04-04,1996-04-04
None,Amiens,FRA,2,1490.40844727,1996-04-05,1996-04-09
None,Amiens,FRA,2,1497.39074707,1996-04-10,1996-04-16
None,Amiens,FRA,2,1499.92895508,1996-04-17,1996-04-17
None,Amiens,FRA,2,1499.76257324,1996-04-18,1996-04-18
None,Amiens,FRA,2,1501.00585938,1996-04-19,1996-04-20
None,Amiens,FRA,2,1505.84814453,1996-04-21,1996-04-24
None,Amiens,FRA,2,1507.47607422,1996-04-25,1996-04-27
None,Amiens,FRA,2,1506.36169434,1996-04-28,1996-05-01
None,Amiens,FRA,2,1503.92333984,1996-05-02,1996-05-03
None,Amiens,FRA,2,1508.35437012,1996-05-04,1996-05-08
None,Amiens,FRA,2,1510.48779297,1996-05-09,1996-05-10
None,Amiens,FRA,2,1515.07250977,1996-05-11,1996-05-15
None,Amiens,FRA,2,1512.39831543,1996-05-16,1996-05-17
None,Amiens,FRA,2,1503.45336914,1996-05-18,1996-05-21
None,Amiens,FRA,2,1508.18164062,1996-05-22,1996-08-10
None,Amiens,FRA,2,1506.68945312,1996-08-11,1996-08-17
None,Amiens,FRA,2,1522.29382324,1996-08-18,1996-08-20
None,Amiens,FRA,2,1506.53662109,1996-08-21,1996-08-24
None,Amiens,FRA,2,1498.19812012,1996-08-25,1996-08-27
None,Amiens,FRA,2,1484.41662598,1996-08-28,1996-09-04
None,Amiens,FRA,2,1474.25952148,1996-09-05,1996-09-07
None,Amiens,FRA,2,1467.98364258,1996-09-08,1996-09-10
None,Amiens,FRA,2,1459.97241211,1996-09-11,1996-09-11
None,Amiens,FRA,2,1455.65893555,1996-09-12,1996-09-12
None,Amiens,FRA,2,1459.53588867,1996-09-13,1996-09-14
None,Amiens,FRA,2,1464.3392334,1996-09-15,1996-09-18
None,Amiens,FRA,2,1468.60400391,1996-09-19,1996-09-21
None,Amiens,FRA,2,1476.67199707,1996-09-22,1996-09-24
None,Amiens,FRA,2,1477.64282227,1996-09-25,1996-09-25
None,Amiens,FRA,2,1481.29138184,1996-09-26,1996-09-26
None,Amiens,FRA,2,1486.90734863,1996-09-27,1996-09-28
None,Amiens,FRA,2,1487.95629883,1996-09-29,1996-10-02
None,Amiens,FRA,2,1483.61877441,1996-10-03,1996-10-05
None,Amiens,FRA,2,1486.96923828,1996-10-06,1996-10-12
None,Amiens,FRA,2,1492.38720703,1996-10-13,1996-10-15
None,Amiens,FRA,2,1500.7520752,1996-10-16,1996-10-16
None,Amiens,FRA,2,1501.73803711,1996-10-17,1996-10-17
None,Amiens,FRA,2,1493.53015137,1996-10-18,1996-10-19
None,Amiens,FRA,2,1511.65930176,1996-10-20,1996-10-26
None,Amiens,FRA,2,1507.87036133,1996-10-27,1996-10-29
None,Amiens,FRA,2,1506.43615723,1996-10-30,1996-10-30
None,Amiens,FRA,2,1501.19140625,1996-10-31,1996-10-31
None,Amiens,FRA,2,1507.99267578,1996-11-01,1996-11-02
None,Amiens,FRA,2,1497.28735352,1996-11-03,1996-11-06
None,Amiens,FRA,2,1502.95849609,1996-11-07,1996-11-13
None,Amiens,FRA,2,1505.98815918,1996-11-14,1996-11-16
None,Amiens,FRA,2,1512.30334473,1996-11-17,1996-11-19
None,Amiens,FRA,2,1513.45825195,1996-11-20,1996-11-20
None,Amiens,FRA,2,1518.51489258,1996-11-21,1996-11-23
None,Amiens,FRA,2,1530.86230469,1996-11-24,1996-12-03
None,Amiens,FRA,2,1527.79992676,1996-12-04,1996-12-04
None,Amiens,FRA,2,1528.70336914,1996-12-05,1996-12-06
None,Amiens,FRA,2,1534.73840332,1996-12-07,1996-12-14
None,Amiens,FRA,2,1526.98950195,1996-12-15,1997-01-25
None,Amiens,FRA,2,1524.17785645,1997-01-26,1997-02-01
None,Amiens,FRA,2,1519.78479004,1997-02-02,1997-02-15
None,Amiens,FRA,2,1511.94006348,1997-02-16,1997-02-22
None,Amiens,FRA,2,1494.40454102,1997-02-23,1997-03-04
None,Amiens,FRA,2,1497.14807129,1997-03-05,1997-03-05
None,Amiens,FRA,2,1494.33435059,1997-03-06,1997-03-06
None,Amiens,FRA,2,1492.40856934,1997-03-07,1997-03-08
None,Amiens,FRA,2,1481.76745605,1997-03-09,1997-03-12
None,Amiens,FRA,2,1487.59338379,1997-03-13,1997-03-15
None,Amiens,FRA,2,1481.76330566,1997-03-16,1997-03-18
None,Amiens,FRA,2,1484.13513184,1997-03-19,1997-03-19
None,Amiens,FRA,2,1481.07788086,1997-03-20,1997-03-20
None,Amiens,FRA,2,1486.20239258,1997-03-21,1997-03-22
None,Amiens,FRA,2,1482.35595703,1997-03-23,1997-03-26
None,Amiens,FRA,2,1485.04406738,1997-03-27,1997-04-01
None,Amiens,FRA,2,1481.07751465,1997-04-02,1997-04-05
None,Amiens,FRA,2,1476.31213379,1997-04-06,1997-04-08
None,Amiens,FRA,2,1472.06884766,1997-04-09,1997-04-10
None,Amiens,FRA,2,1477.13977051,1997-04-11,1997-04-11
None,Amiens,FRA,2,1486.11413574,1997-04-12,1997-04-16
None,Amiens,FRA,2,1502.71240234,1997-04-17,1997-04-22
None,Amiens,FRA,2,1501.52001953,1997-04-23,1997-04-24
None,Amiens,FRA,2,1499.80041504,1997-04-25,1997-04-26
None,Amiens,FRA,2,1496.86437988,1997-04-27,1997-04-30
None,Amiens,FRA,2,1491.86523438,1997-05-01,1997-05-03
None,Amiens,FRA,2,1488.62255859,1997-05-04,1997-05-09
None,Amiens,FRA,2,1482.55175781,1997-05-10,1997-05-14
None,Amiens,FRA,2,1479.5201416,1997-05-15,1997-05-17
None,Amiens,FRA,2,1484.54907227,1997-05-18,1997-05-24
None,Amiens,FRA,2,1478.90942383,1997-05-25,1997-08-02
None,Amiens,FRA,2,1498.83996582,1997-08-03,1997-08-09
None,Amiens,FRA,2,1507.70361328,1997-08-10,1997-08-13
None,Amiens,FRA,2,1506.39587402,1997-08-14,1997-08-16
None,Amiens,FRA,2,1509.40991211,1997-08-17,1997-08-20
None,Amiens,FRA,2,1505.35461426,1997-08-21,1997-08-23
None,Amiens,FRA,2,1509.13476562,1997-08-24,1997-08-27
None,Amiens,FRA,2,1513.76208496,1997-08-28,1997-08-29
None,Amiens,FRA,2,1509.27563477,1997-08-30,1997-09-03
None,Amiens,FRA,2,1509.90087891,1997-09-04,1997-09-06
None,Amiens,FRA,2,1515.53930664,1997-09-07,1997-09-13
None,Amiens,FRA,2,1510.3614502,1997-09-14,1997-09-16
None,Amiens,FRA,2,1518.18737793,1997-09-17,1997-09-17
None,Amiens,FRA,2,1512.55285645,1997-09-18,1997-09-18
None,Amiens,FRA,2,1514.06164551,1997-09-19,1997-09-20
None,Amiens,FRA,2,1513.15014648,1997-09-21,1997-09-24
None,Amiens,FRA,2,1507.84875488,1997-09-25,1997-09-27
None,Amiens,FRA,2,1515.51342773,1997-09-28,1997-09-30
None,Amiens,FRA,2,1507.47155762,1997-10-01,1997-10-01
None,Amiens,FRA,2,1504.47888184,1997-10-02,1997-10-02
None,Amiens,FRA,2,1505.25109863,1997-10-03,1997-10-04
None,Amiens,FRA,2,1496.94250488,1997-10-05,1997-10-08
None,Amiens,FRA,2,1508.15869141,1997-10-09,1997-10-15
None,Amiens,FRA,2,1499.06860352,1997-10-16,1997-10-18
None,Amiens,FRA,2,1505.8684082,1997-10-19,1997-10-21
None,Amiens,FRA,2,1510.24243164,1997-10-22,1997-10-22
None,Amiens,FRA,2,1508.35424805,1997-10-23,1997-10-23
None,Amiens,FRA,2,1506.82568359,1997-10-24,1997-10-25
None,Amiens,FRA,2,1500.05664062,1997-10-26,1997-10-31
None,Amiens,FRA,2,1490.20483398,1997-11-01,1997-11-04
None,Amiens,FRA,2,1479.0020752,1997-11-05,1997-11-05
None,Amiens,FRA,2,1485.03027344,1997-11-06,1997-11-06
None,Amiens,FRA,2,1484.72351074,1997-11-07,1997-11-08
None,Amiens,FRA,2,1485.93481445,1997-11-09,1997-11-14
None,Amiens,FRA,2,1480.97143555,1997-11-15,1997-11-18
None,Amiens,FRA,2,1486.33862305,1997-11-19,1997-11-22
None,Amiens,FRA,2,1478.03979492,1997-11-23,1997-11-25
None,Amiens,FRA,2,1484.69824219,1997-11-26,1997-11-26
None,Amiens,FRA,2,1487.61291504,1997-11-27,1997-12-03
None,Amiens,FRA,2,1492.96264648,1997-12-04,1997-12-06
None,Amiens,FRA,2,1502.52758789,1997-12-07,1997-12-09
None,Amiens,FRA,2,1497.29785156,1997-12-10,1997-12-10
None,Amiens,FRA,2,1499.19348145,1997-12-11,1997-12-13
None,Amiens,FRA,2,1496.72131348,1997-12-14,1998-01-10
None,Amiens,FRA,2,1490.90710449,1998-01-11,1998-01-21
None,Amiens,FRA,2,1477.8770752,1998-01-22,1998-01-24
None,Amiens,FRA,2,1480.24047852,1998-01-25,1998-02-04
None,Amiens,FRA,2,1486.13513184,1998-02-05,1998-02-11
None,Amiens,FRA,2,1499.82702637,1998-02-12,1998-02-14
None,Amiens,FRA,2,1505.51330566,1998-02-15,1998-02-20
None,Amiens,FRA,2,1498.87414551,1998-02-21,1998-03-03
None,Amiens,FRA,2,1498.26147461,1998-03-04,1998-03-04
None,Amiens,FRA,2,1496.99902344,1998-03-05,1998-03-07
None,Amiens,FRA,2,1493.32861328,1998-03-08,1998-03-14
None,Amiens,FRA,2,1498.73059082,1998-03-15,1998-03-17
None,Amiens,FRA,2,1496.99047852,1998-03-18,1998-03-18
None,Amiens,FRA,2,1501.28137207,1998-03-19,1998-03-24
None,Amiens,FRA,2,1498.30371094,1998-03-25,1998-03-28
None,Amiens,FRA,2,1509.69836426,1998-03-29,1998-04-01
None,Amiens,FRA,2,1506.10107422,1998-04-02,1998-04-07
None,Amiens,FRA,2,1490.7286377,1998-04-08,1998-04-15
None,Amiens,FRA,2,1490.85095215,1998-04-16,1998-04-18
None,Amiens,FRA,2,1495.41650391,1998-04-19,1998-04-24
None,Amiens,FRA,2,1490.92749023,1998-04-25,1998-04-29
None,Amiens,FRA,2,1476.02294922,1998-04-30,1998-05-05
None,Amiens,FRA,2,1466.97509766,1998-05-06,1998-05-08
None,Amiens,FRA,2,1466.23828125,1998-05-09,1998-08-08
None,Amiens,FRA,2,1470.44287109,1998-08-09,1998-08-12
None,Amiens,FRA,2,1469.20751953,1998-08-13,1998-08-15
None,Amiens,FRA,2,1451.98999023,1998-08-16,1998-08-22
None,Amiens,FRA,2,1448.00939941,1998-08-23,1998-08-26
None,Amiens,FRA,2,1436.93066406,1998-08-27,1998-08-29
None,Amiens,FRA,2,1442.6932373,1998-08-30,1998-09-04
None,Amiens,FRA,2,1450.30041504,1998-09-05,1998-09-12
None,Amiens,FRA,2,1456.09301758,1998-09-13,1998-09-15
None,Amiens,FRA,2,1456.96191406,1998-09-16,1998-09-16
None,Amiens,FRA,2,1455.5579834,1998-09-17,1998-09-17
None,Amiens,FRA,2,1453.95214844,1998-09-18,1998-09-19
None,Amiens,FRA,2,1464.63378906,1998-09-20,1998-09-23
None,Amiens,FRA,2,1461.01342773,1998-09-24,1998-09-26
None,Amiens,FRA,2,1448.69384766,1998-09-27,1998-09-29
None,Amiens,FRA,2,1456.6126709,1998-09-30,1998-09-30
None,Amiens,FRA,2,1457.01538086,1998-10-01,1998-10-01
None,Amiens,FRA,2,1447.69909668,1998-10-02,1998-10-03
None,Amiens,FRA,2,1442.94836426,1998-10-04,1998-10-09
None,Amiens,FRA,2,1429.03234863,1998-10-10,1998-10-17
None,Amiens,FRA,2,1425.28613281,1998-10-18,1998-10-20
None,Amiens,FRA,2,1434.81311035,1998-10-21,1998-10-21
None,Amiens,FRA,2,1436.22558594,1998-10-22,1998-10-24
None,Amiens,FRA,2,1419.4140625,1998-10-25,1998-10-31
None,Amiens,FRA,2,1410.55114746,1998-11-01,1998-11-03
None,Amiens,FRA,2,1415.42236328,1998-11-04,1998-11-04
None,Amiens,FRA,2,1412.89086914,1998-11-05,1998-11-07
None,Amiens,FRA,2,1425.17700195,1998-11-08,1998-11-11
None,Amiens,FRA,2,1428.3782959,1998-11-12,1998-11-14
None,Amiens,FRA,2,1417.02124023,1998-11-15,1998-11-18
None,Amiens,FRA,2,1422.92468262,1998-11-19,1998-11-21
None,Amiens,FRA,2,1420.47875977,1998-11-22,1998-11-24
None,Amiens,FRA,2,1422.26025391,1998-11-25,1998-11-25
None,Amiens,FRA,2,1426.98254395,1998-11-26,1998-12-02
None,Amiens,FRA,2,1431.14685059,1998-12-03,1998-12-06
None,Amiens,FRA,2,1430.87963867,1998-12-07,1998-12-08
None,Amiens,FRA,2,1434.90124512,1998-12-09,1998-12-09
None,Amiens,FRA,2,1427.51574707,1998-12-10,1998-12-12
None,Amiens,FRA,2,1442.10803223,1998-12-13,1998-12-16
None,Amiens,FRA,2,1437.67663574,1998-12-17,1999-01-16
None,Amiens,FRA,2,1445.99133301,1999-01-17,1999-01-30
None,Amiens,FRA,2,1451.30310059,1999-01-31,1999-02-06
None,Amiens,FRA,2,1461.48181152,1999-02-07,1999-02-13
None,Amiens,FRA,2,1455.84570312,1999-02-14,1999-02-27
None,Amiens,FRA,2,1463.2701416,1999-02-28,1999-03-02
None,Amiens,FRA,2,1459.08496094,1999-03-03,1999-03-10
None,Amiens,FRA,2,1455.1628418,1999-03-11,1999-03-16
None,Amiens,FRA,2,1451.4407959,1999-03-17,1999-03-20
None,Amiens,FRA,2,1438.08947754,1999-03-21,1999-03-26
None,Amiens,FRA,2,1441.01196289,1999-03-27,1999-04-03
None,Amiens,FRA,2,1439.21813965,1999-04-04,1999-04-06
None,Amiens,FRA,2,1437.7019043,1999-04-07,1999-04-14
None,Amiens,FRA,2,1455.52526855,1999-04-15,1999-04-20
None,Amiens,FRA,2,1459.93432617,1999-04-21,1999-04-24
None,Amiens,FRA,2,1450.32006836,1999-04-25,1999-05-01
None,Amiens,FRA,2,1463.40466309,1999-05-02,1999-05-07
None,Amiens,FRA,2,1477.66015625,1999-05-08,1999-05-12
None,Amiens,FRA,2,1473.21350098,1999-05-13,1999-05-22
None,Amiens,FRA,2,1465.8013916,1999-05-23,1999-05-29
None,Amiens,FRA,2,1474.10900879,1999-05-30,1999-07-31
None,Amiens,FRA,2,1486.41784668,1999-08-01,1999-08-07
None,Amiens,FRA,2,1483.69641113,1999-08-08,1999-08-10
None,Amiens,FRA,2,1478.44396973,1999-08-11,1999-08-13
None,Amiens,FRA,2,1480.96154785,1999-08-14,1999-08-17
None,Amiens,FRA,2,1491.71411133,1999-08-18,1999-08-21
None,Amiens,FRA,2,1503.83862305,1999-08-22,1999-08-25
None,Amiens,FRA,2,1492.83361816,1999-08-26,1999-08-27
None,Amiens,FRA,2,1498.50830078,1999-08-28,1999-09-03
None,Amiens,FRA,2,1498.8190918,1999-09-04,1999-09-07
None,Amiens,FRA,2,1497.66821289,1999-09-08,1999-09-11
None,Amiens,FRA,2,1498.14672852,1999-09-12,1999-09-14
None,Amiens,FRA,2,1504.31066895,1999-09-15,1999-09-15
None,Amiens,FRA,2,1504.40466309,1999-09-16,1999-09-16
None,Amiens,FRA,2,1508.08862305,1999-09-17,1999-09-18
None,Amiens,FRA,2,1504.41247559,1999-09-19,1999-09-21
None,Amiens,FRA,2,1505.29492188,1999-09-22,1999-09-22
None,Amiens,FRA,2,1509.1484375,1999-09-23,1999-09-25
None,Amiens,FRA,2,1511.77978516,1999-09-26,1999-09-28
None,Amiens,FRA,2,1513.40795898,1999-09-29,1999-09-29
None,Amiens,FRA,2,1512.17810059,1999-09-30,1999-09-30
None,Amiens,FRA,2,1512.92407227,1999-10-01,1999-10-01
None,Amiens,FRA,2,1494.58752441,1999-10-02,1999-10-08
None,Amiens,FRA,2,1488.56811523,1999-10-09,1999-10-16
None,Amiens,FRA,2,1485.11218262,1999-10-17,1999-10-19
None,Amiens,FRA,2,1486.3059082,1999-10-20,1999-10-20
None,Amiens,FRA,2,1490.17370605,1999-10-21,1999-10-21
None,Amiens,FRA,2,1493.34094238,1999-10-22,1999-10-23
None,Amiens,FRA,2,1487.11047363,1999-10-24,1999-10-26
None,Amiens,FRA,2,1484.65625,1999-10-27,1999-10-27
None,Amiens,FRA,2,1480.54956055,1999-10-28,1999-10-28
None,Amiens,FRA,2,1484.66479492,1999-10-29,1999-10-30
None,Amiens,FRA,2,1484.1730957,1999-10-31,1999-11-02
None,Amiens,FRA,2,1482.43151855,1999-11-03,1999-11-03
None,Amiens,FRA,2,1481.32019043,1999-11-04,1999-11-04
None,Amiens,FRA,2,1483.79162598,1999-11-05,1999-11-06
None,Amiens,FRA,2,1479.75866699,1999-11-07,1999-11-09
None,Amiens,FRA,2,1472.93994141,1999-11-10,1999-11-12
None,Amiens,FRA,2,1463.88171387,1999-11-13,1999-11-20
None,Amiens,FRA,2,1458.97875977,1999-11-21,1999-11-23
None,Amiens,FRA,2,1456.91064453,1999-11-24,1999-11-24
None,Amiens,FRA,2,1453.07922363,1999-11-25,1999-11-25
None,Amiens,FRA,2,1450.76257324,1999-11-26,1999-12-04
None,Amiens,FRA,2,1449.25793457,1999-12-05,1999-12-07
None,Amiens,FRA,2,1435.27624512,1999-12-08,1999-12-08
None,Amiens,FRA,2,1434.70288086,1999-12-09,1999-12-09
None,Amiens,FRA,2,1446.00463867,1999-12-10,1999-12-11
None,Amiens,FRA,2,1449.97473145,1999-12-12,2000-01-15
None,Amiens,FRA,2,1439.88647461,2000-01-16,2000-01-26
None,Amiens,FRA,2,1443.54187012,2000-01-27,2000-02-02
None,Amiens,FRA,2,1439.64892578,2000-02-03,2000-02-05
None,Amiens,FRA,2,1435.43505859,2000-02-06,2000-02-16
None,Amiens,FRA,2,1445.99169922,2000-02-17,2000-02-26
None,Amiens,FRA,2,1457.70056152,2000-02-27,2000-02-29
None,Amiens,FRA,2,1460.60644531,2000-03-01,2000-03-01
None,Amiens,FRA,2,1459.25158691,2000-03-02,2000-03-02
None,Amiens,FRA,2,1455.78820801,2000-03-03,2000-03-07
None,Amiens,FRA,2,1453.13134766,2000-03-08,2000-03-08
None,Amiens,FRA,2,1451.93041992,2000-03-09,2000-03-09
None,Amiens,FRA,2,1454.84399414,2000-03-10,2000-03-11
None,Amiens,FRA,2,1464.78344727,2000-03-12,2000-03-14
None,Amiens,FRA,2,1463.28112793,2000-03-15,2000-03-15
None,Amiens,FRA,2,1457.56469727,2000-03-16,2000-03-16
None,Amiens,FRA,2,1459.21044922,2000-03-17,2000-03-21
None,Amiens,FRA,2,1461.08728027,2000-03-22,2000-03-22
None,Amiens,FRA,2,1459.81628418,2000-03-23,2000-03-23
None,Amiens,FRA,2,1463.87719727,2000-03-24,2000-03-24
None,Amiens,FRA,2,1455.88647461,2000-03-25,2000-03-29
None,Amiens,FRA,2,1440.88000488,2000-03-30,2000-04-06
None,Amiens,FRA,2,1440.40405273,2000-04-07,2000-04-08
None,Amiens,FRA,2,1434.26049805,2000-04-09,2000-04-15
None,Amiens,FRA,2,1433.81054688,2000-04-16,2000-04-20
None,Amiens,FRA,2,1431.74389648,2000-04-21,2000-04-27
None,Amiens,FRA,2,1421.35412598,2000-04-28,2000-05-03
None,Amiens,FRA,2,1417.05041504,2000-05-04,2000-05-05
None,Amiens,FRA,2,1414.94763184,2000-05-06,2000-05-12
None,Amiens,FRA,2,1412.2578125,2000-05-13,2000-05-20
None,Amiens,FRA,2,1414.11340332,2000-05-21,2000-07-03
None,Amiens,FRA,2,1408.09313965,2001-07-01,2001-07-28
None,Amiens,FRA,2,1399.47351074,2001-07-29,2001-08-04
None,Amiens,FRA,2,1405.61279297,2001-08-05,2001-08-08
None,Amiens,FRA,2,1412.08508301,2001-08-09,2001-08-11
None,Amiens,FRA,2,1422.19885254,2001-08-12,2001-08-18
None,Amiens,FRA,2,1417.53186035,2001-08-19,2001-08-22
None,Amiens,FRA,2,1415.55688477,2001-08-23,2001-08-25
None,Amiens,FRA,2,1422.30322266,2001-08-26,2001-08-29
None,Amiens,FRA,2,1439.25537109,2001-08-30,2001-09-08
None,Amiens,FRA,2,1448.15844727,2001-09-09,2001-09-11
None,Amiens,FRA,2,1453.67944336,2001-09-12,2001-09-15
None,Amiens,FRA,2,1457.22265625,2001-09-16,2001-09-18
None,Amiens,FRA,2,1449.33435059,2001-09-19,2001-09-19
None,Amiens,FRA,2,1456.63427734,2001-09-20,2001-09-20
None,Amiens,FRA,2,1442.10595703,2001-09-21,2001-09-22
None,Amiens,FRA,2,1442.04125977,2001-09-23,2001-09-25
None,Amiens,FRA,2,1451.4744873,2001-09-26,2001-09-26
None,Amiens,FRA,2,1446.91320801,2001-09-27,2001-09-27
None,Amiens,FRA,2,1444.67358398,2001-09-28,2001-09-29
None,Amiens,FRA,2,1448.07641602,2001-09-30,2001-10-05
None,Amiens,FRA,2,1443.89233398,2001-10-06,2001-10-10
None,Amiens,FRA,2,1442.16040039,2001-10-11,2001-10-13
None,Amiens,FRA,2,1452.40270996,2001-10-14,2001-10-16
None,Amiens,FRA,2,1454.02868652,2001-10-17,2001-10-17
None,Amiens,FRA,2,1453.24780273,2001-10-18,2001-10-18
None,Amiens,FRA,2,1456.94189453,2001-10-19,2001-10-20
None,Amiens,FRA,2,1453.39196777,2001-10-21,2001-10-23
None,Amiens,FRA,2,1452.58166504,2001-10-24,2001-10-24
None,Amiens,FRA,2,1453.81689453,2001-10-25,2001-10-27
None,Amiens,FRA,2,1452.26867676,2001-10-28,2001-10-30
None,Amiens,FRA,2,1454.69238281,2001-10-31,2001-10-31
None,Amiens,FRA,2,1460.81152344,2001-11-01,2001-11-01
None,Amiens,FRA,2,1461.39147949,2001-11-02,2001-11-09
None,Amiens,FRA,2,1471.30957031,2001-11-10,2001-11-14
None,Amiens,FRA,2,1480.79467773,2001-11-15,2001-11-17
None,Amiens,FRA,2,1477.5970459,2001-11-18,2001-11-20
None,Amiens,FRA,2,1475.69885254,2001-11-21,2001-11-22
None,Amiens,FRA,2,1472.47155762,2001-11-23,2001-11-28
None,Amiens,FRA,2,1458.37036133,2001-11-29,2001-12-04
None,Amiens,FRA,2,1450.3260498,2001-12-05,2001-12-05
None,Amiens,FRA,2,1447.95959473,2001-12-06,2001-12-06
None,Amiens,FRA,2,1455.27502441,2001-12-07,2001-12-08
None,Amiens,FRA,2,1458.11450195,2001-12-09,2001-12-19
None,Amiens,FRA,2,1457.99951172,2001-12-20,2001-12-22
None,Amiens,FRA,2,1443.74377441,2001-12-23,2002-01-12
None,Amiens,FRA,2,1445.77148438,2002-01-13,2002-01-23
None,Amiens,FRA,2,1451.93615723,2002-01-24,2002-01-30
None,Amiens,FRA,2,1447.94006348,2002-01-31,2002-02-02
None,Amiens,FRA,2,1429.05297852,2002-02-03,2002-02-06
None,Amiens,FRA,2,1434.69250488,2002-02-07,2002-02-12
None,Amiens,FRA,2,1444.16235352,2002-02-13,2002-02-16
None,Amiens,FRA,2,1443.04772949,2002-02-17,2002-02-20
None,Amiens,FRA,2,1443.41308594,2002-02-21,2002-02-21
None,Amiens,FRA,2,1439.92407227,2002-02-22,2002-02-23
None,Amiens,FRA,2,1441.55078125,2002-02-24,2002-02-26
None,Amiens,FRA,2,1439.98718262,2002-02-27,2002-02-28
None,Amiens,FRA,2,1430.42419434,2002-03-01,2002-03-02
None,Amiens,FRA,2,1421.60131836,2002-03-03,2002-03-07
None,Amiens,FRA,2,1434.62231445,2002-03-08,2002-03-13
None,Amiens,FRA,2,1433.42016602,2002-03-14,2002-03-16
None,Amiens,FRA,2,1437.42749023,2002-03-17,2002-03-19
None,Amiens,FRA,2,1436.69018555,2002-03-20,2002-03-23
None,Amiens,FRA,2,1425.16003418,2002-03-24,2002-03-26
None,Amiens,FRA,2,1418.7689209,2002-03-27,2002-04-05
None,Amiens,FRA,2,1407.64355469,2002-04-06,2002-04-13
None,Amiens,FRA,2,1412.38464355,2002-04-14,2002-04-26
None,Amiens,FRA,2,1417.92626953,2002-04-27,2002-05-03
None,Amiens,FRA,2,1422.63354492,2002-05-04,2002-08-03
None,Amiens,FRA,2,1414.31542969,2002-08-04,2002-08-10
None,Amiens,FRA,2,1408.70800781,2002-08-11,2002-08-13
None,Amiens,FRA,2,1412.41564941,2002-08-14,2002-08-17
None,Amiens,FRA,2,1420.3848877,2002-08-18,2002-08-25
None,Amiens,FRA,2,1416.19018555,2002-08-26,2002-08-28
None,Amiens,FRA,2,1415.95678711,2002-08-29,2002-08-31
None,Amiens,FRA,2,1406.45947266,2002-09-01,2002-09-04
None,Amiens,FRA,2,1410.27172852,2002-09-05,2002-09-11
None,Amiens,FRA,2,1422.54492188,2002-09-12,2002-09-15
None,Amiens,FRA,2,1417.18713379,2002-09-16,2002-09-17
None,Amiens,FRA,2,1415.57250977,2002-09-18,2002-09-18
None,Amiens,FRA,2,1413.93554688,2002-09-19,2002-09-19
None,Amiens,FRA,2,1410.69396973,2002-09-20,2002-09-21
None,Amiens,FRA,2,1421.85131836,2002-09-22,2002-09-24
None,Amiens,FRA,2,1422.27832031,2002-09-25,2002-09-25
None,Amiens,FRA,2,1423.46533203,2002-09-26,2002-09-28
None,Amiens,FRA,2,1427.9050293,2002-09-29,2002-10-01
None,Amiens,FRA,2,1426.65026855,2002-10-02,2002-10-02
None,Amiens,FRA,2,1429.34729004,2002-10-03,2002-10-03
None,Amiens,FRA,2,1429.51843262,2002-10-04,2002-10-04
None,Amiens,FRA,2,1435.57861328,2002-10-05,2002-10-19
None,Amiens,FRA,2,1438.38964844,2002-10-20,2002-10-22
None,Amiens,FRA,2,1443.40759277,2002-10-23,2002-10-23
None,Amiens,FRA,2,1447.62341309,2002-10-24,2002-10-26
None,Amiens,FRA,2,1453.08996582,2002-10-27,2002-10-29
None,Amiens,FRA,2,1457.59411621,2002-10-30,2002-10-30
None,Amiens,FRA,2,1447.62414551,2002-10-31,2002-10-31
None,Amiens,FRA,2,1448.5189209,2002-11-01,2002-11-02
None,Amiens,FRA,2,1437.09680176,2002-11-03,2002-11-09
None,Amiens,FRA,2,1439.98168945,2002-11-10,2002-11-12
None,Amiens,FRA,2,1443.63427734,2002-11-13,2002-11-13
None,Amiens,FRA,2,1445.81713867,2002-11-14,2002-11-14
None,Amiens,FRA,2,1446.00390625,2002-11-15,2002-11-16
None,Amiens,FRA,2,1442.00146484,2002-11-17,2002-11-26
None,Amiens,FRA,2,1442.34472656,2002-11-27,2002-11-28
None,Amiens,FRA,2,1429.11364746,2002-11-29,2002-11-30
None,Amiens,FRA,2,1441.74511719,2002-12-01,2002-12-05
None,Amiens,FRA,2,1428.76452637,2002-12-06,2002-12-12
None,Amiens,FRA,2,1423.50134277,2002-12-13,2002-12-19
None,Amiens,FRA,2,1420.80334473,2002-12-20,2003-01-18
None,Amiens,FRA,2,1427.63537598,2003-01-19,2003-01-22
None,Amiens,FRA,2,1424.56762695,2003-01-23,2003-01-29
None,Amiens,FRA,2,1428.0144043,2003-01-30,2003-02-05
None,Amiens,FRA,2,1439.91625977,2003-02-06,2003-02-08
None,Amiens,FRA,2,1445.47729492,2003-02-09,2003-02-20
None,Amiens,FRA,2,1442.83520508,2003-02-21,2003-02-22
None,Amiens,FRA,2,1445.85668945,2003-02-23,2003-02-27
None,Amiens,FRA,2,1443.96655273,2003-02-28,2003-03-01
None,Amiens,FRA,2,1430.41064453,2003-03-02,2003-03-08
None,Amiens,FRA,2,1425.11096191,2003-03-09,2003-03-14
None,Amiens,FRA,2,1416.72949219,2003-03-15,2003-03-18
None,Amiens,FRA,2,1424.81164551,2003-03-19,2003-03-22
None,Amiens,FRA,2,1422.06945801,2003-03-23,2003-03-28
None,Amiens,FRA,2,1425.32824707,2003-03-29,2003-04-05
None,Amiens,FRA,2,1427.44848633,2003-04-06,2003-04-12
None,Amiens,FRA,2,1425.14050293,2003-04-13,2003-04-19
None,Amiens,FRA,2,1415.80859375,2003-04-20,2003-05-03
None,Amiens,FRA,2,1428.70410156,2003-05-04,2003-05-10
None,Amiens,FRA,2,1425.09790039,2003-05-11,2003-05-16
None,Amiens,FRA,2,1434.84265137,2003-05-17,2003-05-23
None,Amiens,FRA,2,1440.03894043,2003-05-24,2003-08-02
None,Amiens,FRA,2,1450.79272461,2003-08-03,2003-08-09
None,Amiens,FRA,2,1455.07775879,2003-08-10,2003-08-13
None,Amiens,FRA,2,1457.18359375,2003-08-14,2003-08-14
None,Amiens,FRA,2,1457.43334961,2003-08-15,2003-08-16
None,Amiens,FRA,2,1467.94763184,2003-08-17,2003-08-19
None,Amiens,FRA,2,1464.80749512,2003-08-20,2003-08-23
None,Amiens,FRA,2,1468.32373047,2003-08-24,2003-08-27
None,Amiens,FRA,2,1468.24938965,2003-08-28,2003-08-28
None,Amiens,FRA,2,1468.28723145,2003-08-29,2003-08-30
None,Amiens,FRA,2,1479.0369873,2003-08-31,2003-09-05
None,Amiens,FRA,2,1472.57568359,2003-09-06,2003-09-13
None,Amiens,FRA,2,1469.46618652,2003-09-14,2003-09-16
None,Amiens,FRA,2,1468.50817871,2003-09-17,2003-09-17
None,Amiens,FRA,2,1475.88146973,2003-09-18,2003-09-21
None,Amiens,FRA,2,1492.61254883,2003-09-22,2003-09-24
None,Amiens,FRA,2,1493.33312988,2003-09-25,2003-09-25
None,Amiens,FRA,2,1493.15966797,2003-09-26,2003-09-27
None,Amiens,FRA,2,1497.90795898,2003-09-28,2003-09-30
None,Amiens,FRA,2,1499.11352539,2003-10-01,2003-10-01
None,Amiens,FRA,2,1500.77355957,2003-10-02,2003-10-04
None,Amiens,FRA,2,1493.35473633,2003-10-05,2003-10-15
None,Amiens,FRA,2,1495.85253906,2003-10-16,2003-10-20
None,Amiens,FRA,2,1494.18591309,2003-10-21,2003-10-21
None,Amiens,FRA,2,1492.83508301,2003-10-22,2003-10-22
None,Amiens,FRA,2,1489.7487793,2003-10-23,2003-10-25
None,Amiens,FRA,2,1491.77526855,2003-10-26,2003-11-01
None,Amiens,FRA,2,1502.4753418,2003-11-02,2003-11-04
None,Amiens,FRA,2,1501.38269043,2003-11-05,2003-11-05
None,Amiens,FRA,2,1513.03894043,2003-11-06,2003-11-06
None,Amiens,FRA,2,1503.1817627,2003-11-07,2003-11-08
None,Amiens,FRA,2,1501.07141113,2003-11-09,2003-11-25
None,Amiens,FRA,2,1497.19287109,2003-11-26,2003-11-26
None,Amiens,FRA,2,1495.53735352,2003-11-27,2003-11-27
None,Amiens,FRA,2,1506.82836914,2003-11-28,2003-11-30
None,Amiens,FRA,2,1501.65002441,2003-12-01,2003-12-03
None,Amiens,FRA,2,1505.03015137,2003-12-04,2003-12-06
None,Amiens,FRA,2,1517.35339355,2003-12-07,2003-12-09
None,Amiens,FRA,2,1516.9699707,2003-12-10,2003-12-10
None,Amiens,FRA,2,1518.73876953,2003-12-11,2003-12-20
None,Amiens,FRA,2,1505.75341797,2003-12-21,2004-01-12
None,Amiens,FRA,2,1514.1907959,2004-01-13,2004-01-17
None,Amiens,FRA,2,1518.1315918,2004-01-18,2004-02-01
None,Amiens,FRA,2,1511.80505371,2004-02-02,2004-02-07
None,Amiens,FRA,2,1501.01245117,2004-02-08,2004-02-15
None,Amiens,FRA,2,1512.64025879,2004-02-16,2004-02-22
None,Amiens,FRA,2,1519.49462891,2004-02-23,2004-02-24
None,Amiens,FRA,2,1517.75561523,2004-02-25,2004-02-25
None,Amiens,FRA,2,1521.27270508,2004-02-26,2004-02-26
None,Amiens,FRA,2,1521.83898926,2004-02-27,2004-02-27
None,Amiens,FRA,2,1509.85095215,2004-02-28,2004-03-03
None,Amiens,FRA,2,1516.61633301,2004-03-04,2004-03-05
None,Amiens,FRA,2,1506.81713867,2004-03-06,2004-03-09
None,Amiens,FRA,2,1508.71118164,2004-03-10,2004-03-10
None,Amiens,FRA,2,1511.57067871,2004-03-11,2004-03-11
None,Amiens,FRA,2,1515.19885254,2004-03-12,2004-03-13
None,Amiens,FRA,2,1517.13354492,2004-03-14,2004-03-20
None,Amiens,FRA,2,1512.63537598,2004-03-21,2004-03-23
None,Amiens,FRA,2,1509.17431641,2004-03-24,2004-03-24
None,Amiens,FRA,2,1507.52209473,2004-03-25,2004-03-25
None,Amiens,FRA,2,1508.59155273,2004-03-26,2004-03-27
None,Amiens,FRA,2,1501.74145508,2004-03-28,2004-04-03
None,Amiens,FRA,2,1508.61486816,2004-04-04,2004-04-06
None,Amiens,FRA,2,1514.48535156,2004-04-07,2004-04-07
None,Amiens,FRA,2,1512.96069336,2004-04-08,2004-04-08
None,Amiens,FRA,2,1513.32080078,2004-04-09,2004-04-10
None,Amiens,FRA,2,1517.23413086,2004-04-11,2004-04-14
None,Amiens,FRA,2,1521.56079102,2004-04-15,2004-04-20
None,Amiens,FRA,2,1525.16345215,2004-04-21,2004-04-22
None,Amiens,FRA,2,1526.19555664,2004-04-23,2004-04-24
None,Amiens,FRA,2,1520.16381836,2004-04-25,2004-05-02
None,Amiens,FRA,2,1505.13842773,2004-05-03,2004-05-05
None,Amiens,FRA,2,1507.40197754,2004-05-06,2004-05-06
None,Amiens,FRA,2,1513.16845703,2004-05-07,2004-05-08
None,Amiens,FRA,2,1504.45581055,2004-05-09,2004-05-12
None,Amiens,FRA,2,1493.03295898,2004-05-13,2004-05-16
None,Amiens,FRA,2,1487.08850098,2004-05-17,2004-05-19
None,Amiens,FRA,2,1485.36560059,2004-05-20,2004-05-22
None,Amiens,FRA,2,1475.14562988,2004-05-23,2004-05-26
None,Amiens,FRA,2,1470.30908203,2004-05-27,2004-08-06
None,Amiens,FRA,2,1473.88977051,2004-08-07,2004-08-11
None,Amiens,FRA,2,1474.37548828,2004-08-12,2004-08-13
None,Amiens,FRA,2,1464.9107666,2004-08-14,2004-08-17
None,Amiens,FRA,2,1468.65979004,2004-08-18,2004-08-20
None,Amiens,FRA,2,1474.45507812,2004-08-21,2004-08-24
None,Amiens,FRA,2,1474.75415039,2004-08-25,2004-08-27
None,Amiens,FRA,2,1487.81799316,2004-08-28,2004-09-05
None,Amiens,FRA,2,1485.69714355,2004-09-06,2004-09-13
None,Amiens,FRA,2,1502.04284668,2004-09-14,2004-09-14
None,Amiens,FRA,2,1496.61169434,2004-09-15,2004-09-15
None,Amiens,FRA,2,1492.06884766,2004-09-16,2004-09-16
None,Amiens,FRA,2,1490.46337891,2004-09-17,2004-09-17
None,Amiens,FRA,2,1495.84631348,2004-09-18,2004-09-22
None,Amiens,FRA,2,1498.43835449,2004-09-23,2004-09-25
None,Amiens,FRA,2,1482.19848633,2004-09-26,2004-09-28
None,Amiens,FRA,2,1488.14416504,2004-09-29,2004-09-29
None,Amiens,FRA,2,1483.79821777,2004-09-30,2004-09-30
None,Amiens,FRA,2,1485.07104492,2004-10-01,2004-10-01
None,Amiens,FRA,2,1496.04675293,2004-10-02,2004-10-15
None,Amiens,FRA,2,1480.26293945,2004-10-16,2004-10-19
None,Amiens,FRA,2,1485.35180664,2004-10-20,2004-10-20
None,Amiens,FRA,2,1489.50061035,2004-10-21,2004-10-21
None,Amiens,FRA,2,1484.08105469,2004-10-22,2004-10-25
None,Amiens,FRA,2,1480.1550293,2004-10-26,2004-10-29
None,Amiens,FRA,2,1490.56958008,2004-10-30,2004-11-02
None,Amiens,FRA,2,1492.33679199,2004-11-03,2004-11-03
None,Amiens,FRA,2,1490.82055664,2004-11-04,2004-11-04
None,Amiens,FRA,2,1487.66821289,2004-11-05,2004-11-05
None,Amiens,FRA,2,1482.10046387,2004-11-06,2004-11-12
None,Amiens,FRA,2,1484.78149414,2004-11-13,2004-11-23
None,Amiens,FRA,2,1484.86962891,2004-11-24,2004-11-24
None,Amiens,FRA,2,1487.30236816,2004-11-25,2004-11-25
None,Amiens,FRA,2,1482.33544922,2004-11-26,2004-11-26
None,Amiens,FRA,2,1478.54187012,2004-11-27,2004-12-01
None,Amiens,FRA,2,1481.94909668,2004-12-02,2004-12-02
None,Amiens,FRA,2,1482.78039551,2004-12-03,2004-12-03
None,Amiens,FRA,2,1484.19165039,2004-12-04,2004-12-07
None,Amiens,FRA,2,1477.43811035,2004-12-08,2004-12-08
None,Amiens,FRA,2,1488.34729004,2004-12-09,2004-12-15
None,Amiens,FRA,2,1495.14099121,2004-12-16,2004-12-16
None,Amiens,FRA,2,1495.72424316,2004-12-17,2004-12-17
None,Amiens,FRA,2,1495.37585449,2004-12-18,2005-01-11
None,Amiens,FRA,2,1488.91186523,2005-01-12,2005-01-17
None,Amiens,FRA,2,1474.12976074,2005-01-18,2005-01-21
None,Amiens,FRA,2,1476.75390625,2005-01-22,2005-01-25
None,Amiens,FRA,2,1468.42199707,2005-01-26,2005-01-28
None,Amiens,FRA,2,1464.24658203,2005-01-29,2005-02-04
None,Amiens,FRA,2,1475.6652832,2005-02-05,2005-02-16
None,Amiens,FRA,2,1473.99572754,2005-02-17,2005-02-17
None,Amiens,FRA,2,1472.64526367,2005-02-18,2005-02-18
None,Amiens,FRA,2,1466.90368652,2005-02-19,2005-02-22
None,Amiens,FRA,2,1465.27746582,2005-02-23,2005-02-23
None,Amiens,FRA,2,1471.02062988,2005-02-24,2005-02-24
None,Amiens,FRA,2,1474.76538086,2005-02-25,2005-02-25
None,Amiens,FRA,2,1482.80297852,2005-02-26,2005-03-04
None,Amiens,FRA,2,1476.93249512,2005-03-05,2005-03-08
None,Amiens,FRA,2,1479.18505859,2005-03-09,2005-03-09
None,Amiens,FRA,2,1473.45422363,2005-03-10,2005-03-11
None,Amiens,FRA,2,1471.37695312,2005-03-12,2005-03-20
None,Amiens,FRA,2,1484.66918945,2005-03-21,2005-04-01
None,Amiens,FRA,2,1484.20849609,2005-04-02,2005-04-05
None,Amiens,FRA,2,1482.65063477,2005-04-06,2005-04-07
None,Amiens,FRA,2,1474.97619629,2005-04-08,2005-04-08
None,Amiens,FRA,2,1465.87475586,2005-04-09,2005-04-13
None,Amiens,FRA,2,1467.04211426,2005-04-14,2005-04-14
None,Amiens,FRA,2,1468.84106445,2005-04-15,2005-04-15
None,Amiens,FRA,2,1475.36657715,2005-04-16,2005-04-22
None,Amiens,FRA,2,1471.91186523,2005-04-23,2005-05-06
None,Amiens,FRA,2,1466.1003418,2005-05-07,2005-05-13
None,Amiens,FRA,2,1462.17114258,2005-05-14,2005-05-20
None,Amiens,FRA,2,1468.82592773,2005-05-21,2005-05-27
None,Amiens,FRA,2,1480.60375977,2005-05-28,2005-07-29
None,Amiens,FRA,2,1490.18432617,2005-07-30,2005-08-09
None,Amiens,FRA,2,1488.75439453,2005-08-10,2005-08-12
None,Amiens,FRA,2,1481.22924805,2005-08-13,2005-08-18
None,Amiens,FRA,2,1476.73693848,2005-08-19,2005-08-21
None,Amiens,FRA,2,1485.90551758,2005-08-22,2005-08-23
None,Amiens,FRA,2,1483.67248535,2005-08-24,2005-08-29
None,Amiens,FRA,2,1486.09106445,2005-08-30,2005-09-02
None,Amiens,FRA,2,1478.83044434,2005-09-03,2005-09-08
None,Amiens,FRA,2,1477.79492188,2005-09-09,2005-09-13
None,Amiens,FRA,2,1480.79931641,2005-09-14,2005-09-14
None,Amiens,FRA,2,1477.79431152,2005-09-15,2005-09-15
None,Amiens,FRA,2,1485.46179199,2005-09-16,2005-09-16
None,Amiens,FRA,2,1496.99707031,2005-09-17,2005-09-23
None,Amiens,FRA,2,1504.35449219,2005-09-24,2005-09-27
None,Amiens,FRA,2,1503.7598877,2005-09-28,2005-09-28
None,Amiens,FRA,2,1504.58154297,2005-09-29,2005-09-29
None,Amiens,FRA,2,1512.09680176,2005-09-30,2005-09-30
None,Amiens,FRA,2,1507.73254395,2005-10-01,2005-10-07
None,Amiens,FRA,2,1509.43530273,2005-10-08,2005-10-14
None,Amiens,FRA,2,1505.2388916,2005-10-15,2005-10-18
None,Amiens,FRA,2,1507.37768555,2005-10-19,2005-10-19
None,Amiens,FRA,2,1507.96411133,2005-10-20,2005-10-20
None,Amiens,FRA,2,1501.51257324,2005-10-21,2005-10-21
None,Amiens,FRA,2,1494.66040039,2005-10-22,2005-10-28
None,Amiens,FRA,2,1501.66650391,2005-10-29,2005-11-01
None,Amiens,FRA,2,1504.36767578,2005-11-02,2005-11-02
None,Amiens,FRA,2,1507.08996582,2005-11-03,2005-11-03
None,Amiens,FRA,2,1504.19238281,2005-11-04,2005-11-04
None,Amiens,FRA,2,1505.39465332,2005-11-05,2005-11-11
None,Amiens,FRA,2,1491.27258301,2005-11-12,2005-11-22
None,Amiens,FRA,2,1489.28344727,2005-11-23,2005-11-23
None,Amiens,FRA,2,1489.67993164,2005-11-24,2005-11-24
None,Amiens,FRA,2,1495.85620117,2005-11-25,2005-11-27
None,Amiens,FRA,2,1501.02990723,2005-11-28,2005-11-30
None,Amiens,FRA,2,1503.77429199,2005-12-01,2005-12-01
None,Amiens,FRA,2,1497.4173584,2005-12-02,2005-12-02
None,Amiens,FRA,2,1497.01965332,2005-12-03,2005-12-06
None,Amiens,FRA,2,1497.22888184,2005-12-07,2005-12-07
None,Amiens,FRA,2,1495.89916992,2005-12-08,2005-12-14
None,Amiens,FRA,2,1487.8092041,2005-12-15,2005-12-15
None,Amiens,FRA,2,1490.61730957,2005-12-16,2005-12-16
None,Amiens,FRA,2,1485.4597168,2005-12-17,2006-01-03
None,Amiens,FRA,2,1485.92419434,2006-01-04,2006-01-10
None,Amiens,FRA,2,1481.34814453,2006-01-11,2006-01-13
None,Amiens,FRA,2,1488.36889648,2006-01-14,2006-01-20
None,Amiens,FRA,2,1491.24951172,2006-01-21,2006-02-03
None,Amiens,FRA,2,1488.40539551,2006-02-04,2006-02-10
None,Amiens,FRA,2,1491.82409668,2006-02-11,2006-02-15
None,Amiens,FRA,2,1488.25671387,2006-02-16,2006-02-17
None,Amiens,FRA,2,1485.72790527,2006-02-18,2006-02-21
None,Amiens,FRA,2,1488.41894531,2006-02-22,2006-02-23
None,Amiens,FRA,2,1490.69543457,2006-02-24,2006-02-24
None,Amiens,FRA,2,1485.83166504,2006-02-25,2006-03-04
None,Amiens,FRA,2,1475.57836914,2006-03-05,2006-03-08
None,Amiens,FRA,2,1479.40002441,2006-03-09,2006-03-09
None,Amiens,FRA,2,1473.73388672,2006-03-10,2006-03-13
None,Amiens,FRA,2,1464.84631348,2006-03-14,2006-03-15
None,Amiens,FRA,2,1459.15429688,2006-03-16,2006-03-16
None,Amiens,FRA,2,1456.94482422,2006-03-17,2006-03-17
None,Amiens,FRA,2,1460.1114502,2006-03-18,2006-03-24
None,Amiens,FRA,2,1465.74584961,2006-03-25,2006-03-29
None,Amiens,FRA,2,1465.12670898,2006-03-30,2006-03-31
None,Amiens,FRA,2,1459.4041748,2006-04-01,2006-04-04
None,Amiens,FRA,2,1455.19921875,2006-04-05,2006-04-07
None,Amiens,FRA,2,1459.33410645,2006-04-08,2006-04-14
None,Amiens,FRA,2,1448.25793457,2006-04-15,2006-04-24
None,Amiens,FRA,2,1449.83581543,2006-04-25,2006-05-01
None,Amiens,FRA,2,1455.28088379,2006-05-02,2006-05-05
None,Amiens,FRA,2,1464.15063477,2006-05-06,2006-05-12
None,Amiens,FRA,2,1453.74133301,2006-05-13,2006-07-28
None,Amiens,FRA,2,1470.76098633,2006-07-29,2006-08-04
None,Amiens,FRA,2,1479.98327637,2006-08-05,2006-08-08
None,Amiens,FRA,2,1472.2980957,2006-08-09,2006-08-09
None,Amiens,FRA,2,1472.5859375,2006-08-10,2006-08-10
None,Amiens,FRA,2,1473.45581055,2006-08-11,2006-08-14
None,Amiens,FRA,2,1475.90234375,2006-08-15,2006-08-18
None,Amiens,FRA,2,1469.62683105,2006-08-19,2006-08-23
None,Amiens,FRA,2,1469.66870117,2006-08-24,2006-08-24
None,Amiens,FRA,2,1473.32824707,2006-08-25,2006-08-25
None,Amiens,FRA,2,1463.4798584,2006-08-26,2006-09-08
None,Amiens,FRA,2,1457.84692383,2006-09-09,2006-09-12
None,Amiens,FRA,2,1458.35217285,2006-09-13,2006-09-13
None,Amiens,FRA,2,1460.44580078,2006-09-14,2006-09-14
None,Amiens,FRA,2,1460.43151855,2006-09-15,2006-09-15
None,Amiens,FRA,2,1457.15576172,2006-09-16,2006-09-22
None,Amiens,FRA,2,1472.64807129,2006-09-23,2006-09-26
None,Amiens,FRA,2,1477.55151367,2006-09-27,2006-09-27
None,Amiens,FRA,2,1473.99060059,2006-09-28,2006-09-28
None,Amiens,FRA,2,1475.24987793,2006-09-29,2006-10-02
None,Amiens,FRA,2,1482.49560547,2006-10-03,2006-10-13
None,Amiens,FRA,2,1484.63781738,2006-10-14,2006-10-17
None,Amiens,FRA,2,1488.52429199,2006-10-18,2006-10-18
None,Amiens,FRA,2,1485.546875,2006-10-19,2006-10-19
None,Amiens,FRA,2,1481.91821289,2006-10-20,2006-10-20
None,Amiens,FRA,2,1464.1862793,2006-10-21,2006-10-27
None,Amiens,FRA,2,1475.39624023,2006-10-28,2006-10-31
None,Amiens,FRA,2,1473.67687988,2006-11-01,2006-11-01
None,Amiens,FRA,2,1470.67468262,2006-11-02,2006-11-02
None,Amiens,FRA,2,1474.5592041,2006-11-03,2006-11-03
None,Amiens,FRA,2,1479.28405762,2006-11-04,2006-11-06
None,Amiens,FRA,2,1476.39294434,2006-11-07,2006-11-10
None,Amiens,FRA,2,1487.60766602,2006-11-11,2006-11-17
None,Amiens,FRA,2,1494.31335449,2006-11-18,2006-11-21
None,Amiens,FRA,2,1492.91894531,2006-11-22,2006-11-22
None,Amiens,FRA,2,1494.76647949,2006-11-23,2006-11-23
None,Amiens,FRA,2,1485.09960938,2006-11-24,2006-11-29
None,Amiens,FRA,2,1484.77563477,2006-11-30,2006-11-30
None,Amiens,FRA,2,1487.4921875,2006-12-01,2006-12-01
None,Amiens,FRA,2,1479.47558594,2006-12-02,2006-12-05
None,Amiens,FRA,2,1486.03747559,2006-12-06,2006-12-06
None,Amiens,FRA,2,1489.52148438,2006-12-07,2006-12-08
None,Amiens,FRA,2,1495.45532227,2006-12-09,2006-12-13
None,Amiens,FRA,2,1497.89367676,2006-12-14,2006-12-14
None,Amiens,FRA,2,1490.32275391,2006-12-15,2006-12-21
None,Amiens,FRA,2,1486.97436523,2006-12-22,2007-01-12
None,Amiens,FRA,2,1486.13049316,2007-01-13,2007-01-26
None,Amiens,FRA,2,1482.64099121,2007-01-27,2007-02-02
None,Amiens,FRA,2,1491.00097656,2007-02-03,2007-02-09
None,Amiens,FRA,2,1501.99829102,2007-02-10,2007-02-14
None,Amiens,FRA,2,1507.74963379,2007-02-15,2007-02-15
None,Amiens,FRA,2,1509.50732422,2007-02-16,2007-02-16
None,Amiens,FRA,2,1514.99523926,2007-02-17,2007-02-20
None,Amiens,FRA,2,1513.50805664,2007-02-21,2007-02-21
None,Amiens,FRA,2,1513.78283691,2007-02-22,2007-02-22
None,Amiens,FRA,2,1508.63061523,2007-02-23,2007-02-23
None,Amiens,FRA,2,1509.3236084,2007-02-24,2007-03-02
None,Amiens,FRA,2,1513.71447754,2007-03-03,2007-03-06
None,Amiens,FRA,2,1505.71789551,2007-03-07,2007-03-07
None,Amiens,FRA,2,1505.29736328,2007-03-08,2007-03-08
None,Amiens,FRA,2,1507.52075195,2007-03-09,2007-03-09
None,Amiens,FRA,2,1510.82788086,2007-03-10,2007-03-14
None,Amiens,FRA,2,1504.57373047,2007-03-15,2007-03-15
None,Amiens,FRA,2,1500.93981934,2007-03-16,2007-03-16
None,Amiens,FRA,2,1508.33447266,2007-03-17,2007-03-30
None,Amiens,FRA,2,1519.08813477,2007-03-31,2007-04-06
None,Amiens,FRA,2,1527.38415527,2007-04-07,2007-04-13
None,Amiens,FRA,2,1515.39611816,2007-04-14,2007-04-20
None,Amiens,FRA,2,1504.88464355,2007-04-21,2007-04-27
None,Amiens,FRA,2,1513.17163086,2007-04-28,2007-05-04
None,Amiens,FRA,2,1522.56152344,2007-05-05,2007-05-11
None,Amiens,FRA,2,1529.91589355,2007-05-12,2007-05-18
None,Amiens,FRA,2,1542.76953125,2007-05-19,2007-05-25
None,Amiens,FRA,2,1550.20178223,2007-05-26,2007-07-27
None,Amiens,FRA,2,1558.7755127,2007-07-28,2007-08-06
None,Amiens,FRA,2,1556.90673828,2007-08-07,2007-08-10
None,Amiens,FRA,2,1550.15393066,2007-08-11,2007-08-15
None,Amiens,FRA,2,1549.10876465,2007-08-16,2007-08-16
None,Amiens,FRA,2,1549.81469727,2007-08-17,2007-08-17
None,Amiens,FRA,2,1539.0012207,2007-08-18,2007-08-24
None,Amiens,FRA,2,1532.51513672,2007-08-25,2007-08-28
None,Amiens,FRA,2,1531.31958008,2007-08-29,2007-08-30
None,Amiens,FRA,2,1534.30114746,2007-08-31,2007-08-31
None,Amiens,FRA,2,1516.65563965,2007-09-01,2007-09-14
None,Amiens,FRA,2,1510.15014648,2007-09-15,2007-09-18
None,Amiens,FRA,2,1512.17382812,2007-09-19,2007-09-19
None,Amiens,FRA,2,1508.51989746,2007-09-20,2007-09-20
None,Amiens,FRA,2,1501.3692627,2007-09-21,2007-09-21
None,Amiens,FRA,2,1504.8704834,2007-09-22,2007-09-29
None,Amiens,FRA,2,1492.6361084,2007-09-30,2007-10-02
None,Amiens,FRA,2,1480.94799805,2007-10-03,2007-10-03
None,Amiens,FRA,2,1486.26953125,2007-10-04,2007-10-04
None,Amiens,FRA,2,1487.49731445,2007-10-05,2007-10-05
None,Amiens,FRA,2,1495.1192627,2007-10-06,2007-10-22
None,Amiens,FRA,2,1499.2565918,2007-10-23,2007-10-23
None,Amiens,FRA,2,1502.6484375,2007-10-24,2007-10-24
None,Amiens,FRA,2,1502.87524414,2007-10-25,2007-10-25
None,Amiens,FRA,2,1500.60119629,2007-10-26,2007-10-26
None,Amiens,FRA,2,1489.47253418,2007-10-27,2007-11-02
None,Amiens,FRA,2,1490.18200684,2007-11-03,2007-11-06
None,Amiens,FRA,2,1487.55700684,2007-11-07,2007-11-07
None,Amiens,FRA,2,1488.87597656,2007-11-08,2007-11-08
None,Amiens,FRA,2,1483.94824219,2007-11-09,2007-11-10
None,Amiens,FRA,2,1473.61096191,2007-11-11,2007-11-27
None,Amiens,FRA,2,1473.80969238,2007-11-28,2007-11-28
None,Amiens,FRA,2,1471.13110352,2007-11-29,2007-11-29
None,Amiens,FRA,2,1466.32116699,2007-11-30,2007-11-30
None,Amiens,FRA,2,1463.55322266,2007-12-01,2007-12-06
None,Amiens,FRA,2,1464.13220215,2007-12-07,2007-12-07
None,Amiens,FRA,2,1459.15063477,2007-12-08,2007-12-11
None,Amiens,FRA,2,1455.34997559,2007-12-12,2007-12-12
None,Amiens,FRA,2,1459.17248535,2007-12-13,2007-12-19
None,Amiens,FRA,2,1463.60131836,2007-12-20,2007-12-20
None,Amiens,FRA,2,1462.16052246,2007-12-21,2008-01-11
None,Amiens,FRA,2,1458.1887207,2008-01-12,2008-01-18
None,Amiens,FRA,2,1455.02807617,2008-01-19,2008-01-25
None,Amiens,FRA,2,1458.73730469,2008-01-26,2008-01-29
None,Amiens,FRA,2,1462.88439941,2008-01-30,2008-02-08
None,Amiens,FRA,2,1471.94189453,2008-02-09,2008-02-13
None,Amiens,FRA,2,1474.50793457,2008-02-14,2008-02-15
None,Amiens,FRA,2,1486.90026855,2008-02-16,2008-02-20
None,Amiens,FRA,2,1486.50854492,2008-02-21,2008-02-21
None,Amiens,FRA,2,1480.36376953,2008-02-22,2008-02-22
None,Amiens,FRA,2,1492.38195801,2008-02-23,2008-02-29
None,Amiens,FRA,2,1483.80322266,2008-03-01,2008-03-04
None,Amiens,FRA,2,1482.69995117,2008-03-05,2008-03-06
None,Amiens,FRA,2,1485.64892578,2008-03-07,2008-03-07
None,Amiens,FRA,2,1492.14294434,2008-03-08,2008-03-12
None,Amiens,FRA,2,1486.06335449,2008-03-13,2008-03-14
None,Amiens,FRA,2,1477.33581543,2008-03-15,2008-03-22
None,Amiens,FRA,2,1481.11572266,2008-03-23,2008-03-28
None,Amiens,FRA,2,1470.1953125,2008-03-29,2008-04-04
None,Amiens,FRA,2,1471.87036133,2008-04-05,2008-04-11
None,Amiens,FRA,2,1476.72875977,2008-04-12,2008-04-18
None,Amiens,FRA,2,1473.30249023,2008-04-19,2008-04-22
None,Amiens,FRA,2,1467.25524902,2008-04-23,2008-04-25
None,Amiens,FRA,2,1461.09289551,2008-04-26,2008-05-02
None,Amiens,FRA,2,1470.0291748,2008-05-03,2008-05-12
None,Amiens,FRA,2,1483.79089355,2008-05-13,2008-05-16
None,Amiens,FRA,2,1478.64440918,2008-05-17,2008-08-01
None,Amiens,FRA,2,1473.79125977,2008-08-02,2008-08-08
None,Amiens,FRA,2,1467.75549316,2008-08-09,2008-08-13
None,Amiens,FRA,2,1468.51733398,2008-08-14,2008-08-14
None,Amiens,FRA,2,1467.07434082,2008-08-15,2008-08-18
None,Amiens,FRA,2,1466.00134277,2008-08-19,2008-08-22
None,Amiens,FRA,2,1459.30529785,2008-08-23,2008-08-27
None,Amiens,FRA,2,1459.6394043,2008-08-28,2008-08-28
None,Amiens,FRA,2,1463.08007812,2008-08-29,2008-08-29
None,Amiens,FRA,2,1469.82556152,2008-08-30,2008-09-12
None,Amiens,FRA,2,1472.16271973,2008-09-13,2008-09-16
None,Amiens,FRA,2,1469.29882812,2008-09-17,2008-09-17
None,Amiens,FRA,2,1467.75927734,2008-09-18,2008-09-18
None,Amiens,FRA,2,1474.02478027,2008-09-19,2008-09-19
None,Amiens,FRA,2,1480.25683594,2008-09-20,2008-09-26
None,Amiens,FRA,2,1491.10986328,2008-09-27,2008-09-30
None,Amiens,FRA,2,1491.62487793,2008-10-01,2008-10-01
None,Amiens,FRA,2,1486.12939453,2008-10-02,2008-10-02
None,Amiens,FRA,2,1484.95910645,2008-10-03,2008-10-03
None,Amiens,FRA,2,1467.46765137,2008-10-04,2008-10-10
None,Amiens,FRA,2,1466.71374512,2008-10-11,2008-10-17
None,Amiens,FRA,2,1463.53686523,2008-10-18,2008-10-21
None,Amiens,FRA,2,1466.57324219,2008-10-22,2008-10-22
None,Amiens,FRA,2,1463.83605957,2008-10-23,2008-10-23
None,Amiens,FRA,2,1469.125,2008-10-24,2008-10-24
None,Amiens,FRA,2,1464.55957031,2008-10-25,2008-10-31
None,Amiens,FRA,2,1462.6315918,2008-11-01,2008-11-04
None,Amiens,FRA,2,1467.83276367,2008-11-05,2008-11-05
None,Amiens,FRA,2,1468.71923828,2008-11-06,2008-11-06
None,Amiens,FRA,2,1469.93896484,2008-11-07,2008-11-07
None,Amiens,FRA,2,1464.02404785,2008-11-08,2008-11-14
None,Amiens,FRA,2,1473.29663086,2008-11-15,2008-11-25
None,Amiens,FRA,2,1476.65600586,2008-11-26,2008-11-26
None,Amiens,FRA,2,1477.38745117,2008-11-27,2008-11-27
None,Amiens,FRA,2,1477.61303711,2008-11-28,2008-11-28
None,Amiens,FRA,2,1478.69067383,2008-11-29,2008-12-03
None,Amiens,FRA,2,1480.27160645,2008-12-04,2008-12-04
None,Amiens,FRA,2,1477.10864258,2008-12-05,2008-12-08
None,Amiens,FRA,2,1476.55297852,2008-12-09,2008-12-09
None,Amiens,FRA,2,1474.88391113,2008-12-10,2008-12-10
None,Amiens,FRA,2,1471.4440918,2008-12-11,2008-12-17
None,Amiens,FRA,2,1470.85632324,2008-12-18,2008-12-18
None,Amiens,FRA,2,1473.96740723,2008-12-19,2008-12-19
None,Amiens,FRA,2,1476.38952637,2008-12-20,2009-01-16
None,Amiens,FRA,2,1487.91381836,2009-01-17,2009-01-27
None,Amiens,FRA,2,1480.57617188,2009-01-28,2009-01-30
None,Amiens,FRA,2,1475.61523438,2009-01-31,2009-02-06
None,Amiens,FRA,2,1472.26806641,2009-02-07,2009-02-13
None,Amiens,FRA,2,1484.38037109,2009-02-14,2009-02-18
None,Amiens,FRA,2,1494.07507324,2009-02-19,2009-02-19
None,Amiens,FRA,2,1489.95019531,2009-02-20,2009-02-20
None,Amiens,FRA,2,1478.90649414,2009-02-21,2009-02-24
None,Amiens,FRA,2,1478.29101562,2009-02-25,2009-02-26
None,Amiens,FRA,2,1482.21386719,2009-02-27,2009-02-27
None,Amiens,FRA,2,1492.25927734,2009-02-28,2009-03-07
None,Amiens,FRA,2,1491.50256348,2009-03-08,2009-03-11
None,Amiens,FRA,2,1488.41064453,2009-03-12,2009-03-12
None,Amiens,FRA,2,1486.8807373,2009-03-13,2009-03-13
None,Amiens,FRA,2,1479.3302002,2009-03-14,2009-03-18
None,Amiens,FRA,2,1479.77978516,2009-03-19,2009-03-19
None,Amiens,FRA,2,1483.28979492,2009-03-20,2009-03-20
None,Amiens,FRA,2,1470.53552246,2009-03-21,2009-03-27
None,Amiens,FRA,2,1460.9083252,2009-03-28,2009-04-06
None,Amiens,FRA,2,1462.19030762,2009-04-07,2009-04-09
None,Amiens,FRA,2,1458.0526123,2009-04-10,2009-04-10
None,Amiens,FRA,2,1468.13427734,2009-04-11,2009-04-16
None,Amiens,FRA,2,1460.91955566,2009-04-17,2009-04-17
None,Amiens,FRA,2,1459.15112305,2009-04-18,2009-04-24
None,Amiens,FRA,2,1472.35437012,2009-04-25,2009-05-01
None,Amiens,FRA,2,1470.80554199,2009-05-02,2009-05-08
None,Amiens,FRA,2,1465.85913086,2009-05-09,2009-05-15
None,Amiens,FRA,2,1463.86938477,2009-05-16,2009-05-22
None,Amiens,FRA,2,1461.12634277,2009-05-23,2009-05-29
None,Amiens,FRA,2,1449.73803711,2009-05-30,2009-07-01
None,Amiens,FRA,2,1436.4140625,2011-07-02,2011-07-28
None,Amiens,FRA,2,1436.92382812,2011-07-29,2011-07-29
None,Amiens,FRA,2,1433.55273438,2011-07-30,2011-08-04
None,Amiens,FRA,2,1433.65808105,2011-08-05,2011-08-05
None,Amiens,FRA,2,1428.8392334,2011-08-06,2011-08-12
None,Amiens,FRA,2,1419.59118652,2011-08-13,2011-08-16
None,Amiens,FRA,2,1422.78173828,2011-08-17,2011-08-18
None,Amiens,FRA,2,1424.96740723,2011-08-19,2011-08-19
None,Amiens,FRA,2,1431.28198242,2011-08-20,2011-08-24
None,Amiens,FRA,2,1432.84130859,2011-08-25,2011-08-25
None,Amiens,FRA,2,1424.96276855,2011-08-26,2011-08-26
None,Amiens,FRA,2,1423.86682129,2011-08-27,2011-09-12
None,Amiens,FRA,2,1416.7286377,2011-09-13,2011-09-13
None,Amiens,FRA,2,1419.5949707,2011-09-14,2011-09-14
None,Amiens,FRA,2,1418.79455566,2011-09-15,2011-09-15
None,Amiens,FRA,2,1418.47607422,2011-09-16,2011-09-16
None,Amiens,FRA,2,1423.06298828,2011-09-17,2011-09-20
None,Amiens,FRA,2,1430.03137207,2011-09-21,2011-09-23
None,Amiens,FRA,2,1432.45898438,2011-09-24,2011-09-27
None,Amiens,FRA,2,1433.35375977,2011-09-28,2011-09-28
None,Amiens,FRA,2,1437.89453125,2011-09-29,2011-09-29
None,Amiens,FRA,2,1434.27087402,2011-09-30,2011-09-30
None,Amiens,FRA,2,1431.79614258,2011-10-01,2011-10-14
None,Amiens,FRA,2,1434.69445801,2011-10-15,2011-10-18
None,Amiens,FRA,2,1429.0020752,2011-10-19,2011-10-19
None,Amiens,FRA,2,1425.80847168,2011-10-20,2011-10-20
None,Amiens,FRA,2,1421.51574707,2011-10-21,2011-10-21
None,Amiens,FRA,2,1420.40563965,2011-10-22,2011-10-29
None,Amiens,FRA,2,1414.37817383,2011-10-30,2011-11-01
None,Amiens,FRA,2,1416.22717285,2011-11-02,2011-11-02
None,Amiens,FRA,2,1411.73632812,2011-11-03,2011-11-03
None,Amiens,FRA,2,1407.46960449,2011-11-04,2011-11-05
None,Amiens,FRA,2,1419.71789551,2011-11-06,2011-11-22
None,Amiens,FRA,2,1423.90759277,2011-11-23,2011-11-23
None,Amiens,FRA,2,1419.35192871,2011-11-24,2011-11-25
None,Amiens,FRA,2,1413.86083984,2011-11-26,2011-11-30
None,Amiens,FRA,2,1413.34973145,2011-12-01,2011-12-01
None,Amiens,FRA,2,1408.24707031,2011-12-02,2011-12-02
None,Amiens,FRA,2,1407.2857666,2011-12-03,2011-12-06
None,Amiens,FRA,2,1411.83532715,2011-12-07,2011-12-07
None,Amiens,FRA,2,1414.8170166,2011-12-08,2011-12-14
None,Amiens,FRA,2,1418.18310547,2011-12-15,2011-12-15
None,Amiens,FRA,2,1416.30078125,2011-12-16,2011-12-16
None,Amiens,FRA,2,1410.25085449,2011-12-17,2011-12-20
None,Amiens,FRA,2,1396.4597168,2011-12-21,2012-01-14
None,Amiens,FRA,2,1393.02636719,2012-01-15,2012-01-18
None,Amiens,FRA,2,1385.19226074,2012-01-19,2012-01-28
None,Amiens,FRA,2,1397.1427002,2012-01-29,2012-02-04
None,Amiens,FRA,2,1402.16210938,2012-02-05,2012-02-14
None,Amiens,FRA,2,1403.28369141,2012-02-15,2012-02-17
None,Amiens,FRA,2,1395.9453125,2012-02-18,2012-02-22
None,Amiens,FRA,2,1397.17382812,2012-02-23,2012-02-24
None,Amiens,FRA,2,1395.89538574,2012-02-25,2012-03-02
None,Amiens,FRA,2,1399.1439209,2012-03-03,2012-03-07
None,Amiens,FRA,2,1396.57641602,2012-03-08,2012-03-09
None,Amiens,FRA,2,1379.76403809,2012-03-10,2012-03-13
None,Amiens,FRA,2,1392.11828613,2012-03-14,2012-03-16
None,Amiens,FRA,2,1388.89904785,2012-03-17,2012-03-23
None,Amiens,FRA,2,1376.16455078,2012-03-24,2012-03-28
None,Amiens,FRA,2,1374.24584961,2012-03-29,2012-03-30
None,Amiens,FRA,2,1365.5838623,2012-03-31,2012-04-03
None,Amiens,FRA,2,1365.05383301,2012-04-04,2012-04-06
None,Amiens,FRA,2,1364.70043945,2012-04-07,2012-04-13
None,Amiens,FRA,2,1360.9005127,2012-04-14,2012-04-20
None,Amiens,FRA,2,1353.36047363,2012-04-21,2012-04-27
None,Amiens,FRA,2,1344.41894531,2012-04-28,2012-05-01
None,Amiens,FRA,2,1346.14221191,2012-05-02,2012-05-04
None,Amiens,FRA,2,1339.53063965,2012-05-05,2012-05-11
None,Amiens,FRA,2,1331.09851074,2012-05-12,2012-05-18
None,Amiens,FRA,2,1327.03649902,2012-05-19,2012-07-01
None,Amiens,FRA,2,1328.8671875,2016-07-01,2016-07-27
None,Amiens,FRA,2,1327.41540527,2016-07-28,2016-07-28
None,Amiens,FRA,2,1324.34448242,2016-07-29,2016-08-01
None,Amiens,FRA,2,1327.91882324,2016-08-02,2016-08-03
None,Amiens,FRA,2,1333.17871094,2016-08-04,2016-08-04
None,Amiens,FRA,2,1329.03710938,2016-08-05,2016-08-06
None,Amiens,FRA,2,1322.4473877,2016-08-07,2016-08-12
None,Amiens,FRA,2,1334.89111328,2016-08-13,2016-08-17
None,Amiens,FRA,2,1341.20349121,2016-08-18,2016-08-20
None,Amiens,FRA,2,1353.84399414,2016-08-21,2016-08-23
None,Amiens,FRA,2,1357.36462402,2016-08-24,2016-08-25
None,Amiens,FRA,2,1357.11254883,2016-08-26,2016-08-26
None,Amiens,FRA,2,1367.73657227,2016-08-27,2016-09-09
None,Amiens,FRA,2,1378.33117676,2016-09-10,2016-09-13
None,Amiens,FRA,2,1376.98706055,2016-09-14,2016-09-14
None,Amiens,FRA,2,1384.82250977,2016-09-15,2016-09-15
None,Amiens,FRA,2,1382.43261719,2016-09-16,2016-09-20
None,Amiens,FRA,2,1382.04528809,2016-09-21,2016-09-23
None,Amiens,FRA,2,1390.49487305,2016-09-24,2016-09-27
None,Amiens,FRA,2,1392.61560059,2016-09-28,2016-09-28
None,Amiens,FRA,2,1393.83728027,2016-09-29,2016-09-29
None,Amiens,FRA,2,1388.82592773,2016-09-30,2016-09-30
None,Amiens,FRA,2,1380.36474609,2016-10-01,2016-10-14
None,Amiens,FRA,2,1393.41296387,2016-10-15,2016-10-18
None,Amiens,FRA,2,1392.7121582,2016-10-19,2016-10-19
None,Amiens,FRA,2,1394.3873291,2016-10-20,2016-10-20
None,Amiens,FRA,2,1398.28088379,2016-10-21,2016-10-24
None,Amiens,FRA,2,1396.71069336,2016-10-25,2016-10-29
None,Amiens,FRA,2,1390.83081055,2016-10-30,2016-11-01
None,Amiens,FRA,2,1392.93981934,2016-11-02,2016-11-02
None,Amiens,FRA,2,1398.83911133,2016-11-03,2016-11-03
None,Amiens,FRA,2,1393.89099121,2016-11-04,2016-11-04
None,Amiens,FRA,2,1392.02575684,2016-11-05,2016-11-19
None,Amiens,FRA,2,1396.9753418,2016-11-20,2016-11-22
None,Amiens,FRA,2,1402.29968262,2016-11-23,2016-11-23
None,Amiens,FRA,2,1402.90405273,2016-11-24,2016-11-24
None,Amiens,FRA,2,1399.75170898,2016-11-25,2016-11-26
None,Amiens,FRA,2,1413.60961914,2016-11-27,2016-11-29
None,Amiens,FRA,2,1415.03271484,2016-11-30,2016-12-06
None,Amiens,FRA,2,1411.91040039,2016-12-07,2016-12-07
None,Amiens,FRA,2,1408.3215332,2016-12-08,2016-12-08
None,Amiens,FRA,2,1414.23168945,2016-12-09,2016-12-09
None,Amiens,FRA,2,1405.18798828,2016-12-10,2016-12-16
None,Amiens,FRA,2,1406.7668457,2016-12-17,2017-01-14
None,Amiens,FRA,2,1413.20300293,2017-01-15,2017-01-20
None,Amiens,FRA,2,1407.11816406,2017-01-21,2017-01-28
None,Amiens,FRA,2,1415.21276855,2017-01-29,2017-02-03
None,Amiens,FRA,2,1406.36682129,2017-02-04,2017-02-07
None,Amiens,FRA,2,1422.08068848,2017-02-08,2017-02-10
None,Amiens,FRA,2,1436.64453125,2017-02-11,2017-02-14
None,Amiens,FRA,2,1446.4543457,2017-02-15,2017-02-16
None,Amiens,FRA,2,1445.39819336,2017-02-17,2017-02-17
None,Amiens,FRA,2,1446.89904785,2017-02-18,2017-02-21
None,Amiens,FRA,2,1444.23779297,2017-02-22,2017-02-22
None,Amiens,FRA,2,1443.26367188,2017-02-23,2017-02-23
None,Amiens,FRA,2,1444.55200195,2017-02-24,2017-02-24
None,Amiens,FRA,2,1427.10803223,2017-02-25,2017-03-04
None,Amiens,FRA,2,1415.84777832,2017-03-05,2017-03-08
None,Amiens,FRA,2,1404.14855957,2017-03-09,2017-03-09
None,Amiens,FRA,2,1408.07165527,2017-03-10,2017-03-10
None,Amiens,FRA,2,1414.41467285,2017-03-11,2017-03-15
None,Amiens,FRA,2,1420.26257324,2017-03-16,2017-03-16
None,Amiens,FRA,2,1421.70495605,2017-03-17,2017-03-17
None,Amiens,FRA,2,1431.00109863,2017-03-18,2017-03-31
None,Amiens,FRA,2,1421.48803711,2017-04-01,2017-04-07
None,Amiens,FRA,2,1414.1003418,2017-04-08,2017-04-12
None,Amiens,FRA,2,1418.41516113,2017-04-13,2017-04-13
None,Amiens,FRA,2,1419.35095215,2017-04-14,2017-04-14
None,Amiens,FRA,2,1430.75854492,2017-04-15,2017-04-19
None,Amiens,FRA,2,1433.95507812,2017-04-20,2017-04-20
None,Amiens,FRA,2,1432.71643066,2017-04-21,2017-04-22
None,Amiens,FRA,2,1444.13769531,2017-04-23,2017-04-28
None,Amiens,FRA,2,1449.39746094,2017-04-29,2017-05-03
None,Amiens,FRA,2,1440.66503906,2017-05-04,2017-05-05
None,Amiens,FRA,2,1449.92529297,2017-05-06,2017-05-09
None,Amiens,FRA,2,1449.2845459,2017-05-10,2017-05-11
None,Amiens,FRA,2,1450.72216797,2017-05-12,2017-05-12
None,Amiens,FRA,2,1458.49035645,2017-05-13,2017-05-19
None,Amiens,FRA,2,1468.26904297,2017-05-20,2017-07-01
None,Amiens,FRA,1,1468.26904297,2017-07-02,2017-07-26
None,Amiens,FRA,1,1467.05126953,2017-07-27,2017-07-27
None,Amiens,FRA,1,1468.30712891,2017-07-28,2017-08-02
None,Amiens,FRA,1,1472.72106934,2017-08-03,2017-08-03
None,Amiens,FRA,1,1467.41821289,2017-08-04,2017-08-05
None,Amiens,FRA,1,1466.33520508,2017-08-06,2017-08-12
None,Amiens,FRA,1,1456.73388672,2017-08-13,2017-08-16
None,Amiens,FRA,1,1455.0703125,2017-08-17,2017-08-17
None,Amiens,FRA,1,1454.9140625,2017-08-18,2017-08-19
None,Amiens,FRA,1,1449.91955566,2017-08-20,2017-08-22
None,Amiens,FRA,1,1448.51013184,2017-08-23,2017-08-24
None,Amiens,FRA,1,1449.19372559,2017-08-25,2017-08-26
None,Amiens,FRA,1,1471.39074707,2017-08-27,2017-09-09
None,Amiens,FRA,1,1481.23071289,2017-09-10,2017-09-12
None,Amiens,FRA,1,1484.55163574,2017-09-13,2017-09-13
None,Amiens,FRA,1,1484.15014648,2017-09-14,2017-09-14
None,Amiens,FRA,1,1487.3548584,2017-09-15,2017-09-17
None,Amiens,FRA,1,1480.58898926,2017-09-18,2017-09-23
None,Amiens,FRA,1,1475.32006836,2017-09-24,2017-09-26
None,Amiens,FRA,1,1466.69287109,2017-09-27,2017-09-27
None,Amiens,FRA,1,1471.28259277,2017-09-28,2017-09-28
None,Amiens,FRA,1,1469.34069824,2017-09-29,2017-09-30
None,Amiens,FRA,1,1462.36706543,2017-10-01,2017-10-14
None,Amiens,FRA,1,1458.20703125,2017-10-15,2017-10-17
None,Amiens,FRA,1,1453.3885498,2017-10-18,2017-10-18
None,Amiens,FRA,1,1456.13305664,2017-10-19,2017-10-19
None,Amiens,FRA,1,1456.66381836,2017-10-20,2017-10-21
None,Amiens,FRA,1,1468.29455566,2017-10-22,2017-10-28
None,Amiens,FRA,1,1472.82275391,2017-10-29,2017-10-31
None,Amiens,FRA,1,1473.74645996,2017-11-01,2017-11-01
None,Amiens,FRA,1,1473.63000488,2017-11-02,2017-11-02
None,Amiens,FRA,1,1471.62988281,2017-11-03,2017-11-04
None,Amiens,FRA,1,1475.98498535,2017-11-05,2017-11-17
None,Amiens,FRA,1,1482.74597168,2017-11-18,2017-11-20
None,Amiens,FRA,1,1498.81347656,2017-11-21,2017-11-21
None,Amiens,FRA,1,1490.75537109,2017-11-22,2017-11-22
None,Amiens,FRA,1,1491.85681152,2017-11-23,2017-11-23
None,Amiens,FRA,1,1492.49865723,2017-11-24,2017-11-25
None,Amiens,FRA,1,1505.21228027,2017-11-26,2017-11-28
None,Amiens,FRA,1,1512.31494141,2017-11-29,2017-12-02
None,Amiens,FRA,1,1505.9296875,2017-12-03,2017-12-05
None,Amiens,FRA,1,1503.4519043,2017-12-06,2017-12-06
None,Amiens,FRA,1,1499.74719238,2017-12-07,2017-12-07
None,Amiens,FRA,1,1493.30358887,2017-12-08,2017-12-10
None,Amiens,FRA,1,1489.43615723,2017-12-11,2017-12-16
None,Amiens,FRA,1,1483.01098633,2017-12-17,2017-12-20
None,Amiens,FRA,1,1475.7322998,2017-12-21,2018-01-13
None,Amiens,FRA,1,1472.64440918,2018-01-14,2018-01-17
None,Amiens,FRA,1,1473.52368164,2018-01-18,2018-01-20
None,Amiens,FRA,1,1486.32751465,2018-01-21,2018-01-27
None,Amiens,FRA,1,1481.14025879,2018-01-28,2018-02-03
None,Amiens,FRA,1,1469.06481934,2018-02-04,2018-02-10
None,Amiens,FRA,1,1465.25732422,2018-02-11,2018-02-14
None,Amiens,FRA,1,1463.15686035,2018-02-15,2018-02-15
None,Amiens,FRA,1,1466.85083008,2018-02-16,2018-02-17
None,Amiens,FRA,1,1466.72009277,2018-02-18,2018-02-22
None,Amiens,FRA,1,1469.05944824,2018-02-23,2018-02-24
None,Amiens,FRA,1,1481.76672363,2018-02-25,2018-03-03
None,Amiens,FRA,1,1471.99865723,2018-03-04,2018-03-06
None,Amiens,FRA,1,1469.89807129,2018-03-07,2018-03-08
None,Amiens,FRA,1,1476.6854248,2018-03-09,2018-03-10
None,Amiens,FRA,1,1480.29760742,2018-03-11,2018-03-15
None,Amiens,FRA,1,1477.52258301,2018-03-16,2018-03-17
None,Amiens,FRA,1,1475.60705566,2018-03-18,2018-04-01
None,Amiens,FRA,1,1486.98071289,2018-04-02,2018-04-05
None,Amiens,FRA,1,1485.2109375,2018-04-06,2018-04-07
None,Amiens,FRA,1,1497.1776123,2018-04-08,2018-04-12
None,Amiens,FRA,1,1504.26416016,2018-04-13,2018-04-14
None,Amiens,FRA,1,1500.83105469,2018-04-15,2018-04-21
None,Amiens,FRA,1,1509.70056152,2018-04-22,2018-04-26
None,Amiens,FRA,1,1513.54858398,2018-04-27,2018-04-28
None,Amiens,FRA,1,1520.70654297,2018-04-29,2018-05-03
None,Amiens,FRA,1,1520.73339844,2018-05-04,2018-05-04
None,Amiens,FRA,1,1528.23828125,2018-05-05,2018-05-12
None,Amiens,FRA,1,1535.87036133,2018-05-13,2018-05-16
None,Amiens,FRA,1,1533.02526855,2018-05-17,2018-05-19
None,Amiens,FRA,1,1530.83508301,2018-05-20,2018-07-26
None,Amiens,FRA,1,1531.07141113,2018-07-27,2018-08-02
None,Amiens,FRA,1,1531.23071289,2018-08-03,2018-08-09
None,Amiens,FRA,1,1532.65393066,2018-08-10,2018-08-12
None,Amiens,FRA,1,1529.50183105,2018-08-13,2018-08-16
None,Amiens,FRA,1,1529.67504883,2018-08-17,2018-08-18
None,Amiens,FRA,1,1521.40905762,2018-08-19,2018-08-23
None,Amiens,FRA,1,1522.0333252,2018-08-24,2018-08-25
None,Amiens,FRA,1,1537.38635254,2018-08-26,2018-08-30
None,Amiens,FRA,1,1541.9239502,2018-08-31,2018-09-02
None,Amiens,FRA,1,1545.92834473,2018-09-03,2018-09-15
None,Amiens,FRA,1,1536.72851562,2018-09-16,2018-09-18
None,Amiens,FRA,1,1532.43273926,2018-09-19,2018-09-19
None,Amiens,FRA,1,1538.1427002,2018-09-20,2018-09-20
None,Amiens,FRA,1,1531.32580566,2018-09-21,2018-09-22
None,Amiens,FRA,1,1520.85437012,2018-09-23,2018-09-26
None,Amiens,FRA,1,1530.52734375,2018-09-27,2018-09-29
None,Amiens,FRA,1,1523.34680176,2018-09-30,2018-10-02
None,Amiens,FRA,1,1522.28601074,2018-10-03,2018-10-03
None,Amiens,FRA,1,1520.3996582,2018-10-04,2018-10-04
None,Amiens,FRA,1,1510.15002441,2018-10-05,2018-10-06
None,Amiens,FRA,1,1517.05908203,2018-10-07,2018-10-20
None,Amiens,FRA,1,1515.0435791,2018-10-21,2018-10-23
None,Amiens,FRA,1,1515.79846191,2018-10-24,2018-10-24
None,Amiens,FRA,1,1514.93786621,2018-10-25,2018-10-25
None,Amiens,FRA,1,1505.78894043,2018-10-26,2018-10-27
None,Amiens,FRA,1,1497.02563477,2018-10-28,2018-11-03
None,Amiens,FRA,1,1492.54406738,2018-11-04,2018-11-06
None,Amiens,FRA,1,1485.34887695,2018-11-07,2018-11-07
None,Amiens,FRA,1,1484.50061035,2018-11-08,2018-11-08
None,Amiens,FRA,1,1481.82946777,2018-11-09,2018-11-10
None,Amiens,FRA,1,1491.69018555,2018-11-11,2018-11-25
None,Amiens,FRA,1,1484.58789062,2018-11-26,2018-11-27
None,Amiens,FRA,1,1486.22875977,2018-11-28,2018-11-28
None,Amiens,FRA,1,1487.82312012,2018-11-29,2018-11-29
None,Amiens,FRA,1,1490.86584473,2018-11-30,2018-12-01
None,Amiens,FRA,1,1481.11853027,2018-12-02,2018-12-04
None,Amiens,FRA,1,1472.58435059,2018-12-05,2018-12-08
None,Amiens,FRA,1,1481.9934082,2018-12-09,2018-12-11
None,Amiens,FRA,1,1481.21533203,2018-12-12,2018-12-12
None,Amiens,FRA,1,1482.47924805,2018-12-13,2018-12-13
None,Amiens,FRA,1,1481.68762207,2018-12-14,2018-12-23
None,Amiens,FRA,1,1486.45043945,2018-12-24,2019-01-08
None,Amiens,FRA,1,1486.41210938,2019-01-09,2019-01-12
None,Amiens,FRA,1,1483.96337891,2019-01-13,2019-01-18
None,Amiens,FRA,1,1479.49597168,2019-01-19,2019-01-27
None,Amiens,FRA,1,1476.05834961,2019-01-28,2019-02-02
None,Amiens,FRA,1,1471.9876709,2019-02-03,2019-02-09
None,Amiens,FRA,1,1478.60546875,2019-02-10,2019-02-12
None,Amiens,FRA,1,1483.13537598,2019-02-13,2019-02-14
None,Amiens,FRA,1,1481.99230957,2019-02-15,2019-02-16
None,Amiens,FRA,1,1476.87988281,2019-02-17,2019-02-19
None,Amiens,FRA,1,1477.3182373,2019-02-20,2019-02-21
None,Amiens,FRA,1,1486.48181152,2019-02-22,2019-02-23
None,Amiens,FRA,1,1496.42016602,2019-02-24,2019-03-02
None,Amiens,FRA,1,1501.20776367,2019-03-03,2019-03-06
None,Amiens,FRA,1,1493.48303223,2019-03-07,2019-03-07
None,Amiens,FRA,1,1497.71984863,2019-03-08,2019-03-09
None,Amiens,FRA,1,1506.1114502,2019-03-10,2019-03-13
None,Amiens,FRA,1,1504.6217041,2019-03-14,2019-03-14
None,Amiens,FRA,1,1499.47766113,2019-03-15,2019-03-16
None,Amiens,FRA,1,1502.46435547,2019-03-17,2019-03-31
None,Amiens,FRA,1,1503.2734375,2019-04-01,2019-04-06
None,Amiens,FRA,1,1505.24450684,2019-04-07,2019-04-12
None,Amiens,FRA,1,1505.87768555,2019-04-13,2019-04-21
None,Amiens,FRA,1,1500.0222168,2019-04-22,2019-04-28
None,Amiens,FRA,1,1500.40014648,2019-04-29,2019-05-05
None,Amiens,FRA,1,1504.95178223,2019-05-06,2019-05-11
None,Amiens,FRA,1,1503.71105957,2019-05-12,2019-05-18
None,Amiens,FRA,1,1496.06066895,2019-05-19,2019-05-24
None,Amiens,FRA,1,1502.39697266,2019-05-25,2019-07-25
None,Amiens,FRA,1,1503.45812988,2019-07-26,2019-08-01
None,Amiens,FRA,1,1503.43395996,2019-08-02,2019-08-08
None,Amiens,FRA,1,1503.81604004,2019-08-09,2019-08-10
None,Amiens,FRA,1,1499.06408691,2019-08-11,2019-08-15
None,Amiens,FRA,1,1499.40576172,2019-08-16,2019-08-17
None,Amiens,FRA,1,1510.94177246,2019-08-18,2019-08-22
None,Amiens,FRA,1,1513.48425293,2019-08-23,2019-08-24
None,Amiens,FRA,1,1505.30322266,2019-08-25,2019-08-29
None,Amiens,FRA,1,1500.80114746,2019-08-30,2019-08-31
None,Amiens,FRA,1,1490.96643066,2019-09-01,2019-09-13
None,Amiens,FRA,1,1495.79187012,2019-09-14,2019-09-17
None,Amiens,FRA,1,1492.83044434,2019-09-18,2019-09-18
None,Amiens,FRA,1,1497.1015625,2019-09-19,2019-09-19
None,Amiens,FRA,1,1493.37268066,2019-09-20,2019-09-21
None,Amiens,FRA,1,1503.34472656,2019-09-22,2019-09-25
None,Amiens,FRA,1,1492.00927734,2019-09-26,2019-09-28
None,Amiens,FRA,1,1496.05664062,2019-09-29,2019-10-01
None,Amiens,FRA,1,1497.62805176,2019-10-02,2019-10-02
None,Amiens,FRA,1,1502.2421875,2019-10-03,2019-10-03
None,Amiens,FRA,1,1500.46044922,2019-10-04,2019-10-04
None,Amiens,FRA,1,1515.08947754,2019-10-05,2019-10-19
None,Amiens,FRA,1,1517.91955566,2019-10-20,2019-10-22
None,Amiens,FRA,1,1523.49047852,2019-10-23,2019-10-23
None,Amiens,FRA,1,1522.57897949,2019-10-24,2019-10-24
None,Amiens,FRA,1,1516.06567383,2019-10-25,2019-10-27
None,Amiens,FRA,1,1520.21472168,2019-10-28,2019-11-02
None,Amiens,FRA,1,1527.40625,2019-11-03,2019-11-05
None,Amiens,FRA,1,1529.58874512,2019-11-06,2019-11-06
None,Amiens,FRA,1,1530.72338867,2019-11-07,2019-11-07
None,Amiens,FRA,1,1527.38000488,2019-11-08,2019-11-10
None,Amiens,FRA,1,1519.80114746,2019-11-11,2019-11-23
None,Amiens,FRA,1,1502.4197998,2019-11-24,2019-11-26
None,Amiens,FRA,1,1503.26965332,2019-11-27,2019-11-27
None,Amiens,FRA,1,1497.69458008,2019-11-28,2019-11-28
None,Amiens,FRA,1,1494.67626953,2019-11-29,2019-11-30
None,Amiens,FRA,1,1488.8236084,2019-12-01,2019-12-07
None,Amiens,FRA,1,1480.30883789,2019-12-08,2019-12-10
None,Amiens,FRA,1,1480.01416016,2019-12-11,2019-12-11
None,Amiens,FRA,1,1481.13757324,2019-12-12,2019-12-12
None,Amiens,FRA,1,1484.45275879,2019-12-13,2019-12-14
None,Amiens,FRA,1,1483.01953125,2019-12-15,2019-12-21
None,Amiens,FRA,1,1481.47851562,2019-12-22,2020-01-11
None,Amiens,FRA,1,1475.38989258,2020-01-12,2020-01-15
None,Amiens,FRA,1,1477.1628418,2020-01-16,2020-01-25
None,Amiens,FRA,1,1471.92980957,2020-01-26,2020-02-01
None,Amiens,FRA,1,1469.05749512,2020-02-02,2020-02-05
None,Amiens,FRA,1,1475.68310547,2020-02-06,2020-02-08
None,Amiens,FRA,1,1468.85241699,2020-02-09,2020-02-15
None,Amiens,FRA,1,1476.64257812,2020-02-16,2020-02-18
None,Amiens,FRA,1,1475.01757812,2020-02-19,2020-02-22
None,Amiens,FRA,1,1479.34509277,2020-02-23,2020-02-26
None,Amiens,FRA,1,1481.92468262,2020-02-27,2020-02-29
None,Amiens,FRA,1,1473.59362793,2020-03-01,2020-03-06
None,Amiens,FRA,1,1479.80749512,2020-03-07,2020-03-11
None,Amiens,FRA,1,1484.78833008,2020-03-12,2020-07-01
None,Amiens,FRA,2,1484.78833008,2020-07-02,2020-08-07
None,Amiens,FRA,2,1487.48620605,2020-08-08,2020-08-12
None,Amiens,FRA,2,1489.85424805,2020-08-13,2020-08-15
None,Amiens,FRA,2,1498.05151367,2020-08-16,2020-08-18
None,Amiens,FRA,2,1502.4576416,2020-08-19,2020-08-19
None,Amiens,FRA,2,1501.00646973,2020-08-20,2020-08-22
None,Amiens,FRA,2,1505.31787109,2020-08-23,2020-08-23
None,Amiens,FRA,2,1503.24865723,2020-08-24,2020-08-29
None,Amiens,FRA,2,1495.06652832,2020-08-30,2020-09-14
None,Amiens,FRA,2,1495.06652832,2020-09-15,2020-12-31


